database,source_id,pmid,pmcid,doi,title,abstract,authors,journal,year,record_url,nct_id,overall_status,databases_found,dedup_key
PubMed/MEDLINE,42569325,42569325,PMC13449468,10.1016/j.jlb.2026.100484,Early tumor-informed circulating tumor DNA (ctDNA) dynamics correlate with response to first-line advanced NSCLC treated with pembrolizumab ± chemotherapy.,"Immune checkpoint inhibitors (ICIs), alone or combined with chemotherapy, constitute the standard first-line treatment for advanced non-small cell lung cancer (NSCLC) without actionable oncogenic drivers. However, radiologic response assessment has limitations in capturing early biological treatment effects. Tumor-informed circulating tumor DNA (ctDNA) monitoring has emerged as a promising biomarker for early evaluation of treatment efficacy during immunotherapy. We conducted a prospective, single-center, longitudinal observational study including patients with stage IV NSCLC treated with first-line pembrolizumab with or without platinum-based chemotherapy between December 2021 and December 2024. Personalized, tumor-informed ctDNA assays (Signatera™, Natera, Inc.) were designed from tumor tissue and matched normal blood samples and applied to serial plasma samples collected at baseline (prior to ICI initiation) and every six weeks on-treatment. Early ctDNA dynamics were assessed from baseline to the first on-treatment assessment (six weeks post-treatment initiation) and were correlated with radiologic response assessed by RECIST v1.1, objective response rate (ORR), and progression-free survival (PFS). Fifteen patients were enrolled; baseline ctDNA positivity was observed in 13 (87%) patients. Among patients with ctDNA positivity, 11 (85%) experienced a molecular response characterized by ctDNA decrease (n = 1) or clearance (n = 10), while 2 (15%) showed an increase. Early molecular response was strongly associated with radiologic response, with a significantly higher ORR among patients with ctDNA clearance or decrease compared with those with ctDNA increase (91% vs 0%, p = 0.038). Early ctDNA change correlated with percentage change in target lesion size (Spearman R = 0.81, p < 0.001). Longitudinal monitoring demonstrated sustained ctDNA clearance or decrease in patients with durable disease control, while ctDNA positivity preceded radiologic progression. Patient-level survival analysis showed longer progression-free survival intervals predominantly among patients with early ctDNA clearance or decrease. Early clearance or decrease in ctDNA levels strongly predicted radiographic response in advanced NSCLC treated with first-line pembrolizumab with or without chemotherapy. ctDNA dynamics may complement radiological assessment and support more personalized, timely, and biologically informed treatment decisions in advanced NSCLC.",Enrico D; Vargas G; Wulfson G; Pupareli C; Tsou F; Peralta Tanco D; Waisberg F; Coradini L; Revelli Ling M; Chacón M; Borea R; Rolfo C; Martín C,The journal of liquid biopsy,2026,https://pubmed.ncbi.nlm.nih.gov/42569325/,,,"[""Europe PMC"", ""PubMed/MEDLINE""]",pmid:42569325
PubMed/MEDLINE,42587156,42587156,,10.1038/s41586-026-10925-6,Biomarkers of nivolumab benefit in resectable non-small cell lung cancer.,"Perioperative nivolumab significantly improved event-free survival (EFS) compared with placebo in patients with resectable non-small cell lung cancer (NSCLC) in the CheckMate 77T study (ClinicalTrials.gov NCT04025879 )1. Here, after randomization, 98 out of 229 patients who received nivolumab and 92 out of 232 patients who received placebo had evaluable biomarkers (41% of randomized patients). Of the 98 patients receiving nivolumab, 83 (85%) had detectable circulating tumour DNA (ctDNA) before initiating neoadjuvant treatment and 90 (92%) at neoadjuvant treatment completion. Of the 92 placebo-treated patients, 75 (82%) had detectable ctDNA at the treatment start and 78 (85%) at completion. Among the 98 nivolumab-treated patients, 76 (78%) had detectable and evaluable ctDNA before and after neoadjuvant treatment, and 50 of them (66%) had pre-surgical ctDNA clearance, and 25 out of 50 (50%) had pathologic complete response (pCR). For the placebo-treated group, these values were 64 out 92 (70%) for detectable and evaluable ctDNA before and after neoadjuvant treatment, and 24 out of 64 (38%) had pre-surgical ctDNA clearance, and 3 out of 24 (12%) had pCR. Furthermore, 4 out of 48 (8%) patients in the nivolumab group and 9 out of 44 (20%) in the placebo group who were negative for molecular residual disease (MRD) after surgery and before adjuvant treatment initiation became positive during the adjuvant treatment period; all had disease recurrence. EFS seemed to be prolonged with nivolumab (n = 60) versus placebo (n = 45) in patients with single or co-alterations in any of the KEAP1, STK11, CDKN2A and/or SMARCA4 driver genes (hazard ratio, 0.48; 95% confidence interval, 0.28-0.83). In a machine-learning model trained using biomarker-evaluable patients, top predictors of prolonged EFS included pre-surgical ctDNA clearance, non-N2 NSCLC, pCR, squamous tumour histology and nivolumab treatment. These findings provide insights into predictive markers for outcomes with perioperative nivolumab in resectable NSCLC.",Cascone T; Awad MM; Spicer JD; He J; Lu S; Tanaka F; Cornelissen R; Petruzelka LB; Gao Y; Pujol JL; Ito H; de Oliveira Muniz Koch L; Ciuleanu TE; Wu L; Bohnet S; Watanabe Y; Taube JM; Deutsch JS; Erdmann CC; Meadows-Shropshire S; Neely J; Ip V; Hung YH; Sathyanarayana P; Bhatia S; Chu K; Blum SI; Lucherini S; Eddy N; Yadav A; Provencio M,Nature,2026,https://pubmed.ncbi.nlm.nih.gov/42587156/,,,"[""Europe PMC"", ""PubMed/MEDLINE""]",pmid:42587156
PubMed/MEDLINE,42447505,42447505,PMC13446097,10.1158/2767-9764.crc-26-0070,Evaluation of Biomarkers for Sacituzumab Govitecan in Metastatic Non-Small Cell Lung Cancer: Insights From the EVOKE-01 Study.,"This exploratory analysis assessed predictive biomarkers for sacituzumab govitecan (SG) in the open-label, phase III EVOKE-01 study of SG versus docetaxel in non-small cell lung cancer (NSCLC). Trophoblast cell-surface antigen (Trop) 2 membrane protein expression was analyzed using immunohistochemistry in the Trop-2 biomarker-evaluable population (BEP). Circulating tumor DNA (ctDNA) analyses evaluated baseline and reduction of ctDNA with treatment and identified oncogenic driver alterations (KRAS, TP53, KEAP1, and STK11) and other relevant mutations in the ctDNA BEP. The median overall survival (OS) with SG versus docetaxel was 8.9 versus 9.8 months [hazard ratio (HR) = 0.96; 95% CI, 0.68-1.38] and 11.8 versus 10.7 months (HR = 0.89; 95% CI, 0.60-1.32) in subgroups with Trop-2 histologic scores greater than or equal to the median and less than the median, respectively. As expected, the median OS was longest in patients with undetectable baseline ctDNA. Reduction in ctDNA was observed after the first cycle with either treatment. KRAS driver alterations and potential immunotherapy resistance mutations (TP53, KEAP1, and STK11) were negative prognostic factors. Patients with TP53 mutations derived more benefit from SG than docetaxel. SG activity was observed independent of DNA damage repair (DDR) mutations. Trop-2 expression did not identify patients benefiting more from SG than from docetaxel. ctDNA reduction supported SG as active therapy in NSCLC. Evaluation of clinically relevant biomarkers in NSCLC identified KRAS, TP53, STK11, and KEAP1 mutations as negative prognostic factors in these second line-treated patients. The biomarker analyses of the phase III EVOKE-01 trial found that neither Trop-2 expression nor DDR alterations predicted benefit with SG versus docetaxel. Reduction in ctDNA in both treatment arms confirmed the activity of SG in this population. Further evaluation of predictive biomarkers for SG response in NSCLC is warranted.",Felip E; Kuo P; Garrido P; Chouaid C; Mountzios G; Tiseo M; Daniel DB; Zavodovskaya M; Tang S; Su-Feher L; Patel R; Park JK; Jürgensmeier JM; Summers Y,Cancer research communications,2026,https://pubmed.ncbi.nlm.nih.gov/42447505/,,,"[""Europe PMC"", ""PubMed/MEDLINE""]",pmid:42447505
PubMed/MEDLINE,42489696,42489696,,10.1158/1078-0432.ccr-26-0656,Landmark ctDNA molecular response represents an early predictor of immunotherapy outcomes in lung cancer: A clinical validity study.,"Circulating tumor DNA (ctDNA) analyses are informative as an early indicator of immunotherapy response in advanced non-small cell lung cancer (NSCLC); however, the clinical value of ctDNA molecular response requires further validation. As part of a prospective clinical protocol (NCT05995821), we conducted targeted error-correction sequencing of ctDNA (n=328) and matched WBC DNA (n=109) from 109 patients with metastatic NSCLC who received anti-PD-(L)1 either as monotherapy or in combination. Following cellular origin resolution of 2,818 variants, landmark molecular response (mR) was defined as undetectable ctDNA within 3-9 weeks of treatment initiation. Pre-treatment ctDNA burden, but not blood tumor mutation burden, predicted survival. Implementing a tumor-naïve WBC DNA-informed approach increased the number of evaluable cases without compromising the overall accuracy of landmark ctDNA molecular responses. A direct comparison of single-timepoint on-therapy ctDNA assessment with ctDNA dynamics from baseline to the 3-9-week interval, along with an analysis of heterogeneity in molecular response within the 3-9-week window, showed that undetectable ctDNA at the landmark timepoint can effectively predict survival outcomes. A significant enrichment in landmark ctDNA mR was noted among patients with progression-free survival (PFS) ≥6 months on immunotherapy (p=2.5e-05) or chemo-immunotherapy (p=0.02). Patients in the landmark mR group had longer progression-free (p=1.6e-06) and overall survival (p=2.5e-05) than those with molecular progression. Landmark ctDNA molecular response provides a real-time, accurate approach for monitoring immunotherapy clinical outcomes. Although not currently validated for regulatory use, these findings demonstrate the potential validity of ctDNA as an early endpoint of immunotherapy response.",Niknafs N; Sivapalan L; Balan A; Wehr J; Pereira G; Hosseini-Nami S; Rao N; Jolly S; Velliangiri K; Beadles I; Loftus T; Chesnick B; Medina J; Xiao W; Pabani A; Marrone KA; Li QK; Murray JC; Rinaldi L; Dracopoli NC; Sausen M; Hann CL; Scott SC; Feliciano J; Lam VK; Levy B; Velculescu VE; Brahmer JR; Forde PM; Vellanki PJ; Anagnostou V,Clinical cancer research : an official journal of the American Association for Cancer Research,2026,https://pubmed.ncbi.nlm.nih.gov/42489696/,,,"[""Europe PMC"", ""PubMed/MEDLINE""]",pmid:42489696
PubMed/MEDLINE,42059900,42059900,,10.1158/1078-0432.ccr-25-4983,Early ctDNA Stratifies Survival in Locally Advanced and Oligometastatic Lung Cancer Treated with Radiotherapy.,"Circulating tumor fraction estimate (ctFE) is a machine learning-derived composite metric of circulating tumor DNA (ctDNA) burden. We hypothesized that pre-treatment and early on-treatment ctFE could robustly risk-stratify patients with locally advanced (LA) and oligometastatic non-small cell lung cancer (NSCLC) treated with radiotherapy (RT). In a prospective phase II clinical trial (NCT03916419), 26 patients with unresectable stage IIB to IIIC NSCLC received magnetic resonance (MR)-guided hypofractionated chemoradiotherapy (chemoRT) followed by immunotherapy. Plasma ctDNA was profiled at baseline and mid-treatment (days 10-14) to derive ctFE and maximum variant allele frequency (Max VAF). A burden-based ctFE threshold derived from baseline samples was applied unchanged to mid-treatment samples and validated in two external cohorts: LA NSCLC treated with chemoRT (LA-RW; n = 94) and oligometastatic NSCLC treated with RT (OM-RW; n = 309). Pre- and mid-treatment ctFE burden strongly stratified overall survival (OS) and progression-free survival (PFS), outperforming Max VAF and ctFE detectability. The baseline ctFE was prognostic for OS (HR 5.93, P = 0.005) and PFS (HR 11.08, P < 0.001) and remained significant at mid-treatment (OS: HR 7.08; PFS: HR 12.06; both P < 0.001). Early ctFE dynamics defined three molecular response groups with OS separation (median OS 60.8 vs. 13.0 vs. 2.9 months; P < 0.001). ctFE remained associated with survival in both validation cohorts. Early ctFE derived from a clinically available, tumor-naïve ctDNA assay enables noninvasive risk stratification in LA and oligometastatic NSCLC treated with RT, supporting its use as a practical biomarker for precision treatment adaptation.",Hashmi A; Linford J; Chauhan PS; Parikh K; Pillai M; Guittar J; Ben-Shachar R; Patel J; Nimeiri H; Bergsagel M; Semenkovich NP; Park SS; Olivier KR; Owen D; Routman DM; Lee KN; Sherry AD; Mansfield AS; Morgensztern D; Govindan R; Robinson CG; Bergom C; Waqar SN; Samson PP; Pellini B; Vlacich GR; Chaudhuri AA,Clinical cancer research : an official journal of the American Association for Cancer Research,2026,https://pubmed.ncbi.nlm.nih.gov/42059900/,,,"[""Europe PMC"", ""PubMed/MEDLINE""]",pmid:42059900
PubMed/MEDLINE,42514200,42514200,PMC13412772,10.3390/life16071130,Diagnostic and Prognostic Roles of Blood-Based Immune Biomarkers in Non-Small Cell Lung Cancer: An Umbrella Review of Systematic Reviews and Meta-Analyses.,"Blood-based biomarkers have emerged as promising, minimally invasive tools for the diagnosis, prognostic stratification, and treatment monitoring of non-small cell lung cancer (NSCLC), including markers of tumor burden, tumor dissemination, immune signaling, and post-transcriptional regulation. However, evidence across biomarker classes remains fragmented. This study aimed to synthesize published evidence on major blood-based biomarkers relevant to diagnosis, prognosis, treatment stratification, and monitoring in NSCLC. PubMed was searched for systematic reviews and meta-analyses of blood-based biomarkers in NSCLC. Of 356 screened records, 82 underwent full-text review, and 57 systematic reviews/meta-analyses were included. Biomarkers were grouped into four categories: circulating tumor DNA (ctDNA), circulating tumor cells (CTCs), cytokines/soluble immune proteins, and non-coding RNAs (ncRNAs). Reported pooled effect estimates were extracted by biomarker class and evidence domain, and the methodological quality of included reviews was assessed using AMSTAR 2. Evidence was unevenly distributed across biomarker classes and evidence domains. Circulating ncRNAs were mainly represented in diagnostic and prognostic evidence; selected diagnostic ncRNAs, including miR-145, miR-25, and circRNAs, showed reported AUCs ranging from 0.83 to 0.85. ctDNA was represented across diagnostic, prognostic, treatment-stratification, and dynamic monitoring evidence, with ctDNA positivity associated with poorer survival or recurrence outcomes and ctDNA clearance or decline associated with improved outcomes. CTC evidence was primarily prognostic, with CTC positivity associated with worse overall survival and disease-free survival. Soluble immune biomarker evidence was also primarily prognostic, with elevated soluble PD-L1 and IL-6 associated with adverse survival outcomes and limited exploratory monitoring evidence for exosomal PD-L1. Overall, the evidence suggested distinct but complementary roles across biomarker classes, although direct head-to-head comparisons were lacking. Blood-based biomarkers show potential to support diagnosis, prognosis, and longitudinal monitoring in NSCLC, but their reported utility differs by biomarker class and clinical context. In the available review-level evidence, ncRNAs were mainly represented in diagnostic and prognostic evidence, while ctDNA was represented across diagnostic, prognostic, treatment-stratification, and dynamic monitoring evidence. CTCs were mainly represented in prognostic evidence, and soluble immune biomarkers were primarily represented in prognostic evidence, with limited exploratory evidence for dynamic monitoring. Further assay standardization, prospective validation, and direct comparative studies are needed before these biomarkers can be routinely integrated into clinical practice.",Zhao P; Ling R; Li R; Kam YW,"Life (Basel, Switzerland)",2026,https://pubmed.ncbi.nlm.nih.gov/42514200/,,,"[""Europe PMC"", ""PubMed/MEDLINE""]",pmid:42514200
PubMed/MEDLINE,42353230,42353230,PMC13300314,10.3390/ijms27125518,The Predictive Role of ctDNA and CTCs in Patients with Advanced Non-Small Cell Lung Cancer Receiving Immunotherapy: A Systematic Review and Meta-Analysis.,"Circulating tumour DNA (ctDNA) and circulating tumour cells (CTCs) have emerged as promising non-invasive biomarkers for the immunotherapy response in advanced non-small cell lung cancer (NSCLC). However, their clinical utility remains uncertain due to variability in findings across studies. We conducted a systematic review and meta-analysis of studies from 2014 to 2024, assessing the predictive value of ctDNA and CTCs in advanced NSCLC patients receiving immunotherapy. Primary outcomes were progression-free survival (PFS) and overall survival (OS). Forty-four studies were included (28 ctDNA, 16 CTC cohorts). High baseline ctDNA was associated with worse OS (pooled HR = 1.38, 95% CIs: 1.17-1.63), while baseline CTC detection predicted worse PFS (pooled HR of 3.65 (95% CIs: 1.58-8.41) and OS (pooled HR = 2.30, 95% CIs: 1.54-3.44). An on-treatment ctDNA decrease or clearance was associated with improved PFS (pooled HR = 0.34, 95% CIs: 0.25-0.47) and OS (pooled HR = 0.33, 95% CIs: 0.24-0.44). Evidence for other ctDNA- and CTC-derived biomarkers (blood tumour mutational burden, genomic alterations, dynamic CTC changes, and CTC PD-L1 expression) was limited or inconsistent. The interpretation of these findings is limited by heterogeneity in assay platforms, biomarker definitions, the analytical threshold, and sampling timepoints across studies. While ctDNA and CTCs show significant potential as predictive biomarkers in advanced NSCLC, further validation is needed in larger prospective studies using standardized assays. At present, ctDNA and CTC monitoring can complement but cannot replace radiological assessments in guiding immunotherapy decisions for NSCLC patients.",Kakouri AC; Spiliotaki M; Deltas C; Papagregoriou G; Charalambous H,International journal of molecular sciences,2026,https://pubmed.ncbi.nlm.nih.gov/42353230/,,,"[""Europe PMC"", ""PubMed/MEDLINE""]",pmid:42353230
PubMed/MEDLINE,42344896,42344896,PMC13287079,10.3389/fimmu.2026.1812209,Prognostic utility of circulating tumor DNA assessment in immune checkpoint inhibitor-treated advanced non-small cell lung cancer: a systematic review and meta-analysis.,"This meta-analysis aimed to assess the prognostic value of circulating tumor DNA (ctDNA) in predicting progression-free survival (PFS) and overall survival (OS) of advanced non-small cell lung cancer (NSCLC) patients treated with immune checkpoint inhibitors (ICIs), thereby providing evidence-based support for clinical decision-making. Six major English and Chinese databases (PubMed, Embase, Cochrane Library, etc.) were scanned from inception to August 2025. Studies evaluating the association between ctDNA and survival outcomes in advanced NSCLC patients receiving ICIs were included. Thirty-one eligible studies (2,107 patients) were selected following predefined criteria. Study quality was evaluated using Cochrane RoB-2 and the Newcastle-Ottawa Scale (NOS). Hazard ratios (HRs) and 95% confidence intervals (95% CIs) were pooled using random/fixed-effects models. Heterogeneity was assessed via Cochran's Q test and I2 statistics. Subgroup analyses, sensitivity tests, and funnel plots were conducted to evaluate robustness and publication bias. Patients with undetectable ctDNA at baseline showed significantly prolonged PFS (HR = 0.49, 95% CI: 0.34-0.70, P < 0.01) and OS (HR = 0.45, 95% CI: 0.32-0.65, P < 0.01). Patients achieving ctDNA reduction or response during treatment exhibited substantial PFS (HR = 0.27, 95% CI: 0.21-0.35, P < 0.01) and OS (HR = 0.23, 95% CI: 0.17-0.31, P < 0.01) benefits, with complete molecular response (100% reduction in variant allele frequency, VAF) demonstrating the strongest predictive power, characterized by the lowest heterogeneity and favorable HRs for PFS (HR = 0.27, 95% CI: 0.18-0.41, P < 0.01) and OS (HR = 0.19, 95% CI: 0.12-0.29, P < 0.01). Subgroup analyses revealed three key patterns: superior predictive value in combination therapy versus monotherapy; higher sensitivity of next-generation sequencing (NGS) over digital polymerase chain reaction (PCR); and enhanced predictive power in later-line therapy compared to first-line therapy. Sensitivity analyses confirmed the stability of the results. Baseline ctDNA status and early dynamic changes are reliable prognostic indicators in advanced NSCLC patients receiving ICI therapy, particularly in combination regimens and cases achieving complete molecular clearance. These findings support ctDNA as a biomarker for personalized treatment strategies. https://www.crd.york.ac.uk/PROSPERO, CRD420251025308.",Wang Y; Wu S; Wei Y; Fan S; Xu Z; Li D; Teng Z; Wang J,Frontiers in immunology,2026,https://pubmed.ncbi.nlm.nih.gov/42344896/,,,"[""Europe PMC"", ""PubMed/MEDLINE""]",pmid:42344896
PubMed/MEDLINE,42331673,42331673,,10.1016/j.arbres.2026.05.021,Circulating Tumor DNA is Associated With Pathologic Response and Survival Outcomes in Patients With Non-Small Cell Lung Cancer Treated With Neoadjuvant Immunotherapy: A Systematic Review and Meta-Analysis.,"Circulating tumor DNA (ctDNA) has emerged as a robust biomarker for tumor burden and survival outcome prediction, but its role in neoadjuvant immunotherapy for non-small cell lung cancer (NSCLC) remains unclear. PubMed, Web of Science, and Embase databases, as well as major international meetings (ASCO and ESMO), were systematically searched through February 2026. Clinical trials reporting patients with stage IA-IIIB NSCLC receiving neoadjuvant immunotherapy and documenting ctDNA levels together with outcome data, including pathologic complete response (pCR), major pathologic response (mPR), event-free survival (EFS), and overall survival (OS), were included. Twelve studies comprising 10 clinical trials with 381 patients were included. Patients with ctDNA clearance had improved pCR (OR, 0.14; 95%CI, 0.05-0.40; I2=37.3%) and mPR (OR, 0.25; 95%CI, 0.07-0.85; I2=57%). This association was also observed in the subgroup receiving neoadjuvant chemoimmunotherapy for pCR (OR, 0.16; 95%CI, 0.05-0.49). ctDNA clearance was significantly associated with improved EFS (HR, 0.31; 95%CI, 0.21-0.46) and OS (HR, 0.31; 95%CI, 0.13-0.74). Pooled sensitivity for pCR prediction was 0.92 (95%CI, 0.79-1.00), specificity was 0.52 (95%CI, 0.44-0.59), positive predictive value was 0.49 (95%CI, 0.40-0.58), and negative predictive value was 0.92 (95%CI, 0.76-1.00). Significant heterogeneity was observed in diagnostic performance. ctDNA clearance before surgery correlates with pathologic response and survival outcomes in patients with NSCLC undergoing neoadjuvant immunotherapy. However, the prognostic utility of ctDNA clearance is limited by low specificity and substantial heterogeneity.",Song Q; Shang S; Zhai Z; Ma S; Li X; Mo Y; Yin S; Jiang A; Lin Y; Zhang R; Dong X; Yu J; Chen D,Archivos de bronconeumologia,2026,https://pubmed.ncbi.nlm.nih.gov/42331673/,,,"[""Europe PMC"", ""PubMed/MEDLINE""]",pmid:42331673
PubMed/MEDLINE,42456090,42456090,,10.1200/edbk-26-519336,"Navigating Multimodality Therapy in Non-Small Cell Lung Cancer: Neoadjuvant-Only Versus Perioperative Immunotherapy, Surgical Imperatives, and Future Approaches.","Neoadjuvant and perioperative immunotherapy have redefined the treatment landscape for select patients with early-stage and locally-advanced resectable non-small cell lung cancer (NSCLC). Immune checkpoint inhibitors targeting the PD-1/PD-L1 axis combined with platinum-based chemotherapy have achieved substantially higher rates of pathologic complete response and major pathologic response than chemotherapy alone, translating into meaningful improvements in event-free survival and, in select trials, overall survival. Despite this progress, several clinically important questions remain unanswered, including the relative value of neoadjuvant versus perioperative approaches, the optimal sequencing and duration of therapy, and how best to tailor treatment according to tumor biology, host features, and risk of disease recurrence. Emerging biomarkers such as PD-L1 expression, circulating tumor DNA dynamics, and pathologic response may help refine treatment selection although their role in routine decision making is still evolving. The integration of immunotherapy into curative-intent treatment also has important multidisciplinary implications. Accurate staging, appropriate biomarker testing, thoughtful considerations for multimodal therapy integration throughout the perioperative setting, high-quality surgical resection, and careful response assessment remain essential to maximize the benefit of systemic therapy. This review summarizes the current evidence supporting neoadjuvant and perioperative immunotherapy in resectable NSCLC and discusses key biomarkers, unresolved clinical questions, and the practical implications for multidisciplinary care.",Yavuz G; Wang M; Spicer JD; Cascone T; Corona-Cruz JF,American Society of Clinical Oncology educational book. American Society of Clinical Oncology. Annual Meeting,2026,https://pubmed.ncbi.nlm.nih.gov/42456090/,,,"[""Europe PMC"", ""PubMed/MEDLINE""]",pmid:42456090
PubMed/MEDLINE,42090629,42090629,,10.1200/po-25-00977,Potential of Minimal Residual Disease in Guiding Adjuvant Therapy Decisions in Non-Small Cell Lung Cancer.,"Circulating tumor DNA (ctDNA)-based minimal residual disease (MRD) detection has become a strong prognostic stratification factor in postoperation non-small cell lung cancer (NSCLC). Here, we sought to investigate the guiding potential of MRD in informing adjuvant therapy (AT) decisions. Patients with stage IA to IIIB NSCLC who had undergone confirmed R0 resection were enrolled. Blood samples were collected 1 month after surgery before initiation of AT (landmark) and longitudinally every 3-6 months since surgery. Postoperative AT was conducted according to the guideline recommendations, and regular radiographical examinations were recommended for relapse surveillance. MRD detection was conducted using the MinerVa platform (Genecast Precision Diagnostic Co., Ltd. Wuhan, China) using a tumor-informed strategy based on a fixed next-generation sequencing panel spanning 769 cancer-related genes. One hundred sixty-five patients were included in this study, with 35 (21.2%) relapses. At landmark, positive MRD was associated with shorter disease-free survival (DFS) than negative MRD (P < .001, hazard ratio, 12.0). MRD was an independent risk factor for shorter DFS, irrespective of the disease stage and high-risk factors. In the case of negative landmark MRD, there was no significant difference between the DFS of (1) those who received AT and those who did not in stage IB patients with high-risk factors (P = .974), (2) epidermal growth factor receptor (EGFR)-mutant patients with or without adjuvant chemotherapy before adjuvant targeted therapy (P = .502), and (3) EGFR/ALK wild-type with or without adjuvant immunotherapy (P = .534). Clearance of ctDNA during AT was associated with a better prognosis than persistently detected ctDNA (P < .001). ctDNA-based MRD stratifies prognosis after curative resection in NSCLC, with MRD negativity indicating limited benefit from treatment in selected patients and ctDNA clearance reflecting improved outcomes. These findings support the clinical utility of MRD-guided adjuvant treatment strategies.",Lei S; Yang Y; Jiang W; Xu H; Mao Y; Wang Y,JCO precision oncology,2026,https://pubmed.ncbi.nlm.nih.gov/42090629/,,,"[""Europe PMC"", ""PubMed/MEDLINE""]",pmid:42090629
PubMed/MEDLINE,42073604,42073604,PMC13114656,10.3390/cancers18081281,"Advances in Multi-Modal Biomarkers for Immunotherapy Response in Non-Small Cell Lung Cancer: ctDNA, Microbiome, and Radiomics.","Lung cancer remains the leading cause of cancer-related mortality worldwide, and although immunotherapy has transformed the treatment landscape of advanced non-small cell lung cancer (NSCLC), durable benefit is limited to a subset of patients. PD-L1 immunohistochemistry and tumor mutational burden, while clinically utilized, demonstrate imperfect predictive capacity, underscoring the need for more robust biomarkers. This review highlights emerging multimodal biomarkers-including circulating tumor DNA (ctDNA), the gut microbiome, and artificial intelligence (AI)-driven radiomics-as promising tools to enhance the prediction of immunotherapy response. Longitudinal ctDNA monitoring offers a minimally invasive method to assess tumor burden dynamics, detect early molecular response, distinguish pseudo-progression from true progression, and stratify risk, with ctDNA clearance correlating with improved survival outcomes. The gut microbiome has also been associated with ICI efficacy, as specific bacterial taxa and composite scoring systems correlate with treatment response, though methodological heterogeneity limits clinical translation. Radiomic analyses leveraging CT and PET imaging extract quantitative tumor features that, when integrated with clinical and molecular data, demonstrate improved predictive performance compared to single-modality approaches. Despite promising advances, challenges including assay standardization, external validation, data harmonization, interpretability of AI models, and infrastructure requirements remain barriers to widespread adoption. Multimodal integration of genomic, microbiome, and imaging biomarkers represents a critical step toward precision immuno-oncology, with prospective validation needed to translate these approaches into improved outcomes for patients with advanced NSCLC.",Chakrabarti T; Lee M,Cancers,2026,https://pubmed.ncbi.nlm.nih.gov/42073604/,,,"[""Europe PMC"", ""PubMed/MEDLINE""]",pmid:42073604
PubMed/MEDLINE,41982682,41982682,PMC13071762,10.21037/tlcr-2025-1-1477,"The 2025 lung cancer landscape: advances in screening, molecular taxonomy and therapeutic strategy: a narrative review.","In 2025, lung cancer research advanced rapidly across the disease continuum, from population-level risk assessment and screening to mechanistic studies of early carcinogenesis and therapeutic innovation in perioperative and metastatic settings. A key shift moved beyond a smoking-centred paradigm toward a multidimensional risk framework reflecting the growing burden among never-smokers and the roles of air pollution, occupational exposures, and systemic metabolic-inflammatory states. This narrative review aims to synthesize influential 2025 evidence across prevention, diagnosis, treatment, and survivorship, and to identify convergent themes and translational gaps relevant to clinical practice and policy. We performed a narrative synthesis of influential lung cancer studies published in major international journals in 2025. Evidence was organized along a clinically oriented pathway spanning carcinogenesis and screening, precision diagnosis, treatment optimization in resectable and advanced disease, and survivorship, emphasizing practice-informing trials, high-impact translational research, and implementation-relevant technologies. Lineage tracing, single-cell and spatial omics, and evolutionary inference refined concepts of field cancerization, clonal selection, and copy-number-driven fitness. In small-cell lung cancer, evidence further supported neuronal coupling and synapse-like programs as potentially tractable vulnerabilities. Clinically, low-dose computed tomography (CT) strategies and data-informed nodule thresholds aimed to balance under-detection against over-surveillance harms. In diagnostics, artificial intelligence (AI) models increasingly inferred molecular features from routine histopathology (""virtual molecular testing"") and should be regarded as decision support requiring prospective validation, population calibration, and explicit failure-mode reporting. Multimodal approaches integrating imaging with circulating tumor DNA (ctDNA) improved feasibility in tissue-limited settings, but clinical utility remains contingent on assay standardization and pathway-level implementation. In resectable disease, longer follow-up consolidated neoadjuvant chemo-immunotherapy for selected patients, while ctDNA kinetics emerged as a candidate biomarker for response-adaptive escalation and de-escalation. In advanced non-small cell lung cancer (NSCLC), phase III evidence for antibody-drug conjugates and bispecific antibodies began reshaping sequencing, while highlighting challenges in toxicity, access, affordability, and immature overall survival in several programs. The 2025 landscape reflects coordinated progress in risk conceptualization, biology, diagnostics, and therapeutics, yet gaps in validation, standardization, and real-world deliverability persist. Priorities include prospective evaluation of AI- and ctDNA-enabled pathways, toxicity-informed sequencing, and equitable implementation aligned with health-system capacity.",Fu W; Zou X; He T; Cai Q; Chen P; Cheng B; Feng Y; Li C; Li F; Li J; Wang H; Xiong S; Ye W; Zheng X; He J; Liang W,Translational lung cancer research,2026,https://pubmed.ncbi.nlm.nih.gov/41982682/,,,"[""Europe PMC"", ""PubMed/MEDLINE""]",pmid:41982682
PubMed/MEDLINE,41349913,41349913,,10.1016/j.canlet.2025.218203,Strategies to optimize duration of immunotherapy in advanced NSCLC: Current evidence and future directions.,"Immune checkpoint inhibitors have revolutionized the treatment of advanced non-small cell lung cancer, yet the optimal duration of therapy remains uncertain, raising concerns about cumulative toxicity, economic burden, and potential overtreatment. We analyzed the current evidence comparing fixed-duration regimens (typically capped at 2 years) with continuous treatment until disease progression or unacceptable toxicity, focusing on their impact on long-term survival, disease control, and adverse event risks. Biomarkers, particularly circulating tumor DNA kinetics, play a critical role in guiding individualized treatment duration, providing greater precision in monitoring disease response and tailoring therapy. Additionally, we discuss different approaches for managing patients after treatment discontinuation, such as rechallenging following immune-related adverse events (irAEs).This review summarizes the current evidence on fixed versus indefinite immunotherapy duration and proposes a biomarker-informed, patient-centered framework for optimizing immunotherapy duration, aiming to balance therapeutic efficacy and minimize toxicity.",Dong X; Li R; Yao X; Li Y; Chen W; An H; Chen J; Han C; Li Y,Cancer letters,2026,https://pubmed.ncbi.nlm.nih.gov/41349913/,,,"[""Europe PMC"", ""PubMed/MEDLINE""]",pmid:41349913
PubMed/MEDLINE,41358269,41358269,PMC12676938,10.3892/ol.2025.15399,Exploration of immunotherapy modalities in stage III unresectable non-small cell lung cancer (Review).,"In recent years, the treatment of stage III unresectable non-small cell lung cancer (NSCLC) has witnessed notable progress due to the application of immune checkpoint inhibitors, which markedly improved patient prognosis. On the basis of pivotal studies such as PACIFIC and GEMSTONE-301, immune consolidation therapy has become the standard regimen. Durvalumab consolidation therapy extended the median progression-free survival (mPFS) from 5.6 to 16.9 months [hazard ratio (HR)=0.55] and the median overall survival from 29.1 to 47.5 months (HR=0.72), thus increasing the 5-year survival rate by ~10%. Sugemalimab demonstrated similar benefits (mPFS, 9.0 vs. 5.8 months; HR=0.64). Currently, immune consolidation therapy serves as the core treatment strategy, whereas induction therapy and treatment de-escalation strategies provide novel options for specific patient populations. The optimization of treatment sequencing is being integrated with dynamic circulating tumor DNA (ctDNA) monitoring. ctDNA clearance after chemoradiotherapy indicates further remission and notably improved survival outcomes. Furthermore, emerging therapeutic modalities such as antibody-drug conjugates and bispecific antibodies are potentially expected to further reshape the treatment landscape in the future. The present review aimed to provide an evidence-based framework for individualized precision treatment for stage III unresectable NSCLC.",Ma J; Jiang J,Oncology letters,2026,https://pubmed.ncbi.nlm.nih.gov/41358269/,,,"[""Europe PMC"", ""PubMed/MEDLINE""]",pmid:41358269
PubMed/MEDLINE,41438843,41438843,PMC12720026,10.1016/j.jlb.2025.100449,Cancer in a drop: Liquid biopsy highlights from the World Conference on Lung Cancer (WCLC) 2025.,"The role of liquid biopsy in oncological care continues to expand, with multiple studies presented at the International Association for the Study of Lung Cancer (IASLC) 2025 World Conference on Lung Cancer (WCLC 2025). This review summarizes recent advances in liquid biopsy for thoracic oncology, encompassing both non-small cell lung cancer (NSCLC) and small cell lung cancer (SCLC). In early detection and screening, proteomic profiling has identified potential biomarkers predictive of future lung cancer risk. The integration of proteomics with clinical and imaging data can improve pulmonary nodule malignancy prediction. In resectable NSCLC, tumour-informed whole-genome sequencing (WGS) assay demonstrated high sensitivity for minimal residual disease (MRD) detection, with MRD clearance following neoadjuvant osimertinib or chemo-immunotherapy associated with favorable outcomes. In advanced NSCLC, longitudinal liquid biopsy analyses reveal dynamic subclonal evolution driving early treatment resistance. Circulating tumor DNA (ctDNA) clearance following targeted therapy in MET exon 14 skipping and BRAF-mutated tumors was associated with improved clinical outcomes. Emerging biomarkers such as ctDNA tumour fraction and circulating microRNA signatures are promising for radiotherapy stratification and prediction of immunotherapy-related toxicities. In SCLC, MRD monitoring enables earlier detection of disease progression and supports ctDNA-guided selection of patients for consolidation immunotherapy following chemotherapy. Overall, these advances demonstrate the expanding role of liquid biopsy in improving early detection, guiding treatment, and improving disease monitoring in lung cancer.",Ghazali N; Ortega-Franco A; de Miguel-Perez D; Saldanha EF; Venetis K; Pisapia P; Singhal S; Bleiberg BA; Reduzzi C; Borea R,The journal of liquid biopsy,2025,https://pubmed.ncbi.nlm.nih.gov/41438843/,,,"[""Europe PMC"", ""PubMed/MEDLINE""]",pmid:41438843
PubMed/MEDLINE,41287887,41287887,PMC12752622,10.1002/advs.202506565,Tumor-Informed ctDNA in Guiding First-Line Immunochemotherapy in Advanced Non-Small Cell Lung Cancers.,"Predictive biomarkers are urgently needed for first-line immune checkpoint inhibitors plus chemotherapy (ICI-chemo) in advanced non-small cell lung cancer (NSCLC). Circulating tumor DNA (ctDNA) reflects tumor burden and immunogenicity, potentially identifyinging of patients suitable for ICI-chemo. In this study, pre- and on - treatment tissue and plasma samples are prospectively collected and analyzed from the randomized phase III CHOICE-01 trial comparing ICI - chemo versus chemotherapy alone in advanced NSCLC. Pre-treatment tissue and plasma samples, as well as on-treatment plasma samples, are prospectively collected. Tumor-informed ctDNA detection is based on tissue-identified mutations. Among patients with tumor-informed ctDNA positivity, those receiving ICI-chemo experienced significantly improved-free survival (PFS) and overall survival (OS) compared to those receiving chemotherapy alone (PFS: HR 0.45, 95% CI 0.34-0.60; OS: HR 0.66, 95% CI 0.49-0.88; p = 0.0045). In contrast, no significant differences in PFS or OS are observed between treatment arms in the ctDNA-negative subgroup. The predictive value of tumor-informed ctDNA is independent of other immune biomarkers and superior to other ctDNA metrics. Validation in a combined cohort from RATIONALE 304/307 trials shows similar results. Furthermore, ctDNA clearance during treatment correlates with better clinical outcomes (log-rank p = 0.0004 for OS and p = 0.044 for PFS).",Fei K; Zhao J; Xu J; Duan J; Li C; Xie W; Zhong J; Wang G; Xu Y; Sun B; Wan R; Bai H; Guo Q; Guo W; Cai S; Wang Z; Wang J,"Advanced science (Weinheim, Baden-Wurttemberg, Germany)",2025,https://pubmed.ncbi.nlm.nih.gov/41287887/,,,"[""Europe PMC"", ""PubMed/MEDLINE""]",pmid:41287887
PubMed/MEDLINE,41278397,41278397,PMC12629878,10.1016/j.jtocrr.2025.100907,Evaluating Circulating Tumor DNA Clearance as an Early Intermediate End Point Predicting Clinical Benefit in Metastatic Nonsquamous NSCLC After First-Line Chemoimmunotherapy.,"In the first-line (1L) NSCLC setting, overall survival (OS) as a trial end point is increasingly challenging due to longer survival and confounding from novel later-line therapies. This study aims to evaluate whether circulating tumor DNA (ctDNA) clearance (alone or with radiographic response) is a reliable early surrogate end point for progression-free survival (PFS) and OS in 1L NSCLC studies. Data from a phase III trial (IMpower150) of patients with untreated metastatic nonsquamous NSCLC were used. ctDNA clearance, unconfirmed radiographic response, and confirmed radiographic response at approximately 6 months after treatment were evaluated as surrogates for PFS and OS. The meta-analytic approaches were used. The data were randomly split into four cohorts, treating each as an independent ""trial"" to simulate a multi-trial meta-analysis. This process was repeated 50 times for statistical robustness. ctDNA decline correlated with longer PFS and OS, with greater declines associated with better outcomes. Patients achieving ctDNA clearance (CL) by week 21 had the most significant PFS and OS improvements (p < 0.001). Radiographic response (Resp) within 6 months posttreatment was also associated with improved survival. Combined ctDNA_CL and Resp further enhanced prognostic discrimination. When comparing atezolizumab plus bevacizumab plus carboplatin plus paclitaxel versus bevacizumab plus carboplatin plus paclitaxel (BCP), the individual-level association between 6-month ctDNA CL plus Resp and survival yielded a global odds ratio of 2.06 (95% CI: 2.02-2.11) for PFS and 6.08 (95% CI: 5.92-6.23) for OS. Similar global odds ratios were observed for atezolizumab plus carboplatin plus paclitaxel versus BCP. For the atezolizumab plus bevacizumab plus carboplatin plus paclitaxel versus BCP comparison, cohort-level associations between 6-month ctDNA CL plus Resp and PFS were R2 WLS = 0.41 (95% CI: 0.33-0.50) and R2 copula = 0.38 (95% CI: 0.30-0.45), whereas associations with OS were R2 WLS = 0.48 (95% CI: 0.40-0.56) and R2 copula = 0.51 (95% CI: 0.43-0.60) at 6 months. Slightly lower cohort-level associations were observed for atezolizumab plus carboplatin plus paclitaxel versus BCP (R2 = 0.34-0.41). ctDNA decline is associated with improved survival outcomes in a clear dose-response manner. ctDNA clearance and radiologic response provide complementary prognostic information, and combining these end points (ctDNA_CL + Resp) can further improve prediction of PFS and OS. This combination also enhanced the correlation between treatment effects on the early end points and PFS/OS at the trial level. However, their overall ability to predict treatment effects at the trial level remained modest for both PFS and OS, likely due to the limited data from a single study. Further validation in larger, multi-trial data sets is needed to establish ctDNA clearance as a reliable early surrogate end point in first-line NSCLC.",Yuan M; Ding H; Zhuang W; Yang Y; Xu XS,JTO clinical and research reports,2025,https://pubmed.ncbi.nlm.nih.gov/41278397/,,,"[""Europe PMC"", ""PubMed/MEDLINE""]",pmid:41278397
PubMed/MEDLINE,41268635,41268635,PMC12688237,10.1080/14796694.2025.2591213,Study design and rationale for the NeoTRACE trial: a multicenter phase II study of neoadjuvant sacituzumab govitecan plus zimberelimab followed by adjuvant zimberelimab with or without sacituzumab govitecan in patients with resectable non-small cell lung cancer.,"Perioperative chemoimmunotherapy improves pathological complete response (pCR), EFS, and OS in patients with resectable NSCLC versus chemotherapy, as shown in several phase-III-trials. However, approximately 17-22% of patients did not proceed to surgery, partly due to toxicity, highlighting the need for more efficacious and tolerable regimens. NeoTRACE is a phase II, multicenter, single-arm study to evaluate neoadjuvant sacituzumab govitecan (SG) and the PD-1 inhibitor zimberelimab (ZIM) in resectable stage II to IIIB (N2) NSCLC with no known EGFR/ALK alterations. The trial plans to enroll 50 participants, with neoadjuvant treatment administered for four cycles before resection, followed by adjuvant ZIM with/without SG at the physicians' discretion. The primary endpoint is the rate of pCR in tumor and lymph nodes. Secondary endpoints include major pathological response, surgical resection rate, disease-free survival, OS, safety, and quality of life. The study also explores circulating tumor DNA (ctDNA) dynamics, TROP2 expression, and spatial transcriptomics to identify biomarkers. NeoTRACE assesses a platinum-sparing approach in resectable NSCLC. Previous studies showed ADC and immunotherapy combinations are effective in advanced NSCLC, suggesting potential perioperative benefit. This study aims to improve pCR rate, reduce toxicity, enhance surgical eligibility, and personalize adjuvant treatment to improve long-term outcomes.Clinical Trial Registration: EudraCT: 2024-517561-16.",Althoff FC; Acker F; Koschade S; Heinzen S; Aguinarte L; Rost M; Schulte H; Rohde G; Winter M; Schreiner W; Krause K; Grünwald V; Serve H; Oellerich T; Sebastian M,"Future oncology (London, England)",2025,https://pubmed.ncbi.nlm.nih.gov/41268635/,,,"[""Europe PMC"", ""PubMed/MEDLINE""]",pmid:41268635
PubMed/MEDLINE,40947345,40947345,,10.1016/j.cllc.2025.08.013,DISCERN: A Randomized Pilot Study Comparing Dual Versus Single Immune Checkpoint Blockade Plus Chemotherapy in PD-L1 Negative Advanced Non-Small Cell Lung Cancer.,"Immune checkpoint inhibitors (ICIs) have improved outcomes in metastatic non-small cell lung cancer (NSCLC), but benefit in tumors lacking PD-L1 expression remains limited. Dual checkpoint blockade may enhance antitumor immunity by overcoming an immunologically ""cold"" tumor microenvironment. Circulating tumor DNA (ctDNA) is an emerging early response biomarker. The DISCERN study (UAB 2432) is a single-center, randomized, open-label pilot trial comparing dual immune checkpoint blockade (nivolumab + ipilimumab) plus chemotherapy (Arm A) versus single ICI (pembrolizumab) plus chemotherapy (Arm B) in patients with PD-L1-negative, stage IV NSCLC. The study plans to enroll 24 patients. ctDNA positivity is required at baseline. ctDNA response is evaluated at Cycle 3 Day 1 using Guardant Infinity NGS platform. Primary endpoint is ctDNA molecular response. Secondary endpoints include RECIST-based response rates, progression-free survival (PFS), and overall survival (OS). DISCERN will provide novel insight into the comparative impact of dual versus single ICI regimens in PD-L1-negative NSCLC and the potential role of ctDNA clearance as an early marker of treatment efficacy in this subset of NSCLC.",Desai A; McNeeley E; Alhushki S; Haught M; Masjoan Juncos JX; Patel D; Brand J; McManus L; Bae S; Khalil M; Boumber Y,Clinical lung cancer,2025,https://pubmed.ncbi.nlm.nih.gov/40947345/,,,"[""Europe PMC"", ""PubMed/MEDLINE""]",pmid:40947345
PubMed/MEDLINE,39991958,39991958,PMC11853546,10.1080/2162402x.2025.2469377,Molecular and immunological features associated with long-term benefits in metastatic NSCLC patients undergoing immune checkpoint blockade.,"Immunotherapy is firmly established as a treatment regimen in various solid tumors, driven by its exceptional benefits in a selected group of patients. Despite widespread adoption of immune checkpoint blockade (ICB) across diverse solid tumors, the quest for a clinically informative biomarker for long-term benefit remains unmet. A total of 49 patients with metastatic NSCLC treated with ICB were included. Long-term (LTR) and short-term responders (STR) were defined as those with a response to ICB lasting more than 24 months or less than 6 months, respectively. Longitudinal blood specimens were collected before ICB treatment initiation and early-on treatment. Plasma ctDNA next-generation sequencing panel (NGS) and serum proteomics were performed. GeoMx DSP on baseline tumor tissue was performed in a subset of patients. Our analysis revealed specific characteristics of LTR compared with STR, namely higher PD-L1 in tumor cells (p = 0.005) and higher incidence of irAEs (p = 0.001). Genomic features associated with lack of benefit from ICB included co-occurring mutations in KRAS/STK11 and TP53/KMT2D (p < 0.05). At a baseline, LTR patients exhibited higher serum levels of proteins related with apoptosis (CASP8, PRKRA), chemotaxis, immune proteasome, processing of MHC class I (S100A4, PSMD9, RNF41) and immune homeostasis (HAVCR1, ARG1) (p < 0.05). Protein spatial profiling of tumor samples showed higher levels of proteins linked with the presence of immune cells (CD45), T cells (CD8), antigen presentation (HLA-DR) and immune regulation proteins (PD-L1, IDO1) within the tumor and tumor stroma component (p < 0.05) in LTR patients. Serum longitudinal analysis identified a set of proteins that presented distinct dynamics in LTR compared to STR, making them interesting candidates to evaluate as early predictors of treatment efficacy. Our multimodal analysis of patients with metastatic NSCLC treated with ICB identified clinicopathological and immunological features associated with long-term benefits. The presence of preexisting antitumor immunity emerged as a strong predictor of long-term benefits, providing insights for potential biomarkers and therapeutic strategies for enhancing ICB outcomes in metastatic NSCLC.",Rocha P; Bach R; Masfarré L; Hernandez S; Navarro-Gorro N; Rossell A; Villanueva X; Giner M; Sanchéz I; Galindo M; Del Rey-Vergara R; Iñañez A; Sanchéz-Espiridion B; Lu W; Acedo-Terrades A; Berenguer-Molins P; Sánchez-Font A; Chalela R; Curull V; Taus Á; Hardy-Werbin M; Sausen M; Georgiadis A; White J; Jackson JB; Moliner L; Clavé S; Bellosillo B; Rovira A; Wistuba I; Soto LMS; Perera-Bel J; Arriola E,Oncoimmunology,2025,https://pubmed.ncbi.nlm.nih.gov/39991958/,,,"[""Europe PMC"", ""PubMed/MEDLINE""]",pmid:39991958
PubMed/MEDLINE,41129575,41129575,PMC12617573,10.4103/lungindia.lungindia_127_25,Circulating tumour DNA as a predictive biomarker for tumour response and prolonged clinical benefit with nivolumab in advanced non-small cell lung cancer.,"Immune checkpoint inhibitors (ICIs) have revolutionised the treatment of advanced non-small cell lung cancer (NSCLC). Quantitative monitoring of disease burden may prove predictive in these cases. We hypothesised that serial ctDNA molecular response assessment may be predictive of response to nivolumab. 44 NSCLC patients who received nivolumab were included. All the patients underwent response assessment by RECIST every four cycles. Peripheral blood samples were obtained at baseline and after four cycles of therapy, and the quantification of ctDNA was performed by qubit dsDNA HS assay. A variant allele fraction (VAF) of >0.3% was considered to be used for tracking. A cut-off change of 50% in VAF and ctDNA was considered for molecular response. Radiological evaluations were performed at baseline and every four cycles as per RECIST 1.1 criteria. The median ctDNA concentration was higher in patients with time to progression (TTP) of <4 months (P = 0.05). Detectable alterations with >0.3% VAF were detected in 31 patients, and a molecular response of >50% was observed in patients with PR, stable disease (SD) and two patients with PD. The patients with <50%molecular response had a median PFS of 3.9 months vs. those with >50% had a median of 5.8 months (P = 0.06). A cut of 0.3 ng/microlitre baseline ctDNA concentration was predictive of PFS. This is an initial experience from India using liquid biopsy next-generation sequencing (NGS) for dynamic monitoring in immunotherapy-treated patients. A 50% cut-off for response as well as a baseline ctDNA 0f 0.3 ng/microlitre showed a trend for better PFS in these patients. This study highlights the need for serial monitoring. To our knowledge, this is among the first real-world Indian studies validating serial NGS-based ctDNA monitoring in immunotherapy-treated NSCLC. It demonstrates feasibility, predictive value, and real-world applicability in a lower-middle-income context.",Batra U; Sharma M; Nathany S; Sachdeva R; Batra V; Venkataraman P; Dewan A; Choudhary S; Mehta A,Lung India : official organ of Indian Chest Society,2025,https://pubmed.ncbi.nlm.nih.gov/41129575/,,,"[""Europe PMC"", ""PubMed/MEDLINE""]",pmid:41129575
PubMed/MEDLINE,40983343,40983343,PMC12458711,10.1136/jitc-2025-012454,Molecular response cutoffs and ctDNA collection timepoints influence on interpretation of associations between early changes in ctDNA and overall survival in patients treated with anti-PD(L)1 and/or chemotherapy.,"Circulating tumor DNA (ctDNA) is a promising intermediate end point for oncology drug development, potentially accelerating regulatory approvals by providing early insights into treatment response. However, challenges remain in standardizing ctDNA assessment, including optimal blood collection timing and defining molecular response (MR) cutoffs. The ctDNA for Monitoring Treatment Response (ctMoniTR) project, led by Friends of Cancer Research, aggregates patient-level data from clinical trials to evaluate associations between ctDNA changes and overall survival (OS). This analysis included four randomized clinical trials of patients with advanced non-small cell lung cancer (aNSCLC) treated with either anti-programmed death (ligand) 1 (anti-PD(L)1) therapy (with or without chemotherapy) or chemotherapy alone. MR was assessed using three predefined per cent-change thresholds in ctDNA levels (≥50% decrease, ≥90% decrease, and 100% clearance). ctDNA samples were analyzed at two timepoints: an early window (T1, up to 7 weeks post-treatment initiation) and a later window (T2, 7-13 weeks post-treatment initiation). Multivariable Cox proportional hazards models and time-dependent analyses were used to evaluate associations between ctDNA changes and OS. A total of 918 patients were included. In the anti-PD(L)1 group, ctDNA reductions at both T1 and T2 were significantly associated with improved OS across all MR thresholds. In the chemotherapy group, associations were weaker at T1 but became more pronounced at T2. Patients with MR at both T1 and T2 had the strongest OS associations. Overall, the results suggest that T2 had marginally stronger association with OS than T1. This study supports the potential of ctDNA as an intermediate end point in aNSCLC, with MR at both early (T1) and later (T2) timepoints showing significant associations with OS. Differences in ctDNA dynamics between treatment modalities highlight the importance of considering the timing of blood collection. Further research is needed to determine the optimal time window for assessing ctDNA response. Prospective trials and trial-level meta-analyses will be critical to validating ctDNA as a regulatory-grade intermediate end point for oncology drug development.",Andrews HS; Zariffa N; Nishimura KK; Deng Y; Eisele M; Ensor J; Espenschied C; Fabrizio D; Goren EM; Haddad V; Liu MC; Modi D; Moesta AK; Quinn KJ; Rosenthal A; Vega DM; Zou W; Hoering A; Stewart M; Allen J,Journal for immunotherapy of cancer,2025,https://pubmed.ncbi.nlm.nih.gov/40983343/,,,"[""PubMed/MEDLINE""]",pmid:40983343
PubMed/MEDLINE,40944710,40944710,PMC12433424,10.1007/s00262-025-04086-0,High baseline PD-1+ CD8 T Cells and TIGIT+ CD8 T Cells in circulation associated with response to PD-1 blockade in patients with non-small cell lung cancer.,"Blockade of PD-1 or its ligand PD-L1 with antibodies revolutionized treatment for stage III and IV non-small cell lung cancer (NSCLC) since FDA approval in 2015. However, resistance to PD-1/PD-L1 blockade remains a challenge, highlighting the need for biomarkers. This study analyzed 36 stage III and IV NSCLC patients, classified as responders or non-responders by iRECIST criteria. Peripheral blood mononuclear cells collected at baseline and post-treatment were examined for surface and intracellular markers via flow cytometry. CITE sequencing of CD8 T cells from three patients and plasma ctDNA analysis from 13 patients was performed using an ultrasensitive barcoding and next-generation sequencing method. Phenotypic analysis of CD8 T cells revealed higher TIGIT and PD-1 expression at baseline in responders compared to non-responders. Long-term responders (> 21 months) exhibited increased TCF-1+PD-1+ CD8 T cell frequencies relative to shorter-term responders (> 15 months) and non-responders. CITE sequencing revealed intrinsic differences in immune regulation pathways between responders and non-responders. Finally, non-responders showed elevated and increasing ctDNA levels post-treatment, correlating with declining TCF-1+PD-1+ CD8 T cells. Our data suggests combining CD8 T cell analysis with ctDNA dynamics could identify promising biomarkers for monitoring clinical response and treatment efficacy to PD-1/PD-L1 blockade in NSCLC.",Dutta N; Svensson J; Saad GA; Mello M; Eklund EA; Altinönder I; Torstensson P; Sayin VI; Rohlin A; Luche H; Hallqvist A; Raghavan S,"Cancer immunology, immunotherapy : CII",2025,https://pubmed.ncbi.nlm.nih.gov/40944710/,,,"[""Europe PMC"", ""PubMed/MEDLINE""]",pmid:40944710
PubMed/MEDLINE,40893177,40893177,PMC12396422,10.1016/j.jtocrr.2025.100877,Brief Report: Prospective Trial of Pembrolizumab Monotherapy in Metastatic NSCLC Evaluating Circulating Tumor DNA as a Surrogate Biomarker of Response.,"Immune checkpoint inhibitors provide clinical benefit to a subset of patients with metastatic NSCLC, yet the reliable prediction of long-term outcomes remains challenging. We conducted a prospective phase 2 clinical trial to evaluate circulating tumor DNA (ctDNA) as a surrogate biomarker for early clinical response to pembrolizumab monotherapy (NCT02955758). Tumor-informed targeted sequencing of pretreatment and early on-treatment plasma ctDNA in 25 patients with metastatic NSCLC was performed. On-treatment ctDNA response, defined as at least a threefold ctDNA variant allele frequency decrease after three cycles of pembrolizumab versus baseline, was able to predict with 100%, 66%, and 100% accuracy partial response, stable disease, and progressive disease radiologic response, respectively. Molecular response was also correlated with progression-free survival. This study confirms the potential clinical utility of early on-treatment ctDNA-based response evaluation in patients treated with immune checkpoint inhibitors, creating the opportunity for early treatment intervention in nonresponders.",van 't Erve I; Blanchard I; Pagtama JY; Holmes Tisch AJ; Alizadeh AA; Ramchandran K; Wakelee HA; Padda SK; Diehn M; Neal JW,JTO clinical and research reports,2025,https://pubmed.ncbi.nlm.nih.gov/40893177/,,,"[""Europe PMC"", ""PubMed/MEDLINE""]",pmid:40893177
PubMed/MEDLINE,40746669,40746669,PMC12311516,10.1016/j.jtocrr.2025.100829,"Real-World Validity of Tissue-Agnostic Circulating Tumor DNA Response Monitoring in Lung Cancers Treated With Chemotherapy, Immunotherapy, or Targeted Agents.","Circulating tumor DNA (ctDNA) monitoring is emerging as a minimally invasive complement to tumor imaging. We evaluated the validity of tissue-agnostic ctDNA quantification across four treatment modalities in NSCLC and SCLC. Data from consenting patients were collected from electronic health records as part of the Prospective Clinico-Genomic study (NCT04180176). ctDNA tumor fraction (TF) was retrospectively calculated for plasma collected six to 15 weeks after therapy initiation. TF dynamics were compared among an exploratory cohort, NSCLC and SCLC validity cohorts, and by therapy class. In on-treatment plasma, undetectable TF was associated with longer real-world progression-free survival and real-world overall survival in exploratory (21.8 versus 8.8 mo; hazard ratio [HR] = 0.35, 95% confidence interval [CI]: 0.24-0.50), validity NSCLC (23.5 versus 9.5 mo; HR = 0.34, 95% CI: 0.22-0.53), and validity SCLC (15.9 versus 8.3 mo; HR = 0.19, 95% CI: 0.08-0.42) cohorts. Equal to or greater than 90% and equal to or greater than 50% TF reduction from baseline was also associated with significantly improved outcomes. ctDNA dynamics differed by treatment class: TF reported greater discriminatory power for selecting tumor responses to immunotherapy and targeted therapy (≥50% decrease in 91% of responders versus 24% of nonresponders) than chemotherapy and chemo-immunotherapy (86% versus 60%). TF dynamics correlated with outcomes, but models of real-world progression-free survival and real-world overall survival were improved when tumor response was included. Tissue-agnostic monitoring of molecular response on the basis of ctDNA TF dynamics has utility in the real-world setting across four different treatment regimens. These results suggest that ctDNA dynamics may be complementary to tumor imaging in both NSCLC and SCLC to better inform patient care.",Chiang AC; Madison RW; Assaf ZJ; Fine A; Cao Y; Gjoerup O; Huang Y; Jin DX; Hughes J; Antic V; Young A; Fabrizio D; Shames D; Maund S; Exarchos A; Lakhanpal S; Zuniga R; Pasquina LW; Schulze K,JTO clinical and research reports,2025,https://pubmed.ncbi.nlm.nih.gov/40746669/,,,"[""Europe PMC"", ""PubMed/MEDLINE""]",pmid:40746669
PubMed/MEDLINE,40940723,40940723,PMC12428656,10.3390/cells14171312,Utility and Future Perspectives of Circulating Tumor DNA Analysis in Non-Small Cell Lung Cancer Patients in the Era of Perioperative Chemo-Immunotherapy.,"Perioperative/neoadjuvant chemo-immunotherapy is a standard treatment for patients with resectable non-small cell lung cancer (NSCLC). However, several key clinical questions remain unresolved, including the monitoring of tumor response during neoadjuvant treatment, detection of residual disease after neoadjuvant treatment or after surgery, stratification of recurrence risk, and earlier detection of disease recurrence. Circulating tumor DNA (ctDNA) has emerged as a promising biomarker to address these challenges. Data from several recent clinical trials of perioperative/neoadjuvant chemo-immunotherapy demonstrated that ctDNA clearance before surgery was associated with higher rates of major pathological response. Additionally, landmark ctDNA positivity after surgery identified patients at high risk of disease recurrence, and longitudinal ctDNA monitoring enabled earlier detection of recurrence compared with radiographic surveillance. Several ongoing trials are incorporating ctDNA as a biomarker to guide treatment decisions, including optimizing the duration of neoadjuvant therapy, evaluating the need for surgery, and tailoring adjuvant strategies. These trials, together with further development of ctDNA detection technologies, will clarify the role of ctDNA analysis in refining perioperative treatment strategies and may ultimately enable individualized care in patients with resectable NSCLC. In this review, we discuss the current research data on ctDNA analysis in NSCLC in this era of perioperative chemo-immunotherapy.",Ohara S; Suda K; Tsutani Y,Cells,2025,https://pubmed.ncbi.nlm.nih.gov/40940723/,,,"[""Europe PMC"", ""PubMed/MEDLINE""]",pmid:40940723
PubMed/MEDLINE,40869405,40869405,PMC12386807,10.3390/ijms26168087,Cell-Free DNA Based Next-Generation Sequencing Does Not Differentiate Between Oligoprogression and Systemic Progression in Non-Small Cell Lung Cancer Patients Treated with Immune Checkpoint Inhibitors-An Explorative Study.,"Immune checkpoint inhibitors (ICIs) are a key treatment for advanced non-small cell lung cancer (NSCLC), but most patients will ultimately experience disease progression due to acquired resistance to ICI. Clinically, it is relevant to differentiate between systemic progression (SP) and oligoprogression (OP). Following SP, ICI treatment is usually discontinued, while in OP, patients are preferably treated with local ablative treatment with continuation of the ICI treatment. However, with progressive disease, it remains difficult to differentiate between true OP or SP. Circulating tumor DNA (ctDNA) analysis provides an accurate real-time reflection of the tumor burden. It remains elusive if ctDNA abundance and/or dynamics can discriminate between OP and SP. Therefore, the aim of this exploratory cohort study is to evaluate whether the sequential molecular tumor profiling of ctDNA is suitable for discriminating between true OP and SP in advanced NSCLC. Patients with stage III/IV NSCLC showing progression after ≥3 months of ICI were included. OP was defined retrospectively by RECIST response ≥ 6 months after local treatment and continued ICIs. Serial plasma samples were analyzed using the AVENIO ctDNA Expanded NGS assay targeting 77 cancer-related genes. Twenty patients (6 OP, 14 SP) were included. Somatic alterations were detected in 16 patients (median 4 mutations). No significant differences in baseline ctDNA levels, changes at progression, or mutation patterns were observed between OP and SP. Although ctDNA levels generally decreased early after the start of ICI treatment, and were increased at disease progression, mutational profiles of the 77 genes using the AVENIO Expanded ctDNA panel did not distinguish OP from SP.",Rozendal P; Kievit H; van der Leest P; Bahce I; Pegtel M; Groen HJM; van Kempen LC; Hiltermann TJN; Schuuring E,International journal of molecular sciences,2025,https://pubmed.ncbi.nlm.nih.gov/40869405/,,,"[""Europe PMC"", ""PubMed/MEDLINE""]",pmid:40869405
PubMed/MEDLINE,40454642,40454642,,10.1056/nejmoa2502931,Overall Survival with Neoadjuvant Nivolumab plus Chemotherapy in Lung Cancer.,"Neoadjuvant nivolumab plus chemotherapy significantly improved pathological complete response and event-free survival in patients with resectable non-small-cell lung cancer (NSCLC) in a phase 3 trial. Data are needed on overall survival. In this open-label, phase 3 trial, patients with stage IB to IIIA resectable NSCLC were randomly assigned to receive nivolumab plus chemotherapy or chemotherapy alone for three cycles, followed by surgery. The primary end points were event-free survival and pathological complete response. Here, we report the results of the planned analysis of overall survival. A total of 358 patients were concurrently assigned to receive nivolumab plus chemotherapy (179 patients) or chemotherapy alone (179 patients). The final analysis of overall survival significantly favored neoadjuvant nivolumab plus chemotherapy over chemotherapy (hazard ratio for death, 0.72; 95% confidence interval [CI], 0.523 to 0.998; P = 0.048). At a median follow-up of 68.4 months, the 5-year overall survival was 65.4% with nivolumab plus chemotherapy and 55.0% with chemotherapy alone, with consistency across most subgroups. In exploratory analyses, the 5-year overall survival in the nivolumab-plus-chemotherapy group was 95.3% (95% CI, 82.7 to 98.8) among the patients with a pathological complete response and 55.7% (95% CI, 46.9 to 63.7) among those without such a response; survival was 75.0% among the patients with presurgery clearance of circulating tumor DNA (ctDNA) and 52.6% among those without such clearance. No new safety signals were observed. Three cycles of neoadjuvant nivolumab plus chemotherapy significantly improved overall survival among patients with resectable NSCLC as compared with chemotherapy alone. (Funded by Bristol Myers Squibb; CheckMate 816 ClinicalTrials.gov number, NCT02998528.).",Forde PM; Spicer JD; Provencio M; Mitsudomi T; Awad MM; Wang C; Lu S; Felip E; Swanson SJ; Brahmer JR; Kerr K; Taube JM; Ciuleanu TE; Tanaka F; Saylors GB; Chen KN; Ito H; Liberman M; Martin C; Broderick S; Wang L; Cai J; Duong Q; Meadows-Shropshire S; Fiore J; Bhatia S; Girard N; CheckMate 816 Investigators,The New England journal of medicine,2025,https://pubmed.ncbi.nlm.nih.gov/40454642/,,,"[""Europe PMC"", ""PubMed/MEDLINE""]",pmid:40454642
PubMed/MEDLINE,40673096,40673096,PMC12261352,10.21037/tlcr-2024-1095,Monitoring pembrolizumab response in patients with metastatic non-small cell lung cancer using circulating tumour DNA and circulating tumour cells.,"Liquid biopsy, in the form of cell-free-DNA (cfDNA), circulating-tumour-DNA (ctDNA), and circulating tumour cells (CTCs) can be used to monitor the efficacy of systemic therapy. We investigated the predictive value of these markers in patients with advanced non-small cell lung cancer (aNSCLC) treated with pembrolizumab within a prospective phase-II maintenance study of pembrolizumab post-platinum-doublet-chemotherapy (NCT02705820). Plasma-derived cfDNA was evaluated in 125 patients' plasma samples at baseline (t0), after 3 weeks (t1), 6 weeks (t2) and 9 weeks (t3) from 46 individuals and analysed by next-generation sequencing to identify and quantify somatic mutations. CTCs were detected in peripheral blood mononuclear cells and characterised according to programme death-ligand 1 (PD-L1) and Ki67. Patients presenting cfDNA increase at t2 had shorter progression-free survival (PFS; 2.05 vs. 6.1 months, P=0.04) and overall survival (OS; 8.35 vs. 20.0 months, P=0.004) than those with decreased cfDNA. Somatic mutations were found in 58.14% of patients in TP53, EGFR, KRAS, ALK, PI3KCA and MAP2K1 genes. Patients with >50% decrease or clearance in ctDNA from baseline to early treatment had 3.34 times lower risk for progression and improved survival outcomes (P=0.03). A high Ki67 CTC-index negatively affected PFS [hazard ratio (HR) =10.13, P=0.03] and OS (HR =6.1, P=0.01). Combining ctDNA dynamics and Ki67 was superior to any single marker in identifying patients with disease progression, with a sensitivity of 88.2% at t0 and 70% at t2 and a false-positive rate of 30.4% at t0 and 11.1% at t2. Monitoring ctDNA mutation dynamics during early treatment could serve as a promising real-time predictor of response. Moreover, combining ctDNA-dynamics with Ki67 provides enhanced predictive accuracy for progression, supporting the importance of more holistic multifactorial analyses in the prediction of immunotherapy response in aNSCLC.",Kakouri AC; Spiliotaki M; Loizidou EM; Stylianou I; Papageorgiou E; Panayi CG; Constantinou AI; Charalambous H; Deltas C; Papagregoriou G,Translational lung cancer research,2025,https://pubmed.ncbi.nlm.nih.gov/40673096/,,,"[""Europe PMC"", ""PubMed/MEDLINE""]",pmid:40673096
PubMed/MEDLINE,40439479,40439479,PMC12406472,10.18632/oncotarget.28730,"Durable complete response in leptomeningeal disease of EGFR mutated non-small cell lung cancer to amivantamab, an EGFR-MET receptor bispecific antibody, after progressing on osimertinib.","Patients with NSCLC harboring uncommon EGFR mutations have limited therapeutic options and often poor outcomes, especially following progression on standard EGFR tyrosine kinase inhibitors (TKIs). Amivantamab, an anti-EGFR/MET bispecific antibody, shows efficacy in EGFR-mutated NSCLC, but its role in rare EGFR alterations and CNS involvement, including leptomeningeal disease (LMD), remains insufficiently characterized. We report a 67-year-old male with stage IVB NSCLC harboring EGFR G719A and A289V mutations who developed LMD while on osimertinib. After progression on immunotherapy and chemotherapy, amivantamab monotherapy was initiated. Treatment produced a durable response over 19 months, including a 32.2% reduction in tumor size at six weeks, and complete resolution of brain metastases and LMD by six months. Circulating tumor DNA analyses showed EGFR variant allele fractions decreasing from 25.6% to undetectable. This case challenges current paradigms, demonstrating that amivantamab monotherapy can effectively target rare EGFR mutations, achieve durable extracranial and CNS disease control, and potentially overcome blood-brain barrier limitations. These findings suggest that amivantamab's utility may extend beyond established combination regimens and well-characterized EGFR mutations, offering an effective option for patients with atypical molecular profiles who lack standard therapies. Amivantamab monotherapy may represent a viable strategy for patients with uncommon EGFR mutations and CNS involvement, including LMD. Further research is warranted to elucidate underlying mechanisms, refine treatment strategies, and assess amivantamab's broader applicability in similarly challenging NSCLC scenarios.",Kim J; Chung LI; Choi H; Choi Y; Chuchuca MJA; Oh Y; Chae YK,Oncotarget,2025,https://pubmed.ncbi.nlm.nih.gov/40439479/,,,"[""Europe PMC"", ""PubMed/MEDLINE""]",pmid:40439479
PubMed/MEDLINE,40469279,40469279,PMC12133817,10.3389/fimmu.2025.1595382,Updated overall survival data and predictive biomarkers of autologous NK cells plus Sintilimab as second-line treatment for advanced non-small cell lung cancer.,"Combination strategies involving immune checkpoint inhibitors (ICIs) have been a prominent focus of research in the treatment of non-small cell lung cancer (NSCLC). Our prior findings demonstrated that the combination of autologous NK cells with the PD-1 antibody (Sintilimab), offered promising efficacy in NSCLC patients who failed the first-line platinum-based chemotherapy. Here, we present updated overall survival (OS) data from the final analysis, aiming to identify patient subgroups that derive maximal benefit from this therapeutic approach. Twenty NSCLC patients without driver gene mutations were enrolled and treated with a combination of autologous NK cells and Sintilimab every three weeks. Multicolor immunofluorescence staining was applied to evaluate static markers within the tumor microenvironment. Concurrently, dynamic assessments were conducted using next-generation sequencing and monitoring of PD-1/PD-L1 expression on NK cells to identify patient populations with favorable prognoses. The median OS was 27.3 months (95% CI, 0.76 to 53.8), with six patients still alive at the follow-up cutoff. A significant correlation was observed between the CD56+PD-L1+ cellular phenotype and extended survival. Clearance of circulating tumor DNA (ctDNA) and an increased percentage of PD-L1+ NK cells following treatment was associated with significantly better survival outcomes. Notably, prolonged treatment exposure did not lead to increased toxicity. The combination of autologous NK cells with Sintilimab significantly enhances long-term survival in NSCLC patients without exacerbating adverse effects, presenting a promising strategy for future combination immunotherapy approaches in NSCLC treatment. https://www.clinicaltrials.gov/ct2/show/NCT03958097, identifier NCT03958097.",Jia L; Chen N; Chen X; Niu C; Liu Z; Ma K; Yang L; Zhao Y; Song W; Lu J; Chen C; Cong X; Wang X; Xu Y; Cui G; Liu Z; Chen R; Yin H; Zhang N; Cui J,Frontiers in immunology,2025,https://pubmed.ncbi.nlm.nih.gov/40469279/,,,"[""Europe PMC"", ""PubMed/MEDLINE""]",pmid:40469279
PubMed/MEDLINE,40034576,40034576,PMC11872569,10.1016/j.eclinm.2025.103099,"Ensartinib for advanced or metastatic non-small-cell lung cancer with MET exon 14 skipping mutations (EMBRACE): a multi-center, single-arm, phase 2 trial.","MET exon14 skipping mutations (METex14) is an established actionable driver oncogene of non-small-cell lung cancer (NSCLC). While ensartinib is a known second-generation tyrosine kinase inhibitor with primary activity against ALK translocation, it is also classified as a type Ia MET inhibitor. We have previously shown anti-tumor activity against METex14 positive NSCLC both in vivo and in vitro. The EMBRACE trial aims to evaluate the clinical efficacy and safety of ensartinib for treatment of METex14 positive NSCLC. This is a multicenter single arm phase II investigator-initiated study that enrolled METex14 positive lung cancer after failing first line chemotherapy and/or immunotherapy. Eligible patients received ensartinib 225 mg orally once daily in a continuous 28-day treatment cycle until disease progression, unacceptable side effect, or death. Primary endpoint was investigator-assessed objective response rate (ORR), and the secondary end point included disease control rate (DCR), progression-free survival (PFS), duration of response (DoR) and safety profiles. The study was registered with the Chinese Clinical Trial Registry (ChiCTR2100048767). From July 2021 to February 2024, a total of 31 patients were enrolled and received ensartinib. Median follow-up time of the 30 evaluable patients was 9.2 months (95% Confidence Interval [CI], 6.3-not estimable). The ORR was 53.3% (16/30; 95% CI, 35.5-71.2) and DCR was 86.7% (26/30; 95% CI, 74.5-98.8). Median PFS was 6.0 months (95% CI, 3.0-8.8) and median DoR was 7.9 months (95% CI, 4.8-8.7). Adverse events (AEs) were reported in 24 patients (80%), with 7 (23.3%) of grade 3. The most common AEs were rash (14/30, 46.7%), followed by anemia (7/30, 23.3%), increased ALT (7/30, 23.3%), increased AST (7/30, 23.3%), and pruritus (6/30, 20%). No serious adverse events or treatment-related deaths occurred. Importantly, the exploratory ctDNA analysis indicates that clearance of circulating tumor DNA (ctDNA) at four weeks treatment was associated with more favorable treatment outcomes comparing with patients having positive ctDNA. Ensartinib has a promising anti-tumor activity and manageable safety in previously treated patients with METex14 positive lung cancer. This work was supported by the National Natural Science Foundation of China [82370028, 82422001] and the CSCO-MET Aberrant Solid Tumor Research Grant [Y-2022METAZMS-0066].",Xia Y; Tian P; Zhou M; Zhao J; Jin Y; Guo Z; Li X; Lu W; Miao D; Lu Y; Xu W; Zhang Y; Le X; Li W,EClinicalMedicine,2025,https://pubmed.ncbi.nlm.nih.gov/40034576/,,,"[""Europe PMC"", ""PubMed/MEDLINE""]",pmid:40034576
PubMed/MEDLINE,39617650,39617650,,10.1016/j.cllc.2024.10.013,Brief Report: Methylation-Based ctDNA Serial Monitoring Correlates With Immunotherapy Response in NSCLC.,"Circulating tumor DNA (ctDNA) can reflect the genetic and epigenetic composition of malignancies and can serve as a noninvasive biomarker for cancer diagnostics and monitoring. This study aimed to evaluate the utility of a methylation-based ctDNA assay as a predictive tool in non-small cell lung cancer (NSCLC) anti-PD1 based immunotherapy monitoring. We evaluated a cohort of 20 patients with NSCLC treated with anti-PD1 based immunotherapy that had both baseline and follow-up blood draws as well as outcome data available. Tumor Methylation Scores (TMS) were measured with an amplicon-based, multiplexed cfDNA assay that utilizes quantitative counting templates (QCTs) in conjunction with next-generation sequencing to count the number of methylated molecules at more than 500 genomic locations that are hypermethylated in cancer tissue. The association between TMS and real-world progression-free survival (rwPFS) on therapy was conducted using Cox proportional hazards model and plotted using the Kaplan-Meier method. The change in TMS measured 4-10 weeks post-treatment initiation strongly correlated with immunotherapy response, as measured by rwPFS (P < 0.0001), compared to a weaker correlation of imaging RECIST v1.1 measurements with rwPFS (P = 0.55). Furthermore, TMS tracked with tumor burden on therapy in real-world cases. In this real-world dataset of NSCLC patients treated with anti-PD1 immunotherapy regimens, the TMS score measured within a 4-10 week window after treatment initiation can be predictive of response to therapy. Beyond this window, the TMS score can be associated with rwPFS and tumor dynamics. Early evidence suggests that changes in the methylation profile may be informative for monitoring occurrence of new somatic mutations. The cases presented demonstrate the application of using TMS for serial therapeutic response monitoring.",Hsiao A; Woodward B; Ye P; Varga MG; Altaie G; Lu K; Searle N; Viens R; Langpap S; Li Z; Palmer G; Husain H,Clinical lung cancer,2025,https://pubmed.ncbi.nlm.nih.gov/39617650/,,,"[""Europe PMC"", ""PubMed/MEDLINE""]",pmid:39617650
PubMed/MEDLINE,38763304,38763304,,10.1016/j.jtcvs.2024.05.006,Predicting therapeutic response to neoadjuvant immunotherapy based on an integration model in resectable stage IIIA (N2) non-small cell lung cancer.,"Accurately predicting response during neoadjuvant chemoimmunotherapy for resectable non-small cell lung cancer remains clinically challenging. In this study, we investigated the effectiveness of blood-based tumor mutational burden (bTMB) and a deep learning (DL) model in predicting major pathologic response (MPR) and survival from a phase 2 trial. Blood samples were prospectively collected from 45 patients with stage IIIA (N2) non-small cell lung cancer undergoing neoadjuvant chemoimmunotherapy. An integrated model, combining the computed tomography-based DL score, bTMB, and clinical factors, was developed to predict tumor response to neoadjuvant chemoimmunotherapy. At baseline, bTMB were detected in 77.8% (35 of 45) of patients. Baseline bTMB ≥11 mutations/megabase was associated with significantly greater MPR rates (77.8% vs 38.5%, P = .042), and longer disease-free survival (P = .043), but not overall survival (P = .131), compared with bTMB <11 mutations/megabase in 35 patients with bTMB available. The developed DL model achieved an area under the curve of 0.703 in all patients. Importantly, the predictive performance of the integrated model improved to an area under the curve of 0.820 when combining the DL score with bTMB and clinical factors. Baseline circulating tumor DNA (ctDNA) status was not associated with pathologic response and survival. Compared with ctDNA residual, ctDNA clearance before surgery was associated with significantly greater MPR rates (88.2% vs 11.1%, P < .001) and improved disease-free survival (P = .010). The integrated model shows promise as a predictor of tumor response to neoadjuvant chemoimmunotherapy. Serial ctDNA dynamics provide a reliable tool for monitoring tumor response.",Xu L; Si H; Zhuang F; Li C; Zhang L; Zhao Y; Chen T; Dong Y; Wang T; Hou L; Hu T; Sun T; She Y; Hu X; Xie D; Wu J; Wu C; Zhao D; Chen C,The Journal of thoracic and cardiovascular surgery,2025,https://pubmed.ncbi.nlm.nih.gov/38763304/,,,"[""Europe PMC"", ""PubMed/MEDLINE""]",pmid:38763304
PubMed/MEDLINE,38971369,38971369,PMC11666285,10.1016/j.jtho.2024.06.024,Analysis of Circulating Tumor DNA Predicts Outcomes of Short-Course Consolidation Immunotherapy in Unresectable Stage III NSCLC.,"The current standard of care for patients with inoperable stage III non-small cell lung cancer includes chemoradiotherapy (CRT) followed by 1 year of checkpoint inhibitor (CPI) therapy. Nevertheless, the optimal duration of consolidation CPI remains unknown. Here, we characterized the relationship between circulating tumor DNA (ctDNA) minimal residual disease (MRD) and clinical outcomes of patients with unresectable locally advanced non-small cell lung cancer treated on a phase 2 trial of short-course consolidation immunotherapy after CRT, with the goal of testing whether ctDNA may be able to identify patients who do not require a full year of treatment. Plasma samples for ctDNA analysis were collected from patients on the Big Ten Cancer Research Consortium LUN 16-081 trial after completion of CRT, before day 1 of cycle 2 (C2D1) of CPI (i.e., 1 mo after treatment start), and at the end of up to 6 months of treatment. Tumor-informed ctDNA MRD analysis was performed using cancer personalized profiling by deep sequencing. Levels of ctDNA at each time point were correlated with clinical outcomes. Detection of ctDNA predicted significantly inferior progression-free survival after completion of CRT (24-mo 29% versus 65%, p = 0.0048), before C2D1 of CPI (24-mo 0% versus 72%, p < 0.0001) and at the end of CPI (24-mo 15% versus 67%, p = 0.0011). In addition, patients with decreasing or undetectable ctDNA levels after 1 cycle of CPI had improved outcomes compared with patients with increasing ctDNA levels (24-mo progression-free survival 72% versus 0%, p < 0.0001). Progression of disease occurred within less than 12 months of starting CPI in all patients with increasing ctDNA levels at C2D1. Detection of ctDNA before, during, or after 6 months of consolidation CPI is strongly associated with inferior outcomes. Our findings suggest that analysis of ctDNA MRD may enable personalizing the duration of consolidation immunotherapy treatment.",Jun S; Shukla NA; Durm G; Hui AB; Cao S; Ganti AK; Jabbour SK; Kunder C; Alizadeh AA; Hanna NH; Diehn M,Journal of thoracic oncology : official publication of the International Association for the Study of Lung Cancer,2024,https://pubmed.ncbi.nlm.nih.gov/38971369/,,,"[""Europe PMC"", ""PubMed/MEDLINE""]",pmid:38971369
PubMed/MEDLINE,39003185,39003185,,10.1016/j.cllc.2024.06.007,MDT-BRIDGE: Neoadjuvant Durvalumab Plus Chemotherapy Followed by Either Surgery and Adjuvant Durvalumab or Chemoradiotherapy and Consolidation Durvalumab in Resectable or Borderline-resectable Stage IIB-IIIB NSCLC.,"In the AEGEAN trial, neoadjuvant durvalumab plus platinum-based chemotherapy (D+CT) followed by adjuvant durvalumab, versus neoadjuvant chemotherapy alone, significantly improved pathological complete response (pCR) rate and event-free survival (EFS) in patients with resectable NSCLC. In the PACIFIC trial, consolidation durvalumab significantly improved progression-free (PFS) and overall survival (OS) for patients with unresectable stage III NSCLC after chemoradiotherapy. Strong pathological and clinical outcomes with chemoimmunotherapy have generated interest in its use to enable patients with borderline-resectable NSCLC to undergo surgery. Additionally, for patients initially deemed resectable but who later become unresectable/inoperable during neoadjuvant treatment, consolidation immunotherapy after chemoradiotherapy should be explored. MDT-BRIDGE (NCT05925530) is a multicenter, phase II, non-randomized study in ∼140 patients with EGFR/ALK wild-type, stage IIB-IIIB (N2) NSCLC. Following baseline multidisciplinary team (MDT) assessment to determine resectable/borderline-resectable status, all patients receive 2 cycles of neoadjuvant D+CT every 3 weeks, followed by MDT reassessment of resectability. Patients deemed resectable receive 1-2 additional cycles of D+CT followed by surgery (Cohort 1). Patients deemed unresectable receive standard-of-care chemoradiotherapy (Cohort 2). Cohort 1 patients who become ineligible for surgery can enter Cohort 2. Following surgery or chemoradiotherapy, patients receive adjuvant or consolidation durvalumab for 1 year. The primary endpoint is resection rate in all patients. Additional endpoints include resection rates by baseline resectable/borderline-resectable status, resection outcomes, EFS/PFS, OS, pCR rate, circulating tumor DNA dynamics pre- and post-surgery (including correlation with clinical outcomes), and safety. Enrollment began in February 2024; primary completion is anticipated in April 2026.",Reck M; Nadal E; Girard N; Filippi AR; Martin LW; Gay CM; Petersen C; Gale D; Emeribe UA; Georgoulia N; Perez IED; Spicer JD,Clinical lung cancer,2024,https://pubmed.ncbi.nlm.nih.gov/39003185/,,,"[""Europe PMC"", ""PubMed/MEDLINE""]",pmid:39003185
PubMed/MEDLINE,38839544,38839544,,10.1016/j.trecan.2024.04.004,Implementing circulating tumor DNA as a prognostic biomarker in resectable non-small cell lung cancer.,"Systemic treatment of resectable non-small cell lung cancer (NSCLC) is evolving with emerging neoadjuvant, perioperative, and adjuvant immunotherapy approaches. Circulating tumor DNA (ctDNA) detection at clinical diagnosis, during neoadjuvant therapy, or after resection may discern high-risk patients who might benefit from therapy escalation or switch. This Review summarizes translational implications of data supporting ctDNA-based risk determination in NSCLC and outstanding questions regarding ctDNA validity/utility as a prognostic biomarker. We discuss emerging ctDNA capabilities to refine clinical tumor-node-metastasis (TNM) staging in lung adenocarcinoma, ctDNA dynamics during neoadjuvant therapy for identifying patients deriving suboptimal benefit, and postoperative molecular residual disease (MRD) detection to escalate systemic therapy. Considering differential relapse characteristics in landmark MRD-negative/MRD-positive patients, we propose how ctDNA might integrate with pathological response data for optimal postoperative risk stratification.",Abbosh C; Hodgson D; Doherty GJ; Gale D; Black JRM; Horn L; Reis-Filho JS; Swanton C,Trends in cancer,2024,https://pubmed.ncbi.nlm.nih.gov/38839544/,,,"[""Europe PMC"", ""PubMed/MEDLINE""]",pmid:38839544
PubMed/MEDLINE,39282582,39282582,PMC11390629,10.1016/j.jncc.2024.01.008,Dynamic bTMB combined with residual ctDNA improves survival prediction in locally advanced NSCLC patients with chemoradiotherapy and consolidation immunotherapy.,"Liquid biopsy-based biomarkers, including circulating tumor DNA (ctDNA) and blood tumor mutational burden (bTMB), are recognized as promising predictors of prognoses and responses to immune checkpoint inhibitors (ICIs), despite insufficient sensitivity of single biomarker detection. This research aims to determine whether the combinatorial utility of longitudinal ctDNA with bTMB analysis could improve the prognostic and predictive effects. This prospective two-center cohort trial, consisting of discovery and validation datasets, enrolled unresectable locally advanced non-small-cell lung cancer (LA-NSCLC) patients and assigned them to chemoradiotherapy (CRT) or CRT + consolidation ICI cohorts from 2018 to 2022. Blood specimens were collected pretreatment, 4 weeks post-CRT, and at progression to assess bTMB and ctDNA using 486-gene next-generation sequencing. Dynamic ∆bTMB was calculated as post-CRT bTMB minus baseline bTMB levels. Decision curve analyses were performed to calculate Concordance index (C-index). One hundred twenty-eight patients were enrolled. In the discovery dataset (n = 73), patients treated with CRT and consolidation ICI had significantly longer overall survival (OS; median not reached [NR] vs 20.2 months; P < 0.001) and progression-free survival (PFS; median 25.2 vs 11.4 months; P = 0.011) than those without ICI. Longitudinal analysis demonstrated a significant decrease in ctDNA abundance post-CRT (P < 0.001) but a relative increase with disease progression. Post-CRT detectable residual ctDNA correlated with significantly shorter OS (median 18.3 months vs NR; P = 0.001) and PFS (median 7.3 vs 25.2 months; P < 0.001). For patients with residual ctDNA, consolidation ICI brought significantly greater OS (median NR vs 14.8 months; P = 0.005) and PFS (median 13.8 vs 6.2 months; P = 0.028) benefit, but no significant difference for patients with ctDNA clearance. Dynamic ∆bTMB was predictive of prognosis. Patients with residual ctDNA and increased ∆bTMB (∆bTMB > 0) had significantly worse OS (median 9.0 vs 23.0 months vs NR; P < 0.001) and PFS (median 3.4 vs 7.3 vs 25.2 months; P < 0.001). The combinatorial model integrating post-CRT ctDNA with ∆bTMB had optimal predictive effects on OS (C-index = 0.723) and PFS (C-index = 0.693), outperforming individual features. In the independent validation set, we confirmed residual ctDNA predicted poorer PFS (median 50.8 vs 14.3 months; P = 0.026) but identified more consolidation ICI benefit (median NR vs 8.3 months; P = 0.039). The combined model exhibited a stable predictive advantage (C-index = 0.742 for PFS). The multiparameter assay integrating qualitative residual ctDNA testing with quantitative ∆bTMB dynamics improves patient prognostic risk stratification and efficacy predictions, allowing for personalized consolidation therapy for LA-NSCLC.",Wang Y; Wang W; Zhang T; Yang Y; Wang J; Li C; Xu X; Wu Y; Jiang Y; Duan J; Wang L; Bi N,Journal of the National Cancer Center,2024,https://pubmed.ncbi.nlm.nih.gov/39282582/,,,"[""Europe PMC"", ""PubMed/MEDLINE""]",pmid:39282582
PubMed/MEDLINE,38976829,38976829,,10.1200/po.23.00718,Improving Prediction of Survival and Progression in Metastatic Non-Small Cell Lung Cancer After Immunotherapy Through Machine Learning of Circulating Tumor DNA.,"To use modern machine learning approaches to enhance and automate the feature extraction from the longitudinal circulating tumor DNA (ctDNA) data and to improve the prediction of survival and disease progression, risk stratification, and treatment strategies for patients with 1L non-small cell lung cancer (NSCLC). Using IMpower150 trial data on patients with untreated metastatic NSCLC treated with atezolizumab and chemotherapies, we developed a machine learning algorithm to extract predictive features from ctDNA kinetics, improving survival and progression prediction. We analyzed kinetic data from 17 ctDNA summary markers, including cell-free DNA concentration, allele frequency, tumor molecules in plasma, and mutation counts. Three hundred and ninety-eight patients with ctDNA data (206 in training and 192 in validation) were analyzed. Our models outperformed existing workflow using conventional temporal ctDNA features, raising overall survival (OS) concordance index to 0.72 and 0.71 from 0.67 and 0.63 for C3D1 and C4D1, respectively, and substantially improving progression-free survival (PFS) to approximately 0.65 from the previous 0.54-0.58, a 12%-20% increase. Additionally, they enhanced risk stratification for patients with NSCLC, achieving clear OS and PFS separation. Distinct patterns of ctDNA kinetic characteristics (eg, baseline ctDNA markers, depth of ctDNA responses, and timing of ctDNA clearance, etc) were revealed across the risk groups. Rapid and complete ctDNA clearance appears essential for long-term clinical benefit. Our machine learning approach offers a novel tool for analyzing ctDNA kinetics, extracting critical features from longitudinal data, improving our understanding of the link between ctDNA kinetics and progression/mortality risks, and optimizing personalized immunotherapies for 1L NSCLC.",Ding H; Xu XS; Yang Y; Yuan M,JCO precision oncology,2024,https://pubmed.ncbi.nlm.nih.gov/38976829/,,,"[""Europe PMC"", ""PubMed/MEDLINE""]",pmid:38976829
PubMed/MEDLINE,38854945,38854945,PMC11157365,10.21037/tlcr-24-142,Potential predictors of the pathologic response after neoadjuvant chemoimmunotherapy in resectable non-small cell lung cancer: a narrative review.,"Neoadjuvant chemoimmunotherapy (NACI) is the standard of care for patients with resectable non-small cell lung cancer (NSCLC). Although the pathological complete response (pCR) after NACI reportedly exceeds 20%, an optimal predictor of pCR is yet to be established. This review aims to examine the possible predictors of pCR after NACI. We identified research article published between 2018 and 2022 in English by the PubMed database. Fifty research studies were considered as relevant article, and were examined to edit information for this narrative review. Recently, several studies have explored potential biomarkers for the pathological response after NACI. For example, 18F-fluorodeoxyglucose positron emission tomography (18F-FDG-PET) imaging, tumor microenvironment (TME), genetic alternation such as circulating tumor DNA (ctDNA), and clinical markers such as neutrophil-to-lymphocyte ratio (NLR) and smoking signature were assessed in patients with resectable NSCLC to predict the pathological response after NACI. Based on the PET response criteria, the complete metabolic response (CMR) achieved a positive predictive value (PPV) of 71.4% for predicting pCR, and the decreasing rate of post-therapy maximum standardized uptake value (SUVmax) after NACI substantially correlated with the major pathological response (MPR). TME, as a significant marker for MPR in tumor specimens, was identified as an increase in CD8+ T cells and decrease in CD3+ T cells or Foxp3 T cells. Considering blood samples, TME comprised an increase in CD4+PD-1+ cells or natural killer cells and a decrease in CD3+CD56+CTLA4+ cells, total T cells, Th cells, myeloid-derived suppressor cells (MDSCs), or regulatory T cells. Although low pretreatment levels of ctDNA and undetectable ctDNA levels after NACI were markedly associated with survival, the relationship between ctDNA levels and pCR remains elusive. Moreover, the patients with a high baseline NLR had a low incidence of pCR. Heavy smoking (>40 pack-years) was favorable for predicting pathological response. A reduced rate of 18F-FDG uptake post-NACI and TME-related surface markers on lymphocytes could be optimal predictors for pCR. However, the role of these pCR predictors for NACI remains poorly validated, warranting further investigations. This review focuses on predictive biomarkers for pathological response after NACI in patients with resectable NSCLC.",Kaira K; Ichiki Y; Imai H; Kawasaki T; Hashimoto K; Kuji I; Kagamu H,Translational lung cancer research,2024,https://pubmed.ncbi.nlm.nih.gov/38854945/,,,"[""Europe PMC"", ""PubMed/MEDLINE""]",pmid:38854945
PubMed/MEDLINE,38711893,38711893,PMC11071015,10.21037/acr-23-155,Partial response to crizotinib + regorafenib + PD-1 inhibitor in a metastatic BRAF V600EMT colon cancer patient with acquired C-MET amplification and TPM4-ALK fusion: a case report.,"Colorectal cancer (CRC) with the Raf murine sarcoma viral oncogene homolog B (BRAF) V600E had a relatively poor prognosis. Anaplastic lymphoma kinase (ALK) fusion and the mesenchymal-to-epithelial transition factor (MET) amplification have been recognized as potentially important therapeutic targets in non-small cell lung cancer (NSCLC). However, both of them are of extremely lower frequencies (<2%) in metastatic CRC, and few studies have mentioned the real application of their inhibitors in CRC treatment. A 49-year-old Chinese male was diagnosed with ascending colon adenocarcinoma (cT3N+?M1) with liver metastases. The patient performed next-generation sequencing (NGS) using tissue and circulating tumor DNA (ctDNA), and the results showed a BRAF V600E mutation. He received an initial combination treatment with cetuximab, dabrafenib, and trametinib with a partial response (PR) assessment. We changed the therapy regimen on this patient several times because of the patient's intolerance to the drugs or the inefficacy of the treatment. During this period, we detected the c-MET amplification and tropomyosin 4 (TPM4)-ALK fusion by NGS after triplet targeted therapy (tislelizumab, dabrafenib, and trametinib), thus he was finally treated with programmed cell death protein 1 (PD-1) inhibitor (tislelizumab), MET/ALK inhibitor (crizotinib) plus multikinase inhibitor (regorafenib). Imageological examinations showed that PR was achieved and ctDNA sequencing results indicated a significantly reduced BRAF mutation frequency, MET amplification and TPM4-ALK fusion were undetectable. NGS analysis of peripheral blood showed a recurrence of the MET acquired resistant amplification mutation over 2 months of ongoing treatment. but the patient was assessed as PR and still under treatment of crizotinib, tislelizumab and regorafenib within good physical condition. At the last follow-up on October 2021, the patient died of symptomatic treatment fail for obstructive jaundice. The patient finally achieved 11 months overall survival. This study reported a co-existence of a BRAF V600E mutation, c-MET amplification and TPM4-ALK fusion in a CRC patient. Administration of crizotinib combined with regorafenib and tislelizumab obtained an obvious response. Furthermore, continuous ctDNA detection appears to be a promising technique to monitor tumor burden, which may provide better clinical decision support during the disease course.",Huang Y; Zhang S; Hu X; Wang X; Zhao Y; Li Z,AME case reports,2024,https://pubmed.ncbi.nlm.nih.gov/38711893/,,,"[""Europe PMC"", ""PubMed/MEDLINE""]",pmid:38711893
PubMed/MEDLINE,38493133,38493133,PMC10944611,10.1186/s13046-024-02969-1,Blood-based biomarkers in patients with non-small cell lung cancer treated with immune checkpoint blockade.,"The paradigm of non-small cell lung cancer (NSCLC) treatment has been profoundly influenced by the development of immune checkpoint inhibitors (ICI), but the range of clinical responses observed among patients poses significant challenges. To date, analyses of tumor biopsies are the only parameter used to guide prognosis to ICI therapy. Tumor biopsies, however, are often difficult to obtain and tissue-based biomarkers are limited by intratumoral heterogeneity and temporal variability. In response, there has been a growing emphasis on the development of ""liquid biopsy""‒ derived biomarkers, which offer a minimally invasive means to dynamically monitor the immune status of NSCLC patients either before and/or during the course of treatment. Here we review studies in which multiple blood-based biomarkers encompassing circulating soluble analytes, immune cell subsets, circulating tumor DNA, blood-based tumor mutational burden, and circulating tumor cells have shown promising associations with the clinical response of NSCLC patients to ICI therapy. These investigations have unveiled compelling correlations between the peripheral immune status of patients both before and during ICI therapy and patient outcomes, which include response rates, progression-free survival, and overall survival. There is need for rigorous validation and standardization of these blood-based assays for broader clinical application. Integration of multiple blood-based biomarkers into comprehensive panels or algorithms also has the potential to enhance predictive accuracy. Further research aimed at longitudinal monitoring of circulating biomarkers is also crucial to comprehend immune dynamics and resistance mechanisms and should be used alongside tissue-based methods that interrogate the tumor microenvironment to guide treatment decisions and may inform on the development of novel therapeutic strategies. The data reviewed here reinforce the opportunity to refine patient stratification, optimize treatments, and improve outcomes not only in NSCLC but also in the wider spectrum of solid tumors undergoing immunotherapy.",Tsai YT; Schlom J; Donahue RN,Journal of experimental & clinical cancer research : CR,2024,https://pubmed.ncbi.nlm.nih.gov/38493133/,,,"[""Europe PMC"", ""PubMed/MEDLINE""]",pmid:38493133
PubMed/MEDLINE,38450838,38450838,PMC10918705,10.1002/ctm2.1619,Longitudinal circulating tumour DNA dynamics predict failure patterns and efficacy of consolidation immunotherapy after chemoradiotherapy in locally advanced non-small-cell lung cancer.,,Wang Y; Zhang T; Yang Y; Wang J; Li C; Xu X; Wu Y; Jiang Y; Duan J; Wang L; Bi N,Clinical and translational medicine,2024,https://pubmed.ncbi.nlm.nih.gov/38450838/,,,"[""PubMed/MEDLINE""]",pmid:38450838
PubMed/MEDLINE,38374204,38374204,PMC10876536,10.1038/s41467-024-45769-z,Sintilimab with two cycles of chemotherapy for the treatment of advanced squamous non-small cell lung cancer: a phase 2 clinical trial.,"This was a single-arm, multicenter phase 2 clinical trial (ChiCTR1900021726) involving advanced squamous non-small cell lung cancer (sq-NSCLC) patients undergoing 2 cycles of nab-paclitaxel/carboplatin and sintilimab (anti-PD-1), followed by sintilimab maintenance therapy. The median progression-free survival (PFS) was 11.4 months (95% CI: 6.7-18.1), which met the pre-specified primary endpoint. Secondary endpoints included objective response rate reaching 70.5% and a disease control rate of 93.2%, with a median duration of response of 13.6 months [95% CI: 7.0-not evaluable (NE)]. The median overall survival was 27.2 months (95% CI: 20.2-NE) with treatment-related adverse events grades ≥3 occurring in 10.9% of patients. Predefined exploratory endpoints comprised relationships between biomarkers and treatment efficacy, and the association between circulating tumor DNA (ctDNA) dynamics and PFS. Biomarker analysis revealed that the breast cancer gene 2, BMP/Retinoic Acid Inducible Neural Specific 3, F-box/WD repeat-containing protein 7, tyrosine-protein kinase KIT and retinoblastoma 1 abnormalities led to shorter PFS, while ctDNA negative at baseline or clearance at 2 cycles of treatment was associated with longer PFS (18.1 vs. 4.3 months). Taken together, sintilimab in combination with 2 cycles of nab-paclitaxel/carboplatin treatment produced encouraging PFS and better tolerability as first-line treatment for advanced sq-NSCLC.",Zhang M; Zhang G; Niu Y; Zhang G; Ji Y; Yan X; Zhang X; Wang Q; Jing X; Wang J; Ma Z; Wang H,Nature communications,2024,https://pubmed.ncbi.nlm.nih.gov/38374204/,,,"[""Europe PMC"", ""PubMed/MEDLINE""]",pmid:38374204
PubMed/MEDLINE,37939140,37939140,PMC10792359,10.1158/1078-0432.ccr-23-1469,Elucidating the Heterogeneity of Immunotherapy Response and Immune-Related Toxicities by Longitudinal ctDNA and Immune Cell Compartment Tracking in Lung Cancer.,"Although immunotherapy is the mainstay of therapy for advanced non-small cell lung cancer (NSCLC), robust biomarkers of clinical response are lacking. The heterogeneity of clinical responses together with the limited value of radiographic response assessments to timely and accurately predict therapeutic effect-especially in the setting of stable disease-calls for the development of molecularly informed real-time minimally invasive approaches. In addition to capturing tumor regression, liquid biopsies may be informative in capturing immune-related adverse events (irAE). We investigated longitudinal changes in circulating tumor DNA (ctDNA) in patients with metastatic NSCLC who received immunotherapy-based regimens. Using ctDNA targeted error-correction sequencing together with matched sequencing of white blood cells and tumor tissue, we tracked serial changes in cell-free tumor load (cfTL) and determined molecular response. Peripheral T-cell repertoire dynamics were serially assessed and evaluated together with plasma protein expression profiles. Molecular response, defined as complete clearance of cfTL, was significantly associated with progression-free (log-rank P = 0.0003) and overall survival (log-rank P = 0.01) and was particularly informative in capturing differential survival outcomes among patients with radiographically stable disease. For patients who developed irAEs, on-treatment peripheral blood T-cell repertoire reshaping, assessed by significant T-cell receptor (TCR) clonotypic expansions and regressions, was identified on average 5 months prior to clinical diagnosis of an irAE. Molecular responses assist with the interpretation of heterogeneous clinical responses, especially for patients with stable disease. Our complementary assessment of the peripheral tumor and immune compartments provides an approach for monitoring of clinical benefits and irAEs during immunotherapy.",Murray JC; Sivapalan L; Hummelink K; Balan A; White JR; Niknafs N; Rhymee L; Pereira G; Rao N; Weksler B; Bahary N; Phallen J; Leal A; Bartlett DL; Marrone KA; Naidoo J; Goel A; Levy B; Rosner S; Hann CL; Scott SC; Feliciano J; Lam VK; Ettinger DS; Li QK; Illei PB; Monkhorst K; Scharpf RB; Brahmer JR; Velculescu VE; Zaidi AH; Forde PM; Anagnostou V,Clinical cancer research : an official journal of the American Association for Cancer Research,2024,https://pubmed.ncbi.nlm.nih.gov/37939140/,,,"[""Europe PMC"", ""PubMed/MEDLINE""]",pmid:37939140
PubMed/MEDLINE,37702716,37702716,PMC10643998,10.1158/1078-0432.ccr-23-1578,Circulating Tumor DNA Monitoring on Chemo-immunotherapy for Risk Stratification in Advanced Non-Small Cell Lung Cancer.,"Chemoimmunotherapy (chemoIO) is a prevalent first-line treatment for advanced driver-negative non-small cell lung cancer (NSCLC), with maintenance therapy given after induction. However, there is significant clinical variability in the duration, dosing, and timing of maintenance therapy after induction chemoIO. We used circulating tumor DNA (ctDNA) monitoring to inform outcomes in patients with advanced NSCLC receiving chemoIO. This retrospective study included 221 patients from a phase III trial of atezolizumab+carboplatin+nab-paclitaxel versus carboplatin+nab-paclitaxel in squamous NSCLC (IMpower131). ctDNA monitoring used the FoundationOne Tracker involving comprehensive genomic profiling of pretreatment tumor tissue, variant selection using an algorithm to exclude nontumor variants, and multiplex PCR of up to 16 variants to detect and quantify ctDNA. ctDNA was detected (ctDNA+) in 96% of pretreatment samples (median, 93 mean tumor molecules/mL), and similar ctDNA dynamics were noted across treatment arms during chemoIO. ctDNA decrease from baseline to C4D1 was associated with improved outcomes across multiple cutoffs for patients treated with chemoIO. When including patients with missing plasma or ctDNA- at baseline, patients with ctDNA- at C4D1 (clearance), had more favorable progression-free survival (median 8.8 vs. 3.5 months; HR, 0.32;0.20-0.52) and OS (median not reached vs. 8.9 months; HR, 0.22; 0.12-0.39) from C4D1 than ctDNA+ patients. ctDNA monitoring during induction chemoIO can inform treatment outcomes in patients with advanced NSCLC. Importantly, monitoring remains feasible and informative for patients missing baseline ctDNA. ctDNA testing during induction chemoIO identifies patients at higher risk for disease progression and may inform patient selection for novel personalized maintenance or second-line treatment strategies.",Pellini B; Madison RW; Childress MA; Miller ST; Gjoerup O; Cheng J; Huang RSP; Krainock M; Gupta P; Zou W; Shames DS; Moshkevich S; Ballinger M; Liu MC; Young A; Srivastava MK; Oxnard GR; Socinski MA,Clinical cancer research : an official journal of the American Association for Cancer Research,2023,https://pubmed.ncbi.nlm.nih.gov/37702716/,,,"[""Europe PMC"", ""PubMed/MEDLINE""]",pmid:37702716
PubMed/MEDLINE,37724484,37724484,PMC10626252,10.1111/1759-7714.15098,Prognostic and predictive impact of molecular tumor burden index in non-small cell lung cancer patients.,"The biomarkers of immune checkpoint inhibitors in the treatment of non-small cell lung cancer (NSCLC) patients have limited predictive performance. In this study we aimed to investigate the feasibility of molecular tumor burden index (mTBI) in circulating tumor DNA (ctDNA) as a predictor for immunotherapy in patients with NSCLC. From February 2017 to November 2020, pretreatment and on-treatment (3~6 weeks after first cycle of immunotherapy) dynamic plasma ctDNA samples from NSCLC patients receiving immune monotherapy or combination therapy were analyzed by targeted capture sequencing of 1021 genes. PyClone was used to infer the mTBI. The impact of pretreatment mTBI on survival outcomes was verified in the POPLAR/OAK trials. We found that patients without detectable baseline ctDNA had better survival outcomes (median overall survival [OS]: not reached vs. 12.8 months; hazard ratio [HR], 0.15; p = 0.035]). RB1 and SMARCA4 mutations were remarkably associated with worse survival outcomes. Furthermore, lower pretreatment mTBI was associated with superior OS (median: not reached vs. 8.1 months; HR, 0.22; p = 0.024) and PFS (median: 32.9 vs. 5.4 months; HR, 0.35; p = 0.045), but not objective response, which was validated in the POPLAR/OAK cohort, suggesting that baseline mTBI was a prognostic factor for NSCLC immunotherapy. Early dynamic changes of mTBI (ΔmTBI) significantly distinguished responsive patients, and patients with mTBI decrease to more than 68% at the final tumor evaluation had longer OS (median: 38.2 vs. 4.0 months; HR, 0.18; p = 0.017) and PFS (median: not reached vs. 2.3 months; HR, 0.24; p = 0.030). ΔmTBI had a good sensitivity to identify potential beneficial patients based on the best effect CT scans, demonstrating that mTBI dynamics were predictive of benefit from immune checkpoint blockade.",Yang F; Tang M; Cui L; Bai J; Yu J; Gao J; Nie X; Li X; Xia X; Yi X; Zhang P; Li L,Thoracic cancer,2023,https://pubmed.ncbi.nlm.nih.gov/37724484/,,,"[""Europe PMC"", ""PubMed/MEDLINE""]",pmid:37724484
PubMed/MEDLINE,37814061,37814061,PMC10579094,10.1038/s41591-023-02598-9,ctDNA response after pembrolizumab in non-small cell lung cancer: phase 2 adaptive trial results.,"Circulating tumor DNA (ctDNA) has shown promise in capturing primary resistance to immunotherapy. BR.36 is a multi-center, randomized, ctDNA-directed, phase 2 trial of molecular response-adaptive immuno-chemotherapy for patients with lung cancer. In the first of two independent stages, 50 patients with advanced non-small cell lung cancer received pembrolizumab as standard of care. The primary objectives of stage 1 were to ascertain ctDNA response and determine optimal timing and concordance with radiologic Response Evaluation Criteria in Solid Tumors (RECIST) response. Secondary endpoints included the evaluation of time to ctDNA response and correlation with progression-free and overall survival. Maximal mutant allele fraction clearance at the third cycle of pembrolizumab signified molecular response (mR). The trial met its primary endpoint, with a sensitivity of ctDNA response for RECIST response of 82% (90% confidence interval (CI): 52-97%) and a specificity of 75% (90% CI: 56.5-88.5%). Median time to ctDNA response was 2.1 months (90% CI: 1.5-2.6), and patients with mR attained longer progression-free survival (5.03 months versus 2.6 months) and overall survival (not reached versus 7.23 months). These findings are incorporated into the ctDNA-driven interventional molecular response-adaptive second stage of the BR.36 trial in which patients at risk of progression are randomized to treatment intensification or continuation of therapy. ClinicalTrials.gov ID: NCT04093167 .",Anagnostou V; Ho C; Nicholas G; Juergens RA; Sacher A; Fung AS; Wheatley-Price P; Laurie SA; Levy B; Brahmer JR; Balan A; Niknafs N; Avrutin E; Zhu L; Sausen M; Bradbury PA; O'Donnell-Tormey J; Gaudreau PO; Ding K; Dancey J,Nature medicine,2023,https://pubmed.ncbi.nlm.nih.gov/37814061/,,,"[""Europe PMC"", ""PubMed/MEDLINE""]",pmid:37814061
PubMed/MEDLINE,37720499,37720499,PMC10504845,10.1177/17588359231198446,What is the ideal endpoint in early-stage immunotherapy neoadjuvant trials in lung cancer?,"Numerous clinical trials investigating neoadjuvant immune checkpoint inhibitors (ICI) have been performed over the last 5 years. As the number of neoadjuvant trials increases, attention must be paid to identifying informative trial endpoints. Complete pathologic response has been shown to be an appropriate surrogate endpoint for clinical outcomes, such as event-free survival or overall survival, in breast cancer and bladder cancer, but it is less established for non-small-cell lung cancer (NSCLC). The simultaneous advances reported with adjuvant ICI make the optimal strategy for early-stage disease debatable. Considering the long time required to conduct trials, it is important to identify optimal endpoints and discover surrogate endpoints for survival that can help guide ongoing clinical research. Endpoints can be grouped into two categories: medical and surgical. Medical endpoints are measures of survival and drug activity; surgical endpoints describe the feasibility of neoadjuvant approaches at a surgical level as well as perioperative attrition and complications. There are also several exploratory endpoints, including circulating tumor DNA clearance and radiomics. In this review, we outline the advantages and disadvantages of commonly reported endpoints for clinical trials of neoadjuvant regimens in NSCLC.",Cameron RB; Hines JB; Torri V; Porcu L; Donington J; Bestvina CM; Vokes E; Dolezal JM; Esposito A; Garassino MC,Therapeutic advances in medical oncology,2023,https://pubmed.ncbi.nlm.nih.gov/37720499/,,,"[""Europe PMC"", ""PubMed/MEDLINE""]",pmid:37720499
PubMed/MEDLINE,37460251,37460251,PMC10357629,10.1136/jitc-2022-004952corr1,"Correction: Short-term dynamics of circulating tumor DNA predicting efficacy of sintilimab plus docetaxel in second-line treatment of advanced NSCLC: biomarker analysis from a single-arm, phase 2 trial.",,,Journal for immunotherapy of cancer,2023,https://pubmed.ncbi.nlm.nih.gov/37460251/,,,"[""Europe PMC"", ""PubMed/MEDLINE""]",pmid:37460251
PubMed/MEDLINE,37137997,37137997,PMC10307873,10.1038/s41416-023-02285-z,NK cell activity and methylated HOXA9 ctDNA as prognostic biomarkers in patients with non-small cell lung cancer treated with PD-1/PD-L1 inhibitors.,"PD-1/PD-L1 inhibitors have improved survival for patients with non-small cell lung cancer (NSCLC). We evaluated natural killer cell activity (NKA) and methylated HOXA9 circulating tumor DNA (ctDNA) as prognostic biomarkers in NSCLC patients treated with PD-1/PD-L1 inhibitors. Plasma was prospectively collected from 71 NSCLC patients before treatment with PD-1/PD-L1 inhibitors and before cycles 2-4. We used the NK Vue® assay to measure the level of interferon gamma (IFNγ) as a surrogate for NKA. Methylated HOXA9 was measured by droplet digital PCR. A score combining NKA and ctDNA status measured after one treatment cycle had a strong prognostic impact. Group 1 had IFNγ < 250 pg/ml and detectable ctDNA (n = 27), group 2 consisted of patients with either low levels of IFNγ and undetectable ctDNA or high levels of IFNγ and detectable ctDNA (n = 29), group 3 had IFNγ ≥250 pg/ml and undetectable ctDNA (n = 15). Median OS was 221 days (95% CI 121-539 days), 419 days (95% CI 235-650 days), and 1158 days (95% CI 250 days-not reached), respectively (P = 0.002). Group 1 had a poor prognosis with a hazard ratio of 5.560 (95% CI 2.359-13.101, n = 71, P < 0.001) adjusting for PD-L1 status, histology, and performance status. Combining NKA and ctDNA status after one cycle of treatment was prognostic in patients with NSCLC treated with PD-1/PD-L1 inhibitors.",Wen SWC; Nederby L; Andersen RF; Hansen TS; Nyhus CH; Hilberg O; Jakobsen A; Hansen TF,British journal of cancer,2023,https://pubmed.ncbi.nlm.nih.gov/37137997/,,,"[""Europe PMC"", ""PubMed/MEDLINE""]",pmid:37137997
PubMed/MEDLINE,37425893,37425893,PMC10327039,10.1101/2023.06.23.546338,Elucidating the heterogeneity of immunotherapy response and immune-related toxicities by longitudinal ctDNA and immune cell compartment tracking in lung cancer.,"Although immunotherapy is the mainstay of therapy for advanced non-small cell lung cancer (NSCLC), robust biomarkers of clinical response are lacking. The heterogeneity of clinical responses together with the limited value of radiographic response assessments to timely and accurately predict therapeutic effect -especially in the setting of stable disease-call for the development of molecularly-informed real-time minimally invasive predictive biomarkers. In addition to capturing tumor regression, liquid biopsies may be informative in evaluating immune-related adverse events (irAEs). We investigated longitudinal changes in circulating tumor DNA (ctDNA) in patients with metastatic NSCLC who received immunotherapy-based regimens. Using ctDNA targeted error-correction sequencing together with matched sequencing of white blood cells and tumor tissue, we tracked serial changes in cell-free tumor load (cfTL) and determined molecular response for each patient. Peripheral T-cell repertoire dynamics were serially assessed and evaluated together with plasma protein expression profiles. Molecular response, defined as complete clearance of cfTL, was significantly associated with progression-free (log-rank p=0.0003) and overall survival (log-rank p=0.01) and was particularly informative in capturing differential survival outcomes among patients with radiographically stable disease. For patients who developed irAEs, peripheral blood T-cell repertoire reshaping, assessed by significant TCR clonotypic expansions and regressions were noted on-treatment. Molecular responses assist with interpretation of heterogeneous clinical responses especially for patients with stable disease. Our complementary assessment of the tumor and immune compartments by liquid biopsies provides an approach for monitoring of clinical benefit and immune-related toxicities for patients with NSCLC receiving immunotherapy. Longitudinal dynamic changes in cell-free tumor load and reshaping of the peripheral T-cell repertoire capture clinical outcomes and immune-related toxicities during immunotherapy for patients with non-small cell lung cancer.",Murray JC; Sivapalan L; Hummelink K; Balan A; White JR; Niknafs N; Rhymee L; Pereira G; Rao N; Phallen J; Leal A; Bartlett DL; Marrone KA; Naidoo J; Levy B; Rosner S; Hann CL; Scott SC; Feliciano J; Lam VK; Ettinger DS; Li QK; Illei PB; Monkhorst K; Zaidi AH; Scharpf RB; Brahmer JR; Velculescu VE; Forde PM; Anagnostou V,bioRxiv : the preprint server for biology,2023,https://pubmed.ncbi.nlm.nih.gov/37425893/,,,"[""PubMed/MEDLINE""]",pmid:37425893
PubMed/MEDLINE,37071497,37071497,PMC10261918,10.1158/1078-0432.ccr-22-2242,Dynamics of Sequence and Structural Cell-Free DNA Landscapes in Small-Cell Lung Cancer.,"Patients with small-cell lung cancer (SCLC) have an exceptionally poor prognosis, calling for improved real-time noninvasive biomarkers of therapeutic response. We performed targeted error-correction sequencing on 171 serial plasmas and matched white blood cell (WBC) DNA from 33 patients with metastatic SCLC who received treatment with chemotherapy (n = 16) or immunotherapy-containing (n = 17) regimens. Tumor-derived sequence alterations and plasma aneuploidy were evaluated serially and combined to assess changes in total cell-free tumor load (cfTL). Longitudinal dynamic changes in cfTL were monitored to determine circulating cell-free tumor DNA (ctDNA) molecular response during therapy. Combined tiered analyses of tumor-derived sequence alterations and plasma aneuploidy allowed for the assessment of ctDNA molecular response in all patients. Patients classified as molecular responders (n = 9) displayed sustained elimination of cfTL to undetectable levels. For 14 patients, we observed initial molecular responses, followed by ctDNA recrudescence. A subset of patients (n = 10) displayed a clear pattern of molecular progression, with persistence of cfTL across all time points. Molecular responses captured the therapeutic effect and long-term clinical outcomes in a more accurate and rapid manner compared with radiographic imaging. Patients with sustained molecular responses had longer overall (log-rank P = 0.0006) and progression-free (log-rank P < 0.0001) survival, with molecular responses detected on average 4 weeks earlier than imaging. ctDNA analyses provide a precise approach for the assessment of early on-therapy molecular responses and have important implications for the management of patients with SCLC, including the development of improved strategies for real-time tumor burden monitoring. See related commentary by Pellini and Chaudhuri, p. 2176.",Sivapalan L; Iams WT; Belcaid Z; Scott SC; Niknafs N; Balan A; White JR; Kopparapu P; Cann C; Landon BV; Pereira G; Velculescu VE; Hann CL; Lovly CM; Anagnostou V,Clinical cancer research : an official journal of the American Association for Cancer Research,2023,https://pubmed.ncbi.nlm.nih.gov/37071497/,,,"[""PubMed/MEDLINE""]",pmid:37071497
PubMed/MEDLINE,37323168,37323168,PMC10261859,10.21037/tlcr-22-818,Blood tumor mutational burden and dynamic changes in circulating tumor DNA predict response to pembrolizumab treatment in advanced non-small cell lung cancer.,"The use of immunotherapy targeting the programmed cell death protein-1 (PD-1) and its ligand (PD-L1) has provided new hope for patients with non-small cell lung cancer (NSCLC). However, good biomarkers are needed to identify which patients will benefit from the treatment. In this study, we investigated if circulating tumor DNA (ctDNA) could predict response to pembrolizumab. Plasma samples from patients with NSCLC treated with pembrolizumab were collected immediately before and after one or two cycles of treatment. ctDNA was isolated and analyzed using targeted next-generation sequencing with a lung cancer gene panel. Mutations were detected in ctDNA in 83.93% of patients before treatment initiation. High blood tumor mutational burden (bTMB), measured as the number of different mutations per Mb panel, correlated to longer progression-free survival (PFS) (10.45 vs. 2.30 months) and overall survival (OS) (21.80 vs. 12.20 months), whereas no predictive value was found in the number of mutant molecules per mL of plasma. The absence of mutations just after treatment initiation correlated with improved PFS (20.25 vs. 4.18 months) and OS (28.93 vs. 15.33 months). High bTMB before treatment was associated with a decreasing ctDNA level after treatment initiation. Importantly, a subgroup of patients experienced an increase in the ctDNA level after treatment initiation, and this correlated with inferior PFS (2.19 vs. 11.21 months) and OS (7.76 vs. 24.20 months). All patients in the subgroup with increased ctDNA level progressed within 10 months. Monitoring of ctDNA contains vital information about response to therapy, where the bTMB and the dynamics in the initial part of treatment are particularly important for response. Increasing ctDNA levels after treatment initiation are significantly correlated with inferior survival.",Stensgaard S; Thomsen A; Helstrup S; Meldgaard P; Sorensen BS,Translational lung cancer research,2023,https://pubmed.ncbi.nlm.nih.gov/37323168/,,,"[""Europe PMC"", ""PubMed/MEDLINE""]",pmid:37323168
PubMed/MEDLINE,36915241,36915241,PMC10101775,10.4143/crt.2023.446,Utilizing Plasma Circulating Tumor DNA Sequencing for Precision Medicine in the Management of Solid Cancers.,"Plasma circulating tumor DNA (ctDNA) sequencing has demonstrated clinical utility for tumor molecular profiling at initial diagnosis or tumor progression in advanced solid cancers and is being rapidly incorporated into the clinical practice guidelines, including non-small cell lung and breast cancer. Despite relatively low sensitivity, plasma ctDNA sequencing has several advantages over tissue-based assays, including ease of sampling, rapid turnaround time, repeatability, and the ability to overcome spatial heterogeneity, which makes it ideal for investigating acquired resistance and monitoring tumor evolution and dynamics. With technological advancement and declining costs, the clinical application of plasma ctDNA is expanding, and numerous ongoing clinical trials are examining its potential to guide the management of advanced, localized, and even preclinical cancers of various tumor types. The ability of plasma ctDNA analysis to detect minimal residual disease following curative treatment in the absence of clinical disease is among its most promising attributes. Plasma ctDNA sequencing can also facilitate the conduct of clinical trials and drug development, particularly in immunotherapy. In order to incorporate plasma ctDNA sequencing for clinical decision-making, it is important to understand the preanalytical and analytical factors that may affect its sensitivity and reliability.",Cha Y; Kim S; Han SW,Cancer research and treatment,2023,https://pubmed.ncbi.nlm.nih.gov/36915241/,,,"[""Europe PMC"", ""PubMed/MEDLINE""]",pmid:36915241
PubMed/MEDLINE,36600554,36600554,PMC9730395,10.1136/jitc-2022-004952,"Short-term dynamics of circulating tumor DNA predicting efficacy of sintilimab plus docetaxel in second-line treatment of advanced NSCLC: biomarker analysis from a single-arm, phase 2 trial.","Robust biomarker predicting efficacy of immunotherapy is limited. Circulating tumor DNA (ctDNA) sought to effectively monitor therapeutic response as well as disease progression. This study aims to investigate predictive role of ctDNA short-term dynamic change (6 weeks postimmunotherapy) in a single-arm, phase 2 trial of sintilimab plus docetaxel for previously treated advanced non-small cell lung cancer (NSCLC) patients. A total of 33 patients with advanced NSCLC with disease progression during or after any first-line treatment were prospectively enrolled between 2019 and 2020. Patients received sintilimab (200 mg, day 1, every 3 weeks) plus docetaxel (75 mg/m2, day 3, every 3 weeks) for 4-6 cycles, followed by maintenance therapy with sintilimab (200 mg, day 1, every 3 weeks) until disease progression or unacceptable toxic effects. Blood samples were prospectively collected at baseline, and after 2 cycles of treatment (6 weeks post-treatment). All samples were subjected to targeted next-generation sequencing with a panel of 448 cancer-related genes. The landscape of high-frequency genomic profile of baseline and 6th week was described. Major molecular characteristics in preselected genes of interest associated with response to second-line chemoimmunotherapy were analyzed. The curative effects and prognosis of patients were evaluated. Patients with ctDNA clearance at 6th week had decreased tumor volume, while most patients with positive ctDNA at 6th-week experienced an increase in tumor volume. Positive 6th-week ctDNA was associated with significantly shorter progression-free survival (PFS) (91 vs NR days; p<0.0001) and overall survival (47 vs 467 days; p =0.0039). Clearance of clonal mutations and none new clonal formation at 6th week were associated with longer PFS (mPFS 89 vs 266 days, p =0.003). ctDNA clearance at 6th week was an independent risk factor for progression or death (HR=100 (95% CI 4.10 to 2503.00), p=0.005). ctDNA status and ctDNA mutation clearance putatively serve as predictive biomarkers for sintilimab combined with docetaxel chemotherapy in pretreated advanced NSCLC patients.",Han X; Tang X; Zhu H; Zhu D; Zhang X; Meng X; Hua Y; Wang Z; Zhang Y; Huang W; Wang L; Yuan S; Zhang P; Gong H; Sun Y; Zhang Y; Liu Z; Dong X; Gai F; Huang Z; Zhu C; Guo J; Wang Z,Journal for immunotherapy of cancer,2022,https://pubmed.ncbi.nlm.nih.gov/36600554/,,,"[""Europe PMC"", ""PubMed/MEDLINE""]",pmid:36600554
PubMed/MEDLINE,35576508,35576508,PMC9426809,10.1200/jco.21.02660,Overall Survival and Biomarker Analysis of Neoadjuvant Nivolumab Plus Chemotherapy in Operable Stage IIIA Non-Small-Cell Lung Cancer (NADIM phase II trial).,"Neoadjuvant chemotherapy plus nivolumab has been shown to be effective in resectable non-small-cell lung cancer (NSCLC) in the NADIM trial (ClinicalTrials.gov identifier: NCT03081689). The 3-year overall survival (OS) and circulating tumor DNA (ctDNA) analysis have not been reported. This was an open-label, multicenter, single-arm, phase II trial in which patients with stage IIIA NSCLC, who were deemed to be surgically resectable, were treated with neoadjuvant paclitaxel (200 mg/m2 once a day) and carboplatin (area under curve 6) plus nivolumab (360 mg) once on day 1 of each 21-day cycle, for three cycles, followed by adjuvant nivolumab monotherapy for 1 year (240 mg once every 2 weeks for 4 months, followed by 480 mg once every 4 weeks for 8 months). The 3-year OS and ctDNA analysis were secondary objectives of the trial. OS at 36 months was 81.9% (95% CI, 66.8 to 90.6) in the intention-to-treat population, rising to 91.0% (95% CI, 74.2 to 97.0) in the per-protocol population. Neither tumor mutation burden nor programmed cell death ligand-1 staining was predictive of survival. Conversely, low pretreatment levels of ctDNA were significantly associated with improved progression-free survival and OS (hazard ratio [HR], 0.20; 95% CI, 0.06 to 0.63, and HR, 0.07; 95% CI, 0.01 to 0.39, respectively). Clinical responses according to RECIST v1.1 criteria did not predict survival outcomes. However, undetectable ctDNA levels after neoadjuvant treatment were significantly associated with progression-free survival and OS (HR, 0.26; 95% CI, 0.07 to 0.93, and HR, 0.04; 95% CI, 0.00 to 0.55, respectively). The C-index to predict OS for ctDNA levels after neoadjuvant treatment (0.82) was superior to that of RECIST criteria (0.72). The efficacy of neoadjuvant chemotherapy plus nivolumab in resectable NSCLC is supported by 3-year OS. ctDNA levels were significantly associated with OS and outperformed radiologic assessments in the prediction of survival.",Provencio M; Serna-Blasco R; Nadal E; Insa A; García-Campelo MR; Casal Rubio J; Dómine M; Majem M; Rodríguez-Abreu D; Martínez-Martí A; De Castro Carpeño J; Cobo M; López Vivanco G; Del Barco E; Bernabé Caro R; Viñolas N; Barneto Aranda I; Viteri S; Pereira E; Royuela A; Calvo V; Martín-López J; García-García F; Casarrubios M; Franco F; Sánchez-Herrero E; Massuti B; Cruz-Bermúdez A; Romero A,Journal of clinical oncology : official journal of the American Society of Clinical Oncology,2022,https://pubmed.ncbi.nlm.nih.gov/35576508/,,,"[""Europe PMC"", ""PubMed/MEDLINE""]",pmid:35576508
PubMed/MEDLINE,35716631,35716631,,10.1016/j.lungcan.2022.05.013,Decoding circulating tumor DNA to identify durable benefit from immunotherapy in lung cancer.,"Predicting the outcome of immunotherapy-treated non-small cell lung cancer (NSCLC) patients is challenging. Measuring circulating tumor DNA (ctDNA) in plasma is promising, but its application for outcome delineation needs further refinement. Since most information from the next-generation sequencing (NGS) panel is typically left unused, we aim to integrate more information. Patient and ctDNA data were compiled from five published studies involving advanced NSCLC. Plasma samples collected prior (t0) and early during (t1) immunotherapy were selected, tracking the changes of the highest t0 variant per gene. Durable benefit (DB, defined as progression free survival ≥ ½ year) was predicted. Performance was quantified using the integrated receiver operating characteristic curve (ROC AUC) and compared with the traditional molecular response (MR). A total of 365 patients were pooled. Seven recurrently mutated genes were selected which optimally predicted DB (ROC AUC: 0.77-0.11+0.10), outperforming the MR predictor (with a ROC AUC: 0.64-0.11+0.11). Inclusion of patient characteristics led to a slight further improvement (ROC AUC: 0.80-0.10+0.09). The model performed satisfactory across all ctDNA platforms despite differences in panel size and content. Relative to a non-informative classifier (ROC AUC: 0.5), a twofold improvement in predictive value was achieved compared to MR by an integration of changes across seven selected genes in immunotherapy-treated NSCLC patients, whilst being broadly applicable across ctDNA NGS panels.",Donker HC; Schuuring E; Heitzer E; Groen HJM,"Lung cancer (Amsterdam, Netherlands)",2022,https://pubmed.ncbi.nlm.nih.gov/35716631/,,,"[""Europe PMC"", ""PubMed/MEDLINE""]",pmid:35716631
PubMed/MEDLINE,35688557,35688557,PMC9189831,10.1136/jitc-2022-004688,Peripheral blood immune cell dynamics reflect antitumor immune responses and predict clinical response to immunotherapy.,"Despite treatment advancements with immunotherapy, our understanding of response relies on tissue-based, static tumor features such as tumor mutation burden (TMB) and programmed death-ligand 1 (PD-L1) expression. These approaches are limited in capturing the plasticity of tumor-immune system interactions under selective pressure of immune checkpoint blockade and predicting therapeutic response and long-term outcomes. Here, we investigate the relationship between serial assessment of peripheral blood cell counts and tumor burden dynamics in the context of an evolving tumor ecosystem during immune checkpoint blockade. Using machine learning, we integrated dynamics in peripheral blood immune cell subsets, including neutrophil-lymphocyte ratio (NLR), from 239 patients with metastatic non-small cell lung cancer (NSCLC) and predicted clinical outcome with immune checkpoint blockade. We then sought to interpret NLR dynamics in the context of transcriptomic and T cell repertoire trajectories for 26 patients with early stage NSCLC who received neoadjuvant immune checkpoint blockade. We further determined the relationship between NLR dynamics, pathologic response and circulating tumor DNA (ctDNA) clearance. Integrated dynamics of peripheral blood cell counts, predominantly NLR dynamics and changes in eosinophil levels, predicted clinical outcome, outperforming both TMB and PD-L1 expression. As early changes in NLR were a key predictor of response, we linked NLR dynamics with serial RNA sequencing deconvolution and T cell receptor sequencing to investigate differential tumor microenvironment reshaping during therapy for patients with reduction in peripheral NLR. Reductions in NLR were associated with induction of interferon-γ responses driving the expression of antigen presentation and proinflammatory gene sets coupled with reshaping of the intratumoral T cell repertoire. In addition, NLR dynamics reflected tumor regression assessed by pathological responses and complemented ctDNA kinetics in predicting long-term outcome. Elevated peripheral eosinophil levels during immune checkpoint blockade were correlated with therapeutic response in both metastatic and early stage cohorts. Our findings suggest that early dynamics in peripheral blood immune cell subsets reflect changes in the tumor microenvironment and capture antitumor immune responses, ultimately reflecting clinical outcomes with immune checkpoint blockade.",Hwang M; Canzoniero JV; Rosner S; Zhang G; White JR; Belcaid Z; Cherry C; Balan A; Pereira G; Curry A; Niknafs N; Zhang J; Smith KN; Sivapalan L; Chaft JE; Reuss JE; Marrone K; Murray JC; Li QK; Lam V; Levy BP; Hann C; Velculescu VE; Brahmer JR; Forde PM; Seiwert T; Anagnostou V,Journal for immunotherapy of cancer,2022,https://pubmed.ncbi.nlm.nih.gov/35688557/,,,"[""Europe PMC"", ""PubMed/MEDLINE""]",pmid:35688557
PubMed/MEDLINE,34923163,34923163,,10.1016/j.jtho.2021.11.018,Camrelizumab Plus Carboplatin and Paclitaxel as First-Line Treatment for Advanced Squamous NSCLC (CameL-Sq): A Phase 3 Trial.,"Camrelizumab, a humanized immunoglobulin G4-κ monoclonal antibody against programmed cell death protein 1, has exhibited antitumor activity and tolerability across various tumors, including lung cancers. We conducted this double-blind, randomized phase 3 trial to investigate the efficacy and safety of camrelizumab or placebo plus chemotherapy as first-line treatment for patients with advanced squamous NSCLC. The predictive value of circulating tumor DNA (ctDNA) dynamics was also analyzed. CameL-sq, a double-blind, randomized phase 3 trial (NCT03668496), was conducted in 53 centers in the People's Republic of China. A total of 389 patients with stage IIIB-IV squamous NSCLC were randomized (1:1) to receive 4 to 6 cycles of carboplatin plus paclitaxel with camrelizumab or placebo (every 3 wk), followed by maintenance therapy with camrelizumab or placebo. Peripheral blood ctDNA samples were collected at baseline and the time after two cycles of treatment. Of 389 eligible patients, 193 patients allocated camrelizumab plus chemotherapy and 196 patients allocated placebo plus chemotherapy were included in the efficacy and safety analysis. The results revealed significantly prolonged progression-free survival (median, 8.5 vs. 4.9 mo; p <0.0001) and overall survival (median, not reached vs. 14.5 mo; p <0.0001) with camrelizumab-chemotherapy versus placebo-chemotherapy. No unexpected treatment immune-related adverse events were observed in both groups. Biomarker analysis revealed that ctDNA clearance after two cycles of treatment was independently associated with dramatically longer progression-free survival (p <0.0001) and overall survival (p <0.0001) in camrelizumab plus chemotherapy group. Our findings support camrelizumab plus chemotherapy as a first-line treatment option in advanced squamous NSCLC. On-treatment ctDNA dynamics exhibited the potency to predict the efficacy of camrelizumab plus chemotherapy.",Ren S; Chen J; Xu X; Jiang T; Cheng Y; Chen G; Pan Y; Fang Y; Wang Q; Huang Y; Yao W; Wang R; Li X; Zhang W; Zhang Y; Hu S; Guo R; Shi J; Wang Z; Cao P; Wang D; Fang J; Luo H; Geng Y; Xing C; Lv D; Zhang Y; Yu J; Cang S; Yang Z; Shi W; Zou J; Zhou C; CameL-sq Study Group,Journal of thoracic oncology : official publication of the International Association for the Study of Lung Cancer,2022,https://pubmed.ncbi.nlm.nih.gov/34923163/,,,"[""PubMed/MEDLINE""]",pmid:34923163
PubMed/MEDLINE,35280315,35280315,PMC8902085,10.21037/tlcr-22-106,Circulating tumor DNA predicts neoadjuvant immunotherapy efficacy and recurrence-free survival in surgical non-small cell lung cancer patients.,"There is currently a lack of effective biomarkers to evaluate efficacy of neoadjuvant therapy (NAT) for resectable non-small cell lung cancer (NSCLC) patients. Circulating tumor DNA (ctDNA) has been investigated as a non-invasive tool for the assessment of tumor burden and minimal residual disease (MRD). The utility of ctDNA profiling in reflecting NAT efficacy, however, has not been confirmed. This study explored the association of ctDNA change with treatment response to NAT and recurrence-free survival (RFS) after surgery. Eligible patients with stage IB-IIIA NSCLC were retrospectively included if they had received neoadjuvant immunotherapy combined with chemotherapy (IO+Chemo), dual immunotherapy (IO+IO), or chemotherapy alone (Chemo). We conducted ctDNA profiling before and after NAT, after surgery, and during follow-ups using an ultra-deep lung cancer-specific MRD (LC-MRD) sequencing panel. A total of 22 patients who received NAT followed by surgery between August 2018 and July 2019 were included in this study. The major pathological response (MPR) rates were 58.33% (7/12) in the IO+Chemo group, 25.00% (1/4) in the IO+IO group, and 16.67% (1/6) in the Chemo group. The ctDNA dynamics during NAT were highly concordant with pathologic response, demonstrating 100% sensitivity and 83.33% specificity, for an overall accuracy of 91.67%. Pre-surgery detectable ctDNA (after NAT) trended to correlate with inferior RFS [hazard ratio (HR), 7.41; 95% confidence interval (CI): 0.91-60.22, log-rank P=0.03]. At 3-8 days after surgery, ctDNA was detectable in 31.8% of patients and was an independent risk factor for recurrence (HR, 5.37; 95% CI: 1.27-22.67; log-rank P=0.01). The presence of ctDNA at 3 months after surgery showed 83% sensitivity and 90% specificity for predicting relapse (C-index, 0.79; 95% CI: 0.62-0.95). During disease monitoring after surgery, molecular recurrence by means of ctDNA preceded radiographic relapse, with a median time of 6.83 months. This study investigated the potential of ctDNA in evaluating NAT efficacy in NSCLC, implying the high concordance between ctDNA and pathological response. We also set out the prognostic value of perioperative ctDNA in predicting recurrence.",Yue D; Liu W; Chen C; Zhang T; Ma Y; Cui L; Gu Y; Bei T; Zhao X; Zhang B; Bai Y; Romero A; Xu-Welliver M; Wang C; Zhang Z; Zhang B,Translational lung cancer research,2022,https://pubmed.ncbi.nlm.nih.gov/35280315/,,,"[""Europe PMC"", ""PubMed/MEDLINE""]",pmid:35280315
PubMed/MEDLINE,36427429,36427429,PMC12971054,10.1016/j.ctarc.2022.100659,Induction EGFR tyrosine kinase inhibitors prior to definitive chemoradiotherapy in unresectable stage III EGFR-mutated non-small cell lung cancer.,"Increasing evidence suggests that consolidation durvalumab confers limited benefits for patients with stage III EGFR-mutated NSCLC. Induction or maintenance EGFR tyrosine kinase inhibitors (TKIs) added to concurrent chemoradiotherapy (CRT) may optimize definitive treatment, but there are limited data supporting an induction TKI strategy. We evaluated the efficacy and safety of induction EGFR TKIs administered before concurrent CRT in a retrospective series of patients with unresectable locally advanced EGFR-mutated NSCLC. Circulating tumor DNA (ctDNA) analysis was performed on a patient subset using CAPP-seq and correlated with outcomes. Of six patients, three received erlotinib and three osimertinib as induction therapy before CRT. Induction TKIs were administered for a median of 2.5 months. The objective response rate after induction TKI was 83%. One patient had a complete response to induction erlotinib and continued erlotinib for 4 years until local progression, which was treated with CRT. Two patients completed maintenance erlotinib after CRT, and another received consolidation durvalumab. After a median follow-up of 20.5 months, only one patient developed disease recurrence, with rising ctDNA coinciding with recurrence. ctDNA remained undetectable in patients without recurrence, or low-level in a patient receiving maintenance erlotinib. Adverse events were mild and expected, and none developed pneumonitis. Induction EGFR TKI before CRT may achieve high disease control rates with promising signs of durability in patients with locally advanced EGFR-mutated NSCLC. ctDNA analysis after CRT can correlate well with clinical outcomes. Prospective studies are needed to define the role of induction EGFR TKIs in this setting.",Aredo JV; Wakelee HA; Hui AB; Padda SK; Joshi ND; Guo HH; Chaudhuri A; Diehn M; Loo BW; Neal JW,Cancer treatment and research communications,2022,https://pubmed.ncbi.nlm.nih.gov/36427429/,,,"[""Europe PMC"", ""PubMed/MEDLINE""]",pmid:36427429
PubMed/MEDLINE,34994642,34994642,,10.1200/po.21.00182,Dynamic Changes of Circulating Tumor DNA Predict Clinical Outcome in Patients With Advanced Non-Small-Cell Lung Cancer Treated With Immune Checkpoint Inhibitors.,"Immune checkpoint inhibitors (ICIs) are increasingly being used in non-small-cell lung cancer (NSCLC), yet biomarkers predicting their benefit are lacking. We evaluated if on-treatment changes of circulating tumor DNA (ctDNA) from ICI start (t0) to after two cycles (t1) assessed with a commercial panel could identify patients with NSCLC who would benefit from ICI. The molecular ctDNA response was evaluated as a predictor of radiographic tumor response and long-term survival benefit of ICI. To maximize the yield of ctDNA detection, de novo mutation calling was performed. Furthermore, the impact of clonal hematopoiesis (CH)-related variants as a source of biologic noise was investigated. After correction for CH-related variants, which were detected in 75 patients (44.9%), ctDNA was detected in 152 of 167 (91.0%) patients. We observed only a fair agreement of the molecular and radiographic response, which was even more impaired by the inclusion of CH-related variants. After exclusion of those, a ≥ 50% molecular response improved progression-free survival (10 v 2 months; hazard ratio [HR], 0.55; 95% CI, 0.39 to 0.77; P = .0011) and overall survival (18.4 v 5.9 months; HR, 0.44; 95% CI, 0.31 to 0.62; P < .0001) compared with patients not achieving this end point. After adjusting for clinical variables, ctDNA response and STK11/KEAP1 mutations (HR, 2.08; 95% CI, 1.4 to 3.0; P < .001) remained independent predictors for overall survival, irrespective of programmed death ligand-1 expression. A landmark survival analysis at 2 months (n = 129) provided similar results. On-treatment changes of ctDNA in plasma reveal predictive information for long-term clinical benefit in ICI-treated patients with NSCLC. A broader NSCLC patient coverage through de novo mutation calling and the use of a variant call set excluding CH-related variants improved the classification of molecular responders, but had no significant impact on survival.",Weber S; van der Leest P; Donker HC; Schlange T; Timens W; Tamminga M; Hasenleithner SO; Graf R; Moser T; Spiegl B; Yaspo ML; Terstappen LWMM; Sidorenkov G; Hiltermann TJN; Speicher MR; Schuuring E; Heitzer E; Groen HJM,JCO precision oncology,2021,https://pubmed.ncbi.nlm.nih.gov/34994642/,,,"[""Europe PMC"", ""PubMed/MEDLINE""]",pmid:34994642
PubMed/MEDLINE,34449963,34449963,PMC8564646,10.1002/1878-0261.13090,Circulating tumor DNA as a biomarker for monitoring early treatment responses of patients with advanced lung adenocarcinoma receiving immune checkpoint inhibitors.,"Immunotherapy for metastasized non-small-cell lung cancer (NSCLC) can show long-lasting clinical responses. Selection of patients based on programmed death-ligand 1 (PD-L1) expression shows limited predictive value for durable clinical benefit (DCB). We investigated whether early treatment effects as measured by a change in circulating tumor DNA (ctDNA) level is a proxy of early tumor response to immunotherapy according to response evaluation criteria in solid tumors v1.1 criteria, progression-free survival (PFS), DCB, and overall survival (OS). To this aim, blood tubes were collected from advanced-stage lung adenocarcinoma patients (n = 100) receiving immune checkpoint inhibitors (ICI) at baseline (t0 ) and prior to first treatment evaluation (4-6 weeks; t1 ). Nontargetable (driver) mutations detected in the pretreatment tumor biopsy were used to quantify tumor-specific ctDNA levels using droplet digital PCR. We found that changes in ctDNA levels were strongly associated with tumor response. A > 30% decrease in ctDNA at t1 correlated with a longer PFS and OS. In total, 80% of patients with a DCB of ≥ 26 weeks displayed a > 30% decrease in ctDNA levels. For patients with a PD-L1 tumor proportion score of ≥ 1%, decreasing ctDNA levels were associated with a higher frequency a DCB (80%) and a prolonged median PFS (85 weeks) and OS (101 weeks) compared with patients with no decrease in ctDNA (34%; 11 and 39 weeks, respectively). This study shows that monitoring of ctDNA dynamics is an easy-to-use and promising tool for assessing PFS, DCB, and OS for ICI-treated NSCLC patients.",van der Leest P; Hiddinga B; Miedema A; Aguirre Azpurua ML; Rifaela N; Ter Elst A; Timens W; Groen HJM; van Kempen LC; Hiltermann TJN; Schuuring E,Molecular oncology,2021,https://pubmed.ncbi.nlm.nih.gov/34449963/,,,"[""Europe PMC"", ""PubMed/MEDLINE""]",pmid:34449963
PubMed/MEDLINE,34095713,34095713,PMC8169078,10.1200/po.20.00321,Serial Monitoring of Circulating Tumor DNA by Next-Generation Gene Sequencing as a Biomarker of Response and Survival in Patients With Advanced NSCLC Receiving Pembrolizumab-Based Therapy.,"Although the majority of patients with metastatic non-small-cell lung cancer (mNSCLC) lacking a detectable targetable mutation will receive pembrolizumab-based therapy in the frontline setting, predicting which patients will experience a durable clinical benefit (DCB) remains challenging. Patients with mNSCLC receiving pembrolizumab monotherapy or in combination with chemotherapy underwent a 74-gene next-generation sequencing panel on blood samples obtained at baseline and at 9 weeks. The change in circulating tumor DNA levels on-therapy (molecular response) was quantified using a ratio calculation with response defined by a > 50% decrease in mean variant allele fraction. Patient response was assessed using RECIST 1.1; DCB was defined as complete or partial response or stable disease that lasted > 6 months. Progression-free survival and overall survival were recorded. Among 67 patients, 51 (76.1%) had > 1 variant detected at a variant allele fraction > 0.3% and thus were eligible for calculation of molecular response from paired baseline and 9-week samples. Molecular response values were significantly lower in patients with an objective radiologic response (log mean 1.25% v 27.7%, P < .001). Patients achieving a DCB had significantly lower molecular response values compared to patients with no durable benefit (log mean 3.5% v 49.4%, P < .001). Molecular responders had significantly longer progression-free survival (hazard ratio, 0.25; 95% CI, 0.13 to 0.50) and overall survival (hazard ratio, 0.27; 95% CI, 0.12 to 0.64) compared with molecular nonresponders. Molecular response assessment using circulating tumor DNA may serve as a noninvasive, on-therapy predictor of response to pembrolizumab-based therapy in addition to standard of care imaging in mNSCLC. This strategy requires validation in independent prospective studies.",Thompson JC; Carpenter EL; Silva BA; Rosenstein J; Chien AL; Quinn K; Espenschied CR; Mak A; Kiedrowski LA; Lefterova M; Nagy RJ; Katz SI; Yee SS; Black TA; Singh AP; Ciunci CA; Bauml JM; Cohen RB; Langer CJ; Aggarwal C,JCO precision oncology,2021,https://pubmed.ncbi.nlm.nih.gov/34095713/,,,"[""Europe PMC"", ""PubMed/MEDLINE""]",pmid:34095713
PubMed/MEDLINE,33007267,33007267,PMC7572899,10.1016/j.cell.2020.09.001,Noninvasive Early Identification of Therapeutic Benefit from Immune Checkpoint Inhibition.,"Although treatment of non-small cell lung cancer (NSCLC) with immune checkpoint inhibitors (ICIs) can produce remarkably durable responses, most patients develop early disease progression. Furthermore, initial response assessment by conventional imaging is often unable to identify which patients will achieve durable clinical benefit (DCB). Here, we demonstrate that pre-treatment circulating tumor DNA (ctDNA) and peripheral CD8 T cell levels are independently associated with DCB. We further show that ctDNA dynamics after a single infusion can aid in identification of patients who will achieve DCB. Integrating these determinants, we developed and validated an entirely noninvasive multiparameter assay (DIREct-On, Durable Immunotherapy Response Estimation by immune profiling and ctDNA-On-treatment) that robustly predicts which patients will achieve DCB with higher accuracy than any individual feature. Taken together, these results demonstrate that integrated ctDNA and circulating immune cell profiling can provide accurate, noninvasive, and early forecasting of ultimate outcomes for NSCLC patients receiving ICIs.",Nabet BY; Esfahani MS; Moding EJ; Hamilton EG; Chabon JJ; Rizvi H; Steen CB; Chaudhuri AA; Liu CL; Hui AB; Almanza D; Stehr H; Gojenola L; Bonilla RF; Jin MC; Jeon YJ; Tseng D; Liu C; Merghoub T; Neal JW; Wakelee HA; Padda SK; Ramchandran KJ; Das M; Plodkowski AJ; Yoo C; Chen EL; Ko RB; Newman AM; Hellmann MD; Alizadeh AA; Diehn M,Cell,2020,https://pubmed.ncbi.nlm.nih.gov/33007267/,,,"[""Europe PMC"", ""PubMed/MEDLINE""]",pmid:33007267
PubMed/MEDLINE,32382482,32382482,PMC7201246,10.1002/advs.201903410,Tracking Neoantigens by Personalized Circulating Tumor DNA Sequencing during Checkpoint Blockade Immunotherapy in Non-Small Cell Lung Cancer.,"The evolutionary dynamics of tumor-associated neoantigens carry information about drug sensitivity and resistance to the immune checkpoint blockade (ICB). However, the spectrum of somatic mutations is highly heterogeneous among patients, making it difficult to track neoantigens by circulating tumor DNA (ctDNA) sequencing using ""one size fits all"" commercial gene panels. Thus, individually customized panels (ICPs) are needed to track neoantigen evolution comprehensively during ICB treatment. Dominant neoantigens are predicted from whole exome sequencing data for treatment-naïve tumor tissues. Panels targeting predicted neoantigens are used for personalized ctDNA sequencing. Analyzing ten patients with non-small cell lung cancer, ICPs are effective for tracking most predicted dominant neoantigens (80-100%) in serial peripheral blood samples, and to detect substantially more genes (18-30) than the capacity of current commercial gene panels. A more than 50% decrease in ctDNA concentration after eight weeks of ICB administration is associated with favorable progression-free survival. Furthermore, at the individual level, the magnitude of the early ctDNA response is correlated with the subsequent change in tumor burden. The application of ICP-based ctDNA sequencing is expected to improve the understanding of ICB-driven tumor evolution and to provide personalized management strategies that optimize the clinical benefits of immunotherapies.",Jia Q; Chiu L; Wu S; Bai J; Peng L; Zheng L; Zang R; Li X; Yuan B; Gao Y; Wu D; Li X; Wu L; Sun J; He J; Robinson BWS; Zhu B,"Advanced science (Weinheim, Baden-Wurttemberg, Germany)",2020,https://pubmed.ncbi.nlm.nih.gov/32382482/,,,"[""Europe PMC"", ""PubMed/MEDLINE""]",pmid:32382482
PubMed/MEDLINE,32091646,32091646,PMC7216449,10.1634/theoncologist.2019-0671,Managing Hyperprogressive Disease in the Era of Programmed Cell Death Protein 1/Programmed Death-Ligand 1 Blockade: A Case Discussion and Review of the Literature.,"A breakthrough in oncology over the last 5 years, immunotherapy has proved its salutary effects in a wide range of solid tumors. The targeting of the programmed cell death protein 1 (PD-1)/programmed death-ligand 1 (PD-L1) pathway can restore a competent antitumor T-cell response by addressing key tumor immune evasion mechanisms. This novel mechanism of action is associated with new patterns of responses that were not observed with conventional treatments such as chemotherapy or targeted therapies. Thus, hyperprogressive disease (HPD), an unexpected acceleration of cancer evolution after starting immunotherapy, has been reported by several groups with a PD-1/PD-L1 blockade. This tumor flare-up phenomenon is associated with a poorer outcome and is suspected to be an immune-related adverse event. Despite been highly debated, the issue of HPD is currently a real challenge for oncologists' practice in terms of patients' information, diagnosis, and management. Herein, we describe the case of a 57-year-old man diagnosed with metastatic urothelial carcinoma who developed a rapid tumor growth after an anti-PD-L1+ IO combination. This case illustrates how current practice should evolve to address the HPD reality in the anticheckpoint era. KEY POINTS: Hyperprogressive disease (HPD) is an unexpected acceleration of cancer growth after starting immunotherapy that is associated with a poor outcome. Definition of HPD is based on comparing kinetics of tumor growth before and after starting immunotherapy. No predictive biomarker has been homogenously identified in the reported studies. Suspected pathophysiology includes expansion of programmed cell death protein 1 (PD-1) + regulatory T cells, exhaustion of compensatory T cells, modulation of pro-tumorigenic immune cell subsets, activation of aberrant inflammation, or activation of oncogenic signaling. HPD is one of the most controversial immune-related adverse events, as the liability of immunotherapy in this tumor deleterious flare-up phenomenon has not been proved yet. The reported incidence of HPD in retrospective studies varies across different solid tumor types from 6% to 29%. This phenomenon has been mainly suspected in non-small cell lung cancer (NSCLC), head and neck squamous cell carcinoma (HNSCC), and in urothelial carcinomas, where several randomized phase III trials have shown early crossing over of survival curves. In the context of anti-PD-1/programmed death-ligand 1 therapy, in particular for NSCLC, HNSCC, or urothelial carcinoma, the authors recommend performing an early computed tomography (CT) assessment at week 3-4. In the case of an early progression, tumor molecular characterization by tumor biopsy or circulating tumor DNA could be urged. Immunotherapy discontinuation should be discussed. Performing a confirmatory CT scan 4 weeks later to exclude pseudoprogression should not be the rule. Early switch to cytotoxic therapy may counteract the deleterious flare-up. Patients should be informed of the risk of developing HPD. Health authorities and trial sponsors could monitor and report the rates of tumor flares in trials in order to help oncologists to properly inform their patients about the expected rates of HPD.",Grecea M; Marabelle A; Ammari S; Massard C; Champiat S,The oncologist,2020,https://pubmed.ncbi.nlm.nih.gov/32091646/,,,"[""Europe PMC"", ""PubMed/MEDLINE""]",pmid:32091646
PubMed/MEDLINE,34505064,34505064,PMC8425388,10.1038/s43018-019-0011-0,Circulating Tumor DNA Dynamics Predict Benefit from Consolidation Immunotherapy in Locally Advanced Non-Small Cell Lung Cancer.,"Circulating tumor DNA (ctDNA) molecular residual disease (MRD) following curative-intent treatment strongly predicts recurrence in multiple tumor types, but whether further treatment can improve outcomes in patients with MRD remains unclear. We applied CAPP-Seq ctDNA analysis to 218 samples from 65 patients receiving chemoradiation therapy (CRT) for locally advanced NSCLC, including 28 patients receiving consolidation immune checkpoint inhibition (CICI). Patients with undetectable ctDNA after CRT had excellent outcomes whether or not they received CICI. Among such patients, one died from CICI-related pneumonitis, highlighting the potential utility of only treating patients with MRD. In contrast, patients with MRD after CRT who received CICI had significantly better outcomes than patients who did not receive CICI. Furthermore, the ctDNA response pattern early during CICI identified patients responding to consolidation therapy. Our results suggest that CICI improves outcomes for NSCLC patients with MRD and that ctDNA analysis may facilitate personalization of consolidation therapy.",Moding EJ; Liu Y; Nabet BY; Chabon JJ; Chaudhuri AA; Hui AB; Bonilla RF; Ko RB; Yoo CH; Gojenola L; Jones CD; He J; Qiao Y; Xu T; Heymach JV; Tsao A; Liao Z; Gomez DR; Das M; Padda SK; Ramchandran KJ; Neal JW; Wakelee HA; Loo BW; Lin SH; Alizadeh AA; Diehn M,Nature cancer,2020,https://pubmed.ncbi.nlm.nih.gov/34505064/,,,"[""Europe PMC"", ""PubMed/MEDLINE""]",pmid:34505064
PubMed/MEDLINE,31692284,31692284,PMC6912064,10.1002/cam4.2632,Serial ultra-deep sequencing of circulating tumor DNA reveals the clonal evolution in non-small cell lung cancer patients treated with anti-PD1 immunotherapy.,"Immune-therapy with anti-PD1 inhibitors, such as pembrolizumab, is revolutionizing the treatment of non-small cell lung cancers (NSCLC). However, identifying patients for the potential therapeutic response and predicting therapy resistance and early relapse remains a challenge. Between 2016 and 2018, 60 patients were treated with pembrolizumab, among who 12 NSCLC patients had both baseline (before treatment) and serial (on treatment) periodical circulating tumor DNA (ctDNA) samples. Those samples were sequenced on a 329 pan cancer-related gene panel. Analyses of tumor burden, blood tumor mutational burden (bTMB), maximum somatic allele frequency (MSAF), and tumor clonal structure were performed in association with clinical response. Candidate resistance mutations involved in relapse and metastases were further investigated. ctDNA was detected and mutational profiling was performed for each patient. Those with a high baseline bTMB level showed significantly improved progression-free survival (PFS) after pembrolizumab treatment. Tumor burden and therapeutic response significantly correlated with the MSAF instead of the bTMB. Clone analysis detected tumor progression about 2-4 months ahead of computed tomography (CT) scan. One mutation in gene PTCH1 (Protein patched homolog 1) and two acquired anti-PD1 candidate resistance mutations of gene B2M (β2 microglobulin) were identified in association with distant metastasis. The evolutionary tree of a representative patient was also described. This pilot study showed that MSAF could be another good indicator of therapeutic response, and clonal analysis could be clinically useful in monitoring clonal dynamics and detecting remote metastasis and early relapse.",Li L; Wang Y; Shi W; Zhu M; Liu Z; Luo N; Zeng Y; He Y,Cancer medicine,2019,https://pubmed.ncbi.nlm.nih.gov/31692284/,,,"[""Europe PMC"", ""PubMed/MEDLINE""]",pmid:31692284
PubMed/MEDLINE,31518912,31518912,,10.1016/j.lungcan.2019.09.005,Targeted sequencing of plasma cell-free DNA to predict response to PD1 inhibitors in advanced non-small cell lung cancer.,"Tumor mutational burden is an emerging biomarker of response to immune checkpoint inhibitors (ICI), whose clinical adoption is challenging. We hypothesized that targeting limited but relevant genetic alterations in plasma cell-free DNA along with early monitoring may non-invasively predict response to ICI in advanced non-small cell lung cancer (NSCLC). Plasma samples from patients with progressive NSCLC collected before ICI initiation and at 1 month were profiled from responders (R: PFS > 6 months) and non-responders (NR: progressive disease at first evaluation) using amplicon sequencing of hotspots and coding regions from 36 genes. The molecular profile of ctDNA, and its early kinetics were analyzed. 97 patients were analyzed, of which 86 (39 R, 47 NR) were evaluable. Alterations in ctDNA were detectable in 67/86 baseline samples (78%). The detection of a targetable oncogenic driver was associated with a 2 months PFS. The presence of a PTEN or STK11 mutation was correlated with early progression (HR 8.9, p = 0.09 for PTEN, HR 4.7, p = 0.003 for STK11), while transversion mutations (Tv) in KRAS and TP53 predicted better outcomes (HR 0.36, p = 0.011 for TP53 Tv; HR 0.46, p = 0.11 for KRAS Tv). Patients with a low ""immune score"" (driver and/or PTEN or STK11 mutation and/or without KRAS or TP53 Tv) derived poor outcomes (median PFS 2 months), compared with patients with a high immune score (no driver, no PTEN or STK11 and with KRAS or TP53 Tv (median PFS 14 months, p = 0.0001, HR 2.96). Early changes in the ctDNA allele fraction (AF) of 65 specimens were correlated with clinical outcomes (14 months PFS if AF decreases vs. 2 months if AF increases, p < 0.0001). Targeted sequencing of plasma ctDNA and monitoring its early variations can predict response to ICI.",Guibert N; Jones G; Beeler JF; Plagnol V; Morris C; Mourlanette J; Delaunay M; Keller L; Rouquette I; Favre G; Pradines A; Mazieres J,"Lung cancer (Amsterdam, Netherlands)",2019,https://pubmed.ncbi.nlm.nih.gov/31518912/,,,"[""Europe PMC"", ""PubMed/MEDLINE""]",pmid:31518912
PubMed/MEDLINE,30541742,30541742,PMC6432636,10.1158/0008-5472.can-18-1127,Dynamics of Tumor and Immune Responses during Immune Checkpoint Blockade in Non-Small Cell Lung Cancer.,"Despite the initial successes of immunotherapy, there is an urgent clinical need for molecular assays that identify patients more likely to respond. Here, we report that ultrasensitive measures of circulating tumor DNA (ctDNA) and T-cell expansion can be used to assess responses to immune checkpoint blockade in metastatic lung cancer patients (N = 24). Patients with clinical response to therapy had a complete reduction in ctDNA levels after initiation of therapy, whereas nonresponders had no significant changes or an increase in ctDNA levels. Patients with initial response followed by acquired resistance to therapy had an initial drop followed by recrudescence in ctDNA levels. Patients without a molecular response had shorter progression-free and overall survival compared with molecular responders [5.2 vs. 14.5 and 8.4 vs. 18.7 months; HR 5.36; 95% confidence interval (CI), 1.57-18.35; P = 0.007 and HR 6.91; 95% CI, 1.37-34.97; P = 0.02, respectively], which was detected on average 8.7 weeks earlier and was more predictive of clinical benefit than CT imaging. Expansion of T cells, measured through increases of T-cell receptor productive frequencies, mirrored ctDNA reduction in response to therapy. We validated this approach in an independent cohort of patients with early-stage non-small cell lung cancer (N = 14), where the therapeutic effect was measured by pathologic assessment of residual tumor after anti-PD1 therapy. Consistent with our initial findings, early ctDNA dynamics predicted pathologic response to immune checkpoint blockade. These analyses provide an approach for rapid determination of therapeutic outcomes for patients treated with immune checkpoint inhibitors and have important implications for the development of personalized immune targeted strategies.Significance: Rapid and sensitive detection of circulating tumor DNA dynamic changes and T-cell expansion can be used to guide immune targeted therapy for patients with lung cancer.See related commentary by Zou and Meyerson, p. 1038.",Anagnostou V; Forde PM; White JR; Niknafs N; Hruban C; Naidoo J; Marrone K; Sivakumar IKA; Bruhm DC; Rosner S; Phallen J; Leal A; Adleff V; Smith KN; Cottrell TR; Rhymee L; Palsgrove DN; Hann CL; Levy B; Feliciano J; Georgiades C; Verde F; Illei P; Li QK; Gabrielson E; Brock MV; Isbell JM; Sauter JL; Taube J; Scharpf RB; Karchin R; Pardoll DM; Chaft JE; Hellmann MD; Brahmer JR; Velculescu VE,Cancer research,2019,https://pubmed.ncbi.nlm.nih.gov/30541742/,,,"[""Europe PMC"", ""PubMed/MEDLINE""]",pmid:30541742
PubMed/MEDLINE,29330207,29330207,PMC5899677,10.1158/1078-0432.ccr-17-1341,Early Assessment of Lung Cancer Immunotherapy Response via Circulating Tumor DNA.,"Purpose: Decisions to continue or suspend therapy with immune checkpoint inhibitors are commonly guided by tumor dynamics seen on serial imaging. However, immunotherapy responses are uniquely challenging to interpret because tumors often shrink slowly or can appear transiently enlarged due to inflammation. We hypothesized that monitoring tumor cell death in real time by quantifying changes in circulating tumor DNA (ctDNA) levels could enable early assessment of immunotherapy efficacy.Experimental Design: We compared longitudinal changes in ctDNA levels with changes in radiographic tumor size and with survival outcomes in 28 patients with metastatic non-small cell lung cancer (NSCLC) receiving immune checkpoint inhibitor therapy. CtDNA was quantified by determining the allele fraction of cancer-associated somatic mutations in plasma using a multigene next-generation sequencing assay. We defined a ctDNA response as a >50% decrease in mutant allele fraction from baseline, with a second confirmatory measurement.Results: Strong agreement was observed between ctDNA response and radiographic response (Cohen's kappa, 0.753). Median time to initial response among patients who achieved responses in both categories was 24.5 days by ctDNA versus 72.5 days by imaging. Time on treatment was significantly longer for ctDNA responders versus nonresponders (median, 205.5 vs. 69 days; P < 0.001). A ctDNA response was associated with superior progression-free survival [hazard ratio (HR), 0.29; 95% CI, 0.09-0.89; P = 0.03], and superior overall survival (HR, 0.17; 95% CI, 0.05-0.62; P = 0.007).Conclusions: A drop in ctDNA level is an early marker of therapeutic efficacy and predicts prolonged survival in patients treated with immune checkpoint inhibitors for NSCLC. Clin Cancer Res; 24(8); 1872-80. ©2018 AACR.",Goldberg SB; Narayan A; Kole AJ; Decker RH; Teysir J; Carriero NJ; Lee A; Nemati R; Nath SK; Mane SM; Deng Y; Sukumar N; Zelterman D; Boffa DJ; Politi K; Gettinger SN; Wilson LD; Herbst RS; Patel AA,Clinical cancer research : an official journal of the American Association for Cancer Research,2018,https://pubmed.ncbi.nlm.nih.gov/29330207/,,,"[""Europe PMC"", ""PubMed/MEDLINE""]",pmid:29330207
PubMed/MEDLINE,28445137,28445137,PMC5514971,10.18632/oncotarget.16935,Monitoring of KRAS-mutated ctDNA to discriminate pseudo-progression from true progression during anti-PD-1 treatment of lung adenocarcinoma.,"Pseudo-progression is a rare but worrying situation for both clinicians and patients during immunotherapy. Dedicated ir-RECIST criteria have been established to improve this situation. However, this can be sometimes considered inadequate and patients experiencing true progression may then receive inefficient treatments. Additional reliable tools to discriminate pseudo from true progression are thus needed. So far, no biomarker has been identified to distinguish pseudo from true progression. We hypothesize that biomarkers associated with the molecular characteristics of the tumor may be of interest. To avoid a tumor re-biopsy, circulating markers appear to be a less invasive and reproducible procedure. As ctDNA kinetics correlate with the response to treatment in KRAS-mutated adenocarcinoma, we anticipated that this analysis could be of interest. We monitored the level of KRAS-mutated ctDNA by digital droplet PCR in serial plasma samples from two patients who had experienced pseudo-progression and compared the variations with those from of a patient that had true progression. ctDNA showed rapid and dramatic decreases in pseudo-progressive patients, whereas it was strongly increased in the progressive patient. ddPCR of ctDNA may thus be an additional tool to discriminate pseudo-progression from true progression for tumors that harbor an oncogenic addiction.",Guibert N; Mazieres J; Delaunay M; Casanova A; Farella M; Keller L; Favre G; Pradines A,Oncotarget,2017,https://pubmed.ncbi.nlm.nih.gov/28445137/,,,"[""PubMed/MEDLINE""]",pmid:28445137
Europe PMC,PPR1268390,,,10.64898/2026.02.18.26346415,Landmark ctDNA molecular response represents an early predictor of immunotherapy outcomes in lung cancer: A clinical utility study,"<h4>Purpose</h4>  Circulating tumor DNA (ctDNA) analyses are informative as an early indicator of immunotherapy response in advanced non-small cell lung cancer (NSCLC); however, the clinical value of ctDNA molecular response requires further validation. <h4>Patients and Methods</h4>  As part of a prospective clinical protocol (  NCT05995821 ), we conducted targeted error-correction sequencing of ctDNA (n=328) and matched WBC DNA (n=109) from 109 patients with metastatic NSCLC who received anti-PD-(L)1 either as monotherapy or in combination. Following cellular origin resolution of 2,818 variants, landmark molecular response (mR) was defined as undetectable ctDNA within 3-9 weeks of treatment initiation.  <h4>Results</h4>  Pre-treatment ctDNA burden, but not blood tumor mutation burden, predicted survival. Implementing a tumor-naïve WBC DNA-informed approach increased the number of evaluable cases without compromising the overall accuracy of landmark ctDNA molecular responses. A direct comparison of single-timepoint on-therapy ctDNA assessment with ctDNA dynamics from baseline to the 3-9-week interval, along with an analysis of heterogeneity in molecular response within the 3-9-week window, showed that undetectable ctDNA at the landmark timepoint can effectively predict survival outcomes. A significant enrichment in landmark ctDNA mR was noted among patients with progression-free survival (PFS) ≥6 months with immunotherapy (p=2.5e-05) and chemo-immunotherapy (p=0.02). Patients in the landmark mR group had longer progression-free (p=1.6e-06) and overall survival (p=2.5e-05) than those with molecular progression. <h4>Conclusions</h4>  Landmark ctDNA molecular response provides a real-time, accurate approach for monitoring immunotherapy clinical outcomes. Although not currently validated for regulatory use, these findings demonstrate the potential utility of ctDNA as an early endpoint in clinical trials. <h4>Translational Relevance</h4>  Employing circulating tumor DNA (ctDNA) dynamics as an early indicator of immunotherapy response requires a roadmap for the next-generation sequencing approach, definition of molecular response and establishment of its clinical sensitivity. In this study, we introduce the concept of a landmark ctDNA molecular response, determined 3-9 weeks after initiation of immunotherapy, that maximizes the number of evaluable patients without sacrificing the specificity of the approach. Notably, when evaluating heterogeneity in ctDNA detection within the landmark 3-9-week window and assessing the impact of landmark interval dynamics on survival, we found that a single ctDNA assessment performed similarly to multiple ctDNA measurements within the landmark window (most notably, regardless of whether the timepoints were concordant or discordant). Our findings demonstrate that a single assessment of early on-therapy landmark ctDNA molecular response, can identify patients at risk of disease progression and enable future intervention and therapy optimization.","Niknafs N, Sivapalan L, Balan A, Wehr J, Pereira G, Hosseini-Nami S, Rao N, Jolly S, Velliangiri K, Beadles I, Loftus T, Chesnick B, Medina J, Xiao W, Pabani A, Marrone KA, Li QK, Murray JC, Rinaldi L, Dracopoli NC, Sausen M, Hann CL, Scott SC, Feliciano J, Lam VK, Levy B, Velculescu VE, Brahmer JR, Forde PM, Vellanki PJ, Anagnostou V.",,2026,https://europepmc.org/article/PPR/PPR1268390,,,"[""Europe PMC""]",doi:10.64898/2026.02.18.26346415
Europe PMC,41638870,41638870,PMC12878408,10.1136/jitc-2025-014098,"Neoadjuvant chemoimmunotherapy in non-small cell lung cancer: evolving resectability criteria, biomarker-driven postoperative management, and emerging therapeutic strategies.","Neoadjuvant chemoimmunotherapy (chemo-IO) has fundamentally reshaped the treatment paradigm for resectable non-small cell lung cancer (NSCLC), challenging long-held surgical boundaries and redefining what constitutes ""resectable"" disease. Trials such as CheckMate-816, KEYNOTE-671, and AEGEAN have demonstrated that integrating immune checkpoint blockade with chemotherapy yields unprecedented rates of pathological response and event-free survival, positioning chemo-IO as the new global standard for stage IB-IIIA NSCLC. Yet these advances bring new complexities; how do we define resectability in an era of immunotherapeutic downstaging, and how should multidisciplinary teams adapt to evolving biology? Traditional radiological and anatomic criteria now sit alongside immune-mediated regression and circulating tumor DNA (ctDNA) kinetics as measures of treatment success. ctDNA clearance and pathological response serve as powerful surrogates for long-term survival, with ongoing studies such as MERMAID-1/2 exploring their potential to guide adjuvant therapy and spare overtreatment. The modern challenge lies in integrating these biomarkers into surgical decision-making and developing standardized, biology-informed resectability frameworks. Future progress will depend on close collaboration between surgeons, oncologists, and translational scientists to expand surgical candidacy safely and define the next generation of curative strategies in lung cancer.","Patel A, Wakeam E, Josephides E, Lampridis S, Karapanagiotou E, Middleton G, Naidu B, De Perrot M, Bille A.",,2026,https://europepmc.org/article/MED/41638870,,,"[""Europe PMC""]",pmid:41638870
Europe PMC,PPR1058351,,,10.20944/preprints202507.2581.v1,Utility and Future Perspectives of Circulating Tumor DNA Analysis in Non-small Cell Lung Cancer Patients in the Era of Perioperative Chemo-immunotherapy,"Perioperative/neoadjuvant chemo-immunotherapy is a standard treatment for patients with resectable non-small cell lung cancer (NSCLC). However, several key clinical questions remain unresolved, including the monitoring of tumor response during neoadjuvant treatment, detection of residual disease after neoadjuvant treatment or after surgery, stratification of recurrence risk, and earlier detection of disease recurrence. Circulating tumor DNA (ctDNA) has emerged as a promising biomarker to ad-dress these challenges. Data from several recent clinical trials of perioperative/neoadjuvant chemo-immunotherapy demonstrated that ctDNA clearance before surgery was associated with higher rates of major pathological response. Additionally, landmark ctDNA positivity after surgery identified patients at high risk of disease recurrence, and longitudinal ctDNA monitoring enabled earlier detection of recurrence compared with radiographic surveillance. Several ongoing trials are incorporating ctDNA as a biomarker to guide treatment decisions, including optimizing the duration of neoadjuvant therapy, evaluating the need for surgery, and tailoring adjuvant strategies. These trials, together with further development of ctDNA detection technologies, will clarify the role of ctDNA analysis in refining perioperative treatment strategies and may ultimately enable individualized care in patients with resectable NSCLC. In this review, we discuss the current research data on ctDNA analysis in NSCLC in this era of perioperative chemo-immunotherapy.","Ohara S, Suda K, Tsutani Y.",,2025,https://europepmc.org/article/PPR/PPR1058351,,,"[""Europe PMC""]",doi:10.20944/preprints202507.2581.v1
Europe PMC,39998904,39998904,PMC11853598,10.1093/oncolo/oyae344,Plasma ctDNA kinetics as a predictor of systemic therapy response for advanced non-small cell lung cancer: a systematic review and meta-analysis.,"<h4>Background</h4>Predicting early treatment response in advanced non-small cell lung cancer (NSCLC) is challenging. Longitudinal monitoring of circulating tumor DNA (ctDNA) can track tumor response to treatments like immune checkpoint blockade (ICB) and correlate with outcomes. This meta-analysis evaluated whether ctDNA clearance or decrease is associated with improved survival across various settings in NSCLC.<h4>Methods</h4>A systematic review of MEDLINE, EMBASE, and Cochrane databases (up to April 2024) identified studies evaluating the impact of ctDNA kinetics on survival outcomes in non-curative NSCLC settings. Pooled hazard ratios (HR) for progression-free survival (PFS) and overall survival (OS) were calculated using a random effects model.<h4>Results</h4>We included 32 studies with 3047 NSCLC patients receiving systemic therapies such as targeted therapy (TT), ICB, and chemotherapy. Meta-analysis of 31 studies showed that ctDNA decrease/clearance was linked to improved PFS (HR: 0.32 [0.26, 0.40], I² = 63%, P < .01). Subgroup analysis indicated strong PFS benefits from ctDNA clearance (HR: 0.27 [0.20, 0.36]). Similar improvements were seen across patients undergoing targeted therapy (HR: 0.34) and ICB (HR: 0.33). Analysis of 25 studies revealed a significant association between ctDNA reduction and better OS (HR: 0.31 [0.23, 0.42], I² = 47%, P < .01). Subgroup findings were consistent for both TT (HR: 0.41) and ICB (HR: 0.32). Sensitivity analysis demonstrated that ctDNA clearance/decrease was consistently associated with improved PFS across study designs and ctDNA analysis methods. There was no significant variation in hazard ratios for PFS based on NSCLC subtypes, smoking status, or sex.<h4>Conclusion</h4>Plasma ctDNA kinetics was associated with improved survival outcomes in patients diagnosed with advanced NSCLC undergoing treatment with TT and ICB.","Leite da Silva LF, Saldanha EF, de Menezes JSA, Halamy Pereira L, de Bragança Dos Santos JAR, Buonopane IR, de Souza EM, de Menezes CUG, Lopes G.",,2025,https://europepmc.org/article/MED/39998904,,,"[""Europe PMC""]",pmid:39998904
Europe PMC,37816331,37816331,,10.1016/j.ccell.2023.09.007,Dynamic circulating tumor DNA during chemoradiotherapy predicts clinical outcomes for locally advanced non-small cell lung cancer patients.,"The value of circulating tumor DNA (ctDNA) during chemoradiotherapy (CRT) remains unclear but is critical for detecting molecular residual disease (MRD). In this prospective study, we sequenced 761 blood samples from 139 patients with locally advanced non-small cell lung cancer treated with definitive radiation therapy (RT). ctDNA concentrations showed a significantly declining trend as CRT progressed at on-RT and after-RT time points versus baseline. Thirty-eight (27.3%) patients with early undetectable ctDNA at both on-RT (RT reached 40 Gy) and after-RT time points, indicating early response to CRT, had better survival outcomes for both with or without consolidation immune checkpoint inhibitors. Longitudinal undetectable MRD was found in 20.1% patients. The 2-year cancer-specific progression-free survival of these patients was 88.4%, corresponding to a potentially cured population. Further analysis revealed that pretreatment ctDNA variants serve as an essential MRD informed source. These data provide clinical insights for ctDNA-MRD detection.","Pan Y, Zhang JT, Gao X, Chen ZY, Yan B, Tan PX, Yang XR, Gao W, Gong Y, Tian Z, Liu SM, Lin H, Sun H, Huang J, Liu SY, Yan HH, Dong S, Xu CR, Chen HJ, Wang Z, Li P, Guan Y, Wang BC, Yang JJ, Tu HY, Yang XN, Zhong WZ, Xia X, Yi X, Zhou Q, Wu YL.",,2023,https://europepmc.org/article/MED/37816331,,,"[""Europe PMC""]",pmid:37816331
Europe PMC,36928816,36928816,PMC10115641,10.1038/s41591-023-02226-6,A longitudinal circulating tumor DNA-based model associated with survival in metastatic non-small-cell lung cancer.,"One of the great challenges in therapeutic oncology is determining who might achieve survival benefits from a particular therapy. Studies on longitudinal circulating tumor DNA (ctDNA) dynamics for the prediction of survival have generally been small or nonrandomized. We assessed ctDNA across 5 time points in 466 non-small-cell lung cancer (NSCLC) patients from the randomized phase 3 IMpower150 study comparing chemotherapy-immune checkpoint inhibitor (chemo-ICI) combinations and used machine learning to jointly model multiple ctDNA metrics to predict overall survival (OS). ctDNA assessments through cycle 3 day 1 of treatment enabled risk stratification of patients with stable disease (hazard ratio (HR) = 3.2 (2.0-5.3), P < 0.001; median 7.1 versus 22.3 months for high- versus low-intermediate risk) and with partial response (HR = 3.3 (1.7-6.4), P < 0.001; median 8.8 versus 28.6 months). The model also identified high-risk patients in an external validation cohort from the randomized phase 3 OAK study of ICI versus chemo in NSCLC (OS HR = 3.73 (1.83-7.60), P = 0.00012). Simulations of clinical trial scenarios employing our ctDNA model suggested that early ctDNA testing outperforms early radiographic imaging for predicting trial outcomes. Overall, measuring ctDNA dynamics during treatment can improve patient risk stratification and may allow early differentiation between competing therapies during clinical trials.","Assaf ZJF, Zou W, Fine AD, Socinski MA, Young A, Lipson D, Freidin JF, Kennedy M, Polisecki E, Nishio M, Fabrizio D, Oxnard GR, Cummings C, Rode A, Reck M, Patil NS, Lee M, Shames DS, Schulze K.",,2023,https://europepmc.org/article/MED/36928816,,,"[""Europe PMC""]",pmid:36928816
Europe PMC,PPR747507,,,10.1101/2023.10.24.23297462,Improving prediction of survival and progression in metastatic non-small cell lung cancer following immunotherapy through machine learning of circulating tumor DNA dynamics,"<h4>Objectives</h4>  To use modern machine-learning approaches to enhance and automate the feature extraction from the longitudinal ctDNA data and to improve the prediction of survival and disease progression, risk stratification, and treatment strategies for patients with 1L NSCLC. <h4>Methods</h4>  Using IMpower150 trial data on untreated metastatic non-small cell lung cancer patients treated with atezolizumab and chemotherapies, we developed a machine-learning algorithm to extract predictive features from ctDNA kinetics, improving survival and progression prediction. We analyzed kinetic data from 17 ctDNA summary markers, including cell-free DNA concentration, allele frequency, tumor molecules in plasma, and mutation counts. Our machine-learning workflow (FPCRF) involved functional principal component analysis (FPCA) for automated feature extraction, random forest and bagging ensemble algorithms for feature selection, standard PCA for dimension reduction, and Cox proportional-hazards regression for survival analysis. The dataset was divided into training and test cohorts in the same way as a previous study. <h4>Results</h4>  398 patients with ctDNA data (206 in training, 192 in validation) were analyzed. Our machine-learning models automated feature extraction, excelling in predicting overall survival (OS) and progression-free survival (PFS) at different landmarks. In identical train-test cohorts, our models outperformed existing ones using handcrafted ctDNA features, raising OS c-index to 0.72 and 0.71 from 0.67 and 0.63 for C3D1 and C4D1, and substantially improving PFS to ∼0.65 from the previous 0.54 - 0.58, a 12-20% increase. Our model enhanced risk stratification for NSCLC patients, achieving clear OS and PFS separation (e.g., on C3D1, HR: 2.65 [95%CI: 1.78–3.95, P < 0.001] for high vs. intermediate risk, 2.06 [95%CI: 1.29–3.29, P = 0.002] for intermediate vs. low risk; and PFS HR: 2.04 [95%CI: 1.41–2.94, P < 0.001], 1.56 [95%CI: 1.07–2.27, P = 0.02]). Distinct patterns of ctDNA kinetic characteristics (e.g., baseline ctDNA markers, depth of ctDNA responses, and timing of ctDNA clearance, etc.) were revealed across the risk groups. Rapid and complete ctDNA clearance appears essential for long-term clinical benefit. <h4>Conclusions</h4>  Our machine-learning approach offers a novel tool for analyzing ctDNA kinetics, extracting critical features from longitudinal data, improving our understanding of the link between ctDNA kinetics and progression/mortality risks, and optimizing personalized immunotherapies for 1L NSCLC. <h4>Research in context</h4>  <h4>Evidence before this study</h4>  The longitudinal dynamics of ctDNA are showing promise as a biomarker for treatment outcomes and monitoring. However, despite of recent advances of machine learning, very limited applications have been reported in using machine learning-based approaches to analyze the longitudinal ctDNA data, improve the prediction of clinical outcomes, and refine the risk stratifications. We searched PubMed on Oct 8, 2023 for peer-reviewed, English-language journal and conference articles using the terms (“ctDNA”) AND (“deep learning” OR “machine learning” OR “artificial intelligence”). Fifty-nine (59) search results were found. After systematical review of these search results, we found only 4 research studies where longitudinal ctDNA dynamic/kinetic data were analyzed using machine-learning models to predict patient outcomes. These studies focused on building models using handcrafted features of ctDNA dynamics such as on-treatment ctDNA levels and early ctDNA changes and clearance, etc. So far, no studies have utilized machine- or deep-learning models to extract features from longitudinal ctDNA dynamics to inform and predict cancer patient outcomes. <h4>Added value of this study</h4>  We developed a machine-learning algorithm to predict survival and disease progression using ctDNA data from the Impower150 trial on untreated metastatic non-small cell lung cancer patients receiving atezolizumab and chemotherapy. Our machine-learning models automatically extract informative features from longitudinal ctDNA dynamics, outperforming existing models based on handcrafted features in predicting overall survival and progression-free survival at various time points. They improved risk stratification and identified crucial ctDNA kinetic characteristics in 1L NSCLC, revealing the importance of rapid and complete ctDNA clearance for long-term clinical benefit. <h4>Implications of all the available evidence</h4>  Machine-learning models can automatically extract prognostic features from longitudinal ctDNA dynamic trajectories, enable refined risk stratification and prediction of clinical outcomes, and thereby enhance ctDNA data’s utility in clinical patient care and personalized treatment.","Ding H, Yuan M, Yang Y, Xu XS.",,2023,https://europepmc.org/article/PPR/PPR747507,,,"[""Europe PMC""]",doi:10.1101/2023.10.24.23297462
Europe PMC,PPR680929,,,10.1101/2023.06.23.546338,Elucidating the heterogeneity of immunotherapy response and immune-related toxicities by longitudinal ctDNA and immune cell compartment tracking in lung cancer,"<h4>Purpose</h4>  Although immunotherapy is the mainstay of therapy for advanced non-small cell lung cancer (NSCLC), robust biomarkers of clinical response are lacking. The heterogeneity of clinical responses together with the limited value of radiographic response assessments to timely and accurately predict therapeutic effect -especially in the setting of stable disease-call for the development of molecularly-informed real-time minimally invasive predictive biomarkers. In addition to capturing tumor regression, liquid biopsies may be informative in evaluating immune-related adverse events (irAEs). <h4>Experimental design</h4>  We investigated longitudinal changes in circulating tumor DNA (ctDNA) in patients with metastatic NSCLC who received immunotherapy-based regimens. Using ctDNA targeted error-correction sequencing together with matched sequencing of white blood cells and tumor tissue, we tracked serial changes in cell-free tumor load (cfTL) and determined molecular response for each patient. Peripheral T-cell repertoire dynamics were serially assessed and evaluated together with plasma protein expression profiles. <h4>Results</h4>  Molecular response, defined as complete clearance of cfTL, was significantly associated with progression-free (log-rank p=0.0003) and overall survival (log-rank p=0.01) and was particularly informative in capturing differential survival outcomes among patients with radiographically stable disease. For patients who developed irAEs, peripheral blood T-cell repertoire reshaping, assessed by significant TCR clonotypic expansions and regressions were noted on-treatment. <h4>Conclusions</h4>  Molecular responses assist with interpretation of heterogeneous clinical responses especially for patients with stable disease. Our complementary assessment of the tumor and immune compartments by liquid biopsies provides an approach for monitoring of clinical benefit and immune-related toxicities for patients with NSCLC receiving immunotherapy. <h4>Statement of translational relevance</h4>  Longitudinal dynamic changes in cell-free tumor load and reshaping of the peripheral T-cell repertoire capture clinical outcomes and immune-related toxicities during immunotherapy for patients with non-small cell lung cancer.","Murray JC, Sivapalan L, Hummelink K, Balan A, White JR, Niknafs N, Rhymee L, Pereira G, Rao N, Phallen J, Leal A, Bartlett DL, Marrone KA, Naidoo J, Levy B, Rosner S, Hann CL, Scott SC, Feliciano J, Lam VK, Ettinger DS, Li QK, Illei PB, Monkhorst K, Zaidi AH, Scharpf RB, Brahmer JR, Velculescu VE, Forde PM, Anagnostou V.",,2023,https://europepmc.org/article/PPR/PPR680929,,,"[""Europe PMC""]",doi:10.1101/2023.06.23.546338
Europe PMC,38853265,38853265,PMC11163755,10.1186/s12916-024-03462-4,Optimizing perioperative treatment for potentially resectable stage III squamous cell lung carcinoma: promising results of a condensed four-cycle regimen with tislelizumaband chemotherapy.,"<h4>Background</h4>The standard care for resectable non-small cell lung cancer (NSCLC) involves perioperative therapy combining chemotherapy and immune checkpoint inhibitors, typically lasting 6 to 12 months. However, the optimal treatment strategies for potentially resectable squamous cell lung carcinoma (SCC) remain unclear. This Phase 2 trial aimed to assess the efficacy and safety of a condensed four-cycle perioperative treatment regimen with tislelizumab combined with chemotherapy in patients with potentially resectable stage III SCC.<h4>Methods</h4>Patients with potentially resectable stage IIIA-IIIB (N2) SCC received intravenous tislelizumab, albumin-bound paclitaxel, and carboplatin for up to four cycles. The primary endpoints were major pathologic response (MPR) and incidence of treatment-related adverse events. Safety and potential biomarkers for efficacy prediction were also assessed.<h4>Results</h4>Among 35 enrolled patients, 32 underwent surgery with R0 resection achieved in all cases. MPR was achieved in 24 patients and pathological complete response (pCR) in 14 patients. Radiographic objective response was observed in 31 patients. The 12-month and 24-month event-free survival rate was 85.7 and 61.0%, respectively. Four patients experienced grade 3 or 4 adverse events. Tumor tissue based next-generation sequencing revealed the potential associations between several biomarkers and pathological response, including tumor neoantigen burden score, 18-gene expression profile score, CD8 + T cells, M1/M2 macrophages ratio and interferon-gamma expression level. Besides, circulating tumor DNA (ctDNA) dynamics and concentration were also associated with pathological response and the presence of ctDNA at postoperative month 1 was a strong predictor for disease relapse. Furthermore, metagenomic sequencing in bronchoalveolar lavage fluid demonstrated Streptococcus was the most abundant genus in the pCR group.<h4>Conclusions</h4>A condensed four-cycle perioperative treatment regimen of tislelizumab combined with chemotherapy demonstrated promising efficacy and manageable toxicities in potentially resectable stage III SCC. Specific biomarkers showed potential for predicting treatment efficacy and the mechanism of superior antitumor response of pCR patients was preliminarily and indirectly explored.<h4>Trial registration</h4>ClinicalTrials.gov, NCT05024266. Registered August 27, 2021.","Shan J, Liu Z, Chen S, Du C, Li B, Ruan L, Kong M, Wang L, Du M, Shi S, Qiao G, Tian T, Tu Z.",,2024,https://europepmc.org/article/MED/38853265,,,"[""Europe PMC""]",pmid:38853265
Europe PMC,41866608,41866608,,10.1007/s12094-026-04316-6,Reprogramming resistance in advanced lung cancer: epigenetic modulation to restore therapeutic vulnerability.,"Lung cancer is the most prevalent cancer and cause of death; most patients present themselves at an advanced stage and continuously acquire resistance to targeted agents, antibody-drug conjugates, chemotherapy, and immune checkpoint inhibitors. In addition to secondary mutations, epigenetically driven cellular plasticity, including DNA methylation, histone modification, chromatin remodeling, RNA (m 6A)-marks, and non-coding RNAs, facilitates resistance coordination, EMT/drug-tolerant persisters, lineage switching (e.g., NSCLC to NSCLC), bypass signaling, and immune evasion by tumor cells. These states can be therapeutically rewired by epigenetic drugs: low-dose DNMT/HDAC priming restores silenced tumor-suppressor and antigen-presentation genes and activates viral-mimicry interferon signaling to augment checkpoint blockade; EZH2 and LSD1 inhibitors target plasticity and neuroendocrine programs; BET inhibition suppresses adaptive transcription; CBP/p300 modulators suppress NRF2-dependent redox survival; Combination therapies exploiting synthetic lethality through PRMT5 inhibition, applied rationally with TKIs, ICIs, chemotherapy, and antibody-drug conjugates (ADCs), are currently under clinical investigation. Biomarker-directed patient selection (e.g., MTAP loss clustering, EZH2/LSD1 activity, methylation and chromatin signatures, and liquid biopsy dynamics of methylation or ctDNA) will be critical to enrich for patients most likely to benefit. In the future, better optimized sequencing using short priming windows, intermittent dosing, and future readouts of prospective pharmacodynamics could transform transient re-sensitization into lasting control. This study aims to critically appraise mechanistic and clinical evidence linking epigenetic plasticity to therapy resistance in advanced lung cancer and to propose biomarker-directed epigenetic combination and sequencing strategies to restore drug sensitivity.","He F, Moawad MHED, Alsaied MA, Abdul-Hafez HA, Alhadrami HA, Azhari AA, Nawas BAA.",,2026,https://europepmc.org/article/MED/41866608,,,"[""Europe PMC""]",pmid:41866608
Europe PMC,32046999,32046999,PMC7299781,10.1158/1078-0432.ccr-19-3418,Circulating Tumor DNA Analysis to Assess Risk of Progression after Long-term Response to PD-(L)1 Blockade in NSCLC.,"<h4>Purpose</h4>Treatment with PD-(L)1 blockade can produce remarkably durable responses in patients with non-small cell lung cancer (NSCLC). However, a significant fraction of long-term responders ultimately progress and predictors of late progression are unknown. We hypothesized that circulating tumor DNA (ctDNA) analysis of long-term responders to PD-(L)1 blockade may differentiate those who will achieve ongoing benefit from those at risk of eventual progression.<h4>Experimental design</h4>In patients with advanced NSCLC achieving long-term benefit from PD-(L)1 blockade (progression-free survival ≥ 12 months), plasma was collected at a surveillance timepoint late during/after treatment to interrogate ctDNA by Cancer Personalized Profiling by Deep Sequencing. Tumor tissue was available for 24 patients and was profiled by whole-exome sequencing (<i>n</i> = 18) or by targeted sequencing (<i>n</i> = 6).<h4>Results</h4>Thirty-one patients with NSCLC with long-term benefit to PD-(L)1 blockade were identified, and ctDNA was analyzed in surveillance blood samples collected at a median of 26.7 months after initiation of therapy. Nine patients also had baseline plasma samples available, and all had detectable ctDNA prior to therapy initiation. At the surveillance timepoint, 27 patients had undetectable ctDNA and 25 (93%) have remained progression-free; in contrast, all 4 patients with detectable ctDNA eventually progressed [Fisher <i>P</i> < 0.0001; positive predictive value = 1, 95% confidence interval (CI), 0.51-1; negative predictive value = 0.93 (95% CI, 0.80-0.99)].<h4>Conclusions</h4>ctDNA analysis can noninvasively identify minimal residual disease in patients with long-term responses to PD-(L)1 blockade and predict the risk of eventual progression. If validated, ctDNA surveillance may facilitate personalization of the duration of immune checkpoint blockade and enable early intervention in patients at high risk for progression.","Hellmann MD, Nabet BY, Rizvi H, Chaudhuri AA, Wells DK, Dunphy MPS, Chabon JJ, Liu CL, Hui AB, Arbour KC, Luo J, Preeshagul IR, Moding EJ, Almanza D, Bonilla RF, Sauter JL, Choi H, Tenet M, Abu-Akeel M, Plodkowski AJ, Perez Johnston R, Yoo CH, Ko RB, Stehr H, Gojenola L, Wakelee HA, Padda SK, Neal JW, Chaft JE, Kris MG, Rudin CM, Merghoub T, Li BT, Alizadeh AA, Diehn M.",,2020,https://europepmc.org/article/MED/32046999,,,"[""Europe PMC""]",pmid:32046999
ClinicalTrials.gov,NCT04611776,,,,"A Phase II, Randomized, Double-Blind, Placebo-Controlled Study Evaluating the Efficacy and Safety of Adjuvant Platinum-Doublet Chemotherapy, With or Without Atezolizumab, in Patients Who Are ctDNA Positive After Complete Surgical Resection of Stage IB to Select IIIB Non-Small Cell Lung Cancer","This is a Phase II, multicenter, double-blind, randomized study designed to evaluate the efficacy and safety of adjuvant treatment with atezolizumab in combination with platinum-doublet chemotherapy followed by atezolizumab compared with adjuvant placebo in combination with platinum-doublet chemotherapy followed by placebo in patients with Stage IB to IIIB (T3N2) NSCLC following surgical resection who are positive for ctDNA.",Hoffmann-La Roche,ClinicalTrials.gov,2020,https://clinicaltrials.gov/study/NCT04611776,NCT04611776,WITHDRAWN,"[""ClinicalTrials.gov""]",nct:nct04611776
ClinicalTrials.gov,NCT06284317,,,,"An International, Multicentre, Open-label Randomised Phase III Trial to Evaluate the Benefit of Adding Adjuvant Durvalumab After Neoadjuvant Chemotherapy Plus Durvalumab in Patients With Stage IIB-IIIB (N2) Resectable NSCLC","ADOPT-lung is an international, multicentre, open-label randomised phase III trial. Protocol treatment consists of 3-4 cycles of neoadjuvant durvalumab in combination with platinum-based doublet chemotherapy, followed by surgery. Patients with R0 and R1 only resection will be randomised to receive either adjuvant durvalumab for 12 cycles (experimental arm) or observation (control arm). The primary objective of the study is to determine whether additional adjuvant immunotherapy with durvalumab after neoadjuvant chemo-immunotherapy has an effect on disease-free survival (DFS) in patients who do not achieve complete pathological response (pCR) as per local assessment according to the IASLC recommendations.",ETOP IBCSG Partners Foundation,ClinicalTrials.gov,2024,https://clinicaltrials.gov/study/NCT06284317,NCT06284317,RECRUITING,"[""ClinicalTrials.gov""]",nct:nct06284317
ClinicalTrials.gov,NCT05059444,,,,ORACLE: Observation of ResiduAl Cancer With Liquid Biopsy Evaluation,The purpose of ORACLE is to demonstrate the ability of a novel ctDNA assay developed by Guardant Health to detect recurrence in individuals treated for early-stage solid tumors. It is necessary that ctDNA test results are linked to clinical outcomes in order to demonstrate clinical validity for recurrence detection and explore its value in a healthcare environment subject to cost containment.,"Guardant Health, Inc.",ClinicalTrials.gov,2021,https://clinicaltrials.gov/study/NCT05059444,NCT05059444,RECRUITING,"[""ClinicalTrials.gov""]",nct:nct05059444
ClinicalTrials.gov,NCT06743555,,,,Surgery After Verifying Existing Disease in Locally Advanced Operable Lung Cancer (SAVED LUNG Study): A Pilot Study,"The SAVED LUNG study is a pilot Phase I trial evaluating safety and feasibility of observation versus standard-of-care surgery in operable Stage II-III (excluding N3) NSCLC patients (PD-L1 ≥50%) who achieve complete clinical response following neoadjuvant platinum-doublet chemotherapy and immunotherapy. Participants are randomized to observation or surgery after rigorous restaging, with primary endpoints focusing on safety and feasibility. Secondary objectives include rates of cross-over to surgery, event-free survival, and overall survival, while exploratory endpoints examine ctDNA clearance and its association with clinical response. After neoadjuvant therapy, all participants undergo intensified re-staging invasive and non-invasive modalities to assess for complete clinical response:

* Chest CT;
* PET/CT scan;
* Bronchoscopy;
* EBUS;
* EUS;
* Re-biopsy of lesions that were deemed to be positive for cancer; this includes re-biopsies of all positive lymph nodes and transthoracic needle aspiration of tumors.

Participants with complete clinical response defined by absence of disease as measured by all the above modalities will be randomized 1:1 to either observation or surgery.

Only patients with complete clinical response will proceed to the randomization stage of the trial. Block randomization will occur 1:1 with two participants per block. All other patients will remain on study and undergo therapy as per standard-of-care and will have follow-up on study. Both groups will have blood collected for ctDNA at this stage. For participants in the surgery arm, the blood sample will be 3 weeks after surgery, while participants in surveillance only arm will have the blood sample 3 weeks after randomization.",Centre hospitalier de l'Université de Montréal (CHUM),ClinicalTrials.gov,2024,https://clinicaltrials.gov/study/NCT06743555,NCT06743555,NOT_YET_RECRUITING,"[""ClinicalTrials.gov""]",nct:nct06743555
ClinicalTrials.gov,NCT04625699,,,,A Feasibility Study of Durvalumab + Tremelimumab in Resected Non Small Cell Lung Cancer (NSCLC) Patients With Detectable Circulating Tumor DNA After Adjuvant Treatment,"The purpose of this study is to determine whether it is feasible and safe to give research participants investigational treatment with durvalumab and tremelimumab after they have completed standard treatment for NSCLC and once they have detectable circulating tumor DNA (ctDNA) in the blood before there is evidence of disease recurrence on imaging studies. These investigational agents are a type of immunotherapy, which is a treatment that activates your own body's immune system to treat cancer. This is an open label, single arm, pilot study of adjuvant durvalumab+ tremelimumab (D+T) for patients with stage II-IIIB (excluding N3) NSCLC.The trial will evaluate the feasibility of adjuvant D+T in patients who have undergone surgical resection and standard of care (SOC) adjuvant treatment and subsequently develop detectable plasma ctDNA. 15 evaluable patients will be enrolled. Patients with resected stage II-IIIB (excluding N3) NSCLC who have completed adjuvant standard of care treatment will be pre-screened and consented for the trial. They will undergo ctDNA testing with the Signatera assay at the completion of adjuvant treatment and every 4 months thereafter with standard CT imaging assessment up to 1 year. Patients with detectable ctDNA at a mutant allele frequency of \>0.1% and no evidence of recurrence on CT imaging will be enrolled in the trial. They will receive durvalumab every 4 weeks for 4 cycles and tremelimuamb on cycles 1 and 3 with concomitant plasma ctDNA quantification. Patients will be followed with standard CT imaging of the chest as well as routine and exploratory blood tests every 4 months until 1 year after completion of D+T. They will also be followed for up to 3 years for determination of DFS and OS.",Columbia University,ClinicalTrials.gov,2020,https://clinicaltrials.gov/study/NCT04625699,NCT04625699,WITHDRAWN,"[""ClinicalTrials.gov""]",nct:nct04625699
ClinicalTrials.gov,NCT05757843,,,,Using Circulating Tumor DNA to Personalize Duration of Consolidation Durvalumab in Patients with Inoperable Stage III Non-small Cell Lung Cancer: the Indiana Trial,"This research aims to incorporate ctDNA analysis into clinical practice to individualize therapy in patients with stage III NSCLC by moving to a treatment-by-marker based approach (as opposed to treatment based on clinical or radiographic evidence of disease). There is a critical need to identify MRD to determine which patients benefit from checkpoint inhibitor therapy and to optimize and personalize the duration of consolidation Durvalumab. The long-term goal is to incorporate ctDNA analysis into clinical practice to individualize therapy in patients with stage III NSCLC by moving to a treatment-by-marker based approach (as opposed to treatment based on clinical or radiographic evidence of disease). This approach may spare a subset of patients from treatment with unnecessarily excessive cycles of consolidation immunotherapy if they are already cured with CRT alone and individualize the duration of consolidation immunotherapy in patients not cured with CRT. The study team also seek to identify early in the treatment course, patients who are destined not to be cured with consolidation immunotherapy so that alternative strategies can be tested when tumor burden is low.",Indiana University,ClinicalTrials.gov,2023,https://clinicaltrials.gov/study/NCT05757843,NCT05757843,WITHDRAWN,"[""ClinicalTrials.gov""]",nct:nct05757843
ClinicalTrials.gov,NCT04931654,,,,"A Phase I/IIa Open-label Dose Escalation and Expansion Study to Evaluate the Safety, Pharmacokinetics, Pharmacodynamics, and Efficacy of AZD7789, an Anti-PD-1 and Anti-TIM-3 Bispecific Antibody, in Participants With Advanced or Metastatic Solid Tumors.","This is a Phase I/IIa study designed to evaluate if experimental anti-PD-1 and anti-TIM-3 bispecific antibody, AZD7789 is safe, tolerable and efficacious in participants with advanced solid tumors. This first time in patients, open-label, multi-centre study will have AZD7789 administered intravenously (IV) to participants with advanced solid tumors. This study will have 2 parts: Part A which will have dose escalation cohorts and Part B which will have the dose expansion cohorts.",AstraZeneca,ClinicalTrials.gov,2021,https://clinicaltrials.gov/study/NCT04931654,NCT04931654,ACTIVE_NOT_RECRUITING,"[""ClinicalTrials.gov""]",nct:nct04931654
ClinicalTrials.gov,NCT04302025,,,,"NAUTIKA1: A Multicenter, Phase II, Neoadjuvant and Adjuvant Study of Multiple Therapies in Biomarker-selected Patients With Resectable Stages IB-III Non-small Cell Lung Cancer","This trial will evaluate the efficacy and safety of various therapies in participants with Stage IB, IIA, IIB, IIIA, or selected IIIB resectable and untreated NSCLC tumors that meet protocol-specified biomarker criteria.","Genentech, Inc.",ClinicalTrials.gov,2020,https://clinicaltrials.gov/study/NCT04302025,NCT04302025,RECRUITING,"[""ClinicalTrials.gov""]",nct:nct04302025
ClinicalTrials.gov,NCT06977074,,,,Prospective Phase II Proof-of-Concept Trial on Circulating Tumor DNA (ctDNA)-Optimized Induction Immunochemotherapy Cycle Reduction for Resectable Non-Small Cell Lung Cancer,"The goal of this clinical trial is to evaluate the clinical value of ctDNA testing in guiding the optimization of immunochemotherapy cycles during induction treatment for resectable patients with NSCLC. The main questions it aims to answer are:

* Does ctDNA clearance indicate pathological complete response?
* Are additional cycles of immunochemotherapy necessary for patients who have ctDNA clearance after initial cycles of treatment? Researchers will use ctDNA dynamics to guide the cycles of induction treatment to see if some patients can avoid excessive cycles of treatment. Advances in precision medicine have highlighted the potential of circulating tumor DNA (ctDNA) detection in NSCLC diagnosis, treatment efficacy monitoring, and prognosis evaluation. Induction immunotherapy combined with chemotherapy is now a standard treatment for patients with resectable NSCLC, but optimizing the number of immunochemotherapy cycles to enhance efficacy and reduce toxicity remains a critical clinical challenge. In this Phase II, proof-of-concept trial, around 83 patients with AJCC stage IIA-IIIB NSCLCs who are deemed resectable by an MDT team will participate to evaluate the potential role of dynamic ctDNA changes in guiding the cycle reduction of induction immunotherapy combined with chemotherapy while maintaining overall efficacy.

Eligible patients will receive 2 cycles (21-day intervals) of PD-1 inhibitor + platinum-based chemotherapy. Subsequent cycles (1-2 additional cycles) are determined by ctDNA status via tumour-agnostic strategies:

1. For patients with ctDNA clearance: Randomized (1:1) to surgery or continued therapy.
2. For patients with ctDNA persistence: Sequential 1-2 additional cycles. For all patients who are available to undergo surgery, the operation will be performed 4-6 weeks following the last cycle of treatment.",Sun Yat-sen University,ClinicalTrials.gov,2025,https://clinicaltrials.gov/study/NCT06977074,NCT06977074,RECRUITING,"[""ClinicalTrials.gov""]",nct:nct06977074
ClinicalTrials.gov,NCT04585490,,,,Personalized Escalation of Consolidation Treatment Following Chemoradiotherapy and Immunotherapy in Stage III NSCLC,"The purpose of this study is to test whether or not number of circulating cancer cells detected in the blood can be decreased the by combining the standard treatment (durvalumab) with Tremelimumab and additional chemotherapy Primary objective is to measure the change in the levels of circulating tumor DNA (ctDNA) in Cohort 1 (MRD+) due to the addition of Tremelimumab and platinum doublet chemotherapy in subjects with stage III unresectable disease with positive DNA treated with consolidation chemotherapy and immunotherapy.

Secondary Objectives:

To determine the proportion of subjects in Cohort 1 MRD+ for whom ctDNA becomes undetectable after adding chemotherapy and tremelimumab to consolidation durvalumab

To describe compare overall survival (OS) of subjects with baseline detectable ctDNA (Cohort 1 MRD+) vs baseline undetectable ctDNA (Cohort 2 MRD ) ·To compare progression free survival (PFS) between subjects with baseline detectable (Cohort 1 MRD+) vs baseline undetectable ctDNA (Cohort 2 MRD )",Stanford University,ClinicalTrials.gov,2020,https://clinicaltrials.gov/study/NCT04585490,NCT04585490,RECRUITING,"[""ClinicalTrials.gov""]",nct:nct04585490
ClinicalTrials.gov,NCT04791215,,,,An Observational Study of Circulating Tumor DNA Genetic Alterations in Non-small Cell Lung Cancer Patients Treated With Pembrolizumab,"The purpose of this study is to learn how to use blood tests to better predict how patients with non-small cell lung cancer, who are taking pembrolizumab for cancer treatment, will respond to treatment with pembrolizumab, and to understand how the immune system and cancer interact.

Tests will be performed on tumor tissue and blood samples, and imaging assessments will be reviewed in order to monitor how well each patient responds to treatment. This is an observational study, so participants will not receive cancer treatment, other than the treatment received as standard of care. The primary and secondary endpoints of this study are to determine the kinetics of Circulating tumor DNA (ctDNA) as defined by a set of patient-specific tumor mutations. The analysis will be undertaken using the Signatera Assay from Natera. Circulating tumor DNA in plasma samples obtained over the course of pembrolizumab treatment will be assessed by high-intensity, next-generation genetic sequencing to identify genomic alterations in genes. The assay will target 16 defined patient specific mutations. Data acquired will be analyzed to characterize the association between these genetic elements, clinical response, and durability of responses. There will be prospective and retrospective groups for the study. Samples will be collected from patients in the prospective cohort who have been treated with pembrolizumab monotherapy at Columbia University Irving Medical Center under standard of care treatment. Subjects in the retrospective cohort will provide genetic data.",Columbia University,ClinicalTrials.gov,2021,https://clinicaltrials.gov/study/NCT04791215,NCT04791215,TERMINATED,"[""ClinicalTrials.gov""]",nct:nct04791215
ClinicalTrials.gov,NCT06951646,,,,"ctDNA-MRD Guided Escalation of Ivonescimab and Docetaxel in Advanced NSCLC With Long-Term Responses to First-line Immunotherapy: a Randomized, Open-label, Phase II Trial (CR1STAL-Adaptive)","The CR1STAL-Adaptive study is a randomized, open-label, phase II multicenter interventional trial designed to evaluate the safety and efficacy of Ivonescimab (PD-1/VEGF bispecific antibody) combined with docetaxel versus standard treatment in patients with advanced NSCLC who have achieved long-term benefit from first-line immune checkpoint inhibitors (ICIs), but are ctDNA-MRD positive. Building upon insights from previous CR1STAL study (NCT05198154), the CR1STAL-Adaptive study supports the development of precision-guided, adaptive treatment strategies to delay progression and improve outcomes in NSCLC patients with a long-term response to immunotherapy. It represents a step forward in integrating dynamic molecular monitoring with individualized intervention strategies in the era of immunotherapy.",Second Xiangya Hospital of Central South University,ClinicalTrials.gov,2025,https://clinicaltrials.gov/study/NCT06951646,NCT06951646,RECRUITING,"[""ClinicalTrials.gov""]",nct:nct06951646
ClinicalTrials.gov,NCT06529822,,,,Phase 1 Clinical Trial of a Personalized Cancer Vaccine (PCV) Strategy in Patients With Solid Tumors and Molecular Residual Disease,"This is a phase 1 clinical trial to evaluate the safety, feasibility and immunogenicity of a personalized cancer vaccine strategy in patients with solid tumors and molecular residual disease. The hypothesis of the trial is that synthetic long peptide personalized cancer vaccines will be safe and capable of generating measurable neoantigen-specific T-cell responses enabling ctDNA clearance. The personalized cancer vaccines are composed of synthetic long peptides corresponding to prioritized cancer neoantigens and will be co-administered with poly-ICLC.",Washington University School of Medicine,ClinicalTrials.gov,2024,https://clinicaltrials.gov/study/NCT06529822,NCT06529822,RECRUITING,"[""ClinicalTrials.gov""]",nct:nct06529822
ClinicalTrials.gov,NCT07489066,,,,"AN INTERVENTIONAL, OPEN-LABEL, PHASE 2 STUDY TO INVESTIGATE THE SAFETY AND EFFICACY OF PF-08634404 MONOTHERAPY OR IN COMBINATION IN ADULT PARTICIPANTS WITH EARLY-STAGE RESECTABLE OR LOCALLY ADVANCED UNRESECTABLE NON-SMALL CELL LUNG CANCER","This study is being done to learn more about a new medicine called PF-08634404. The study team wants to understand how well it works when given alone or with chemotherapy. The study is for adults with early stage or locally advanced non-small cell lung cancer (NSCLC) that may or may not be removable with surgery.

The study is seeking participants who:

* Are aged 18 years or older
* Have either:

  * Early-stage or locally advanced (Stage II or IIIA/B) NSCLC and are a candidate for neoadjuvant therapy, followed by surgical removal of the tumor. Neoadjuvant therapy is a treatment given as a first step to shrink the tumor before surgery.
  * Early-stage or locally advanced (Stage II or IIIA/B) NSCLC and are a candidate for adjuvant therapy and did not achieve a pathological complete response (pCR) from approved treatment that was administered before surgery. Adjuvant therapy is an additional cancer treatment given after the primary treatment to lower the risk that the cancer will come back. pCR is defined as absence of viable tumor in all surgically removed samples.
  * Locally advanced (Stage III) NSCLC that may not be removable with surgery, was treated with concurrent chemoradiotherapy (cCRT), and is a candidate for additional treatment, otherwise known as consolidation therapy. cCRT is chemotherapy and radiation given simultaneously.
* Be in good physical condition and have healthy organs based on medical tests.
* Do not have known actionable changes in DNA

The study has 3 parts and each participant will be assigned to one part by their doctor based on their disease diagnosis:

* Part A will test PF-08634404 given with chemotherapy in the neoadjuvant setting, followed by surgery.
* Part B will test PF-08634404 alone in adults who already were treated with neoadjuvant chemo-immunotherapy, underwent surgery, and did not achieve pCR per tumor tissue pathology analysis. Neoadjuvant chemo-immunotherapy refers to the combination of chemotherapy with immunotherapy per local standard-of-care, given before surgical removal of the tumor.
* Part C will test PF-08634404 alone in adults with unresectable disease who received cCRT and did not have progressive disease. Progressive disease refers to a condition that grows, spreads, or worsens.

All treatments will be done at clinical study sites, where a trained medical team will monitor adults during and after each visit.",Pfizer,ClinicalTrials.gov,2026,https://clinicaltrials.gov/study/NCT07489066,NCT07489066,RECRUITING,"[""ClinicalTrials.gov""]",nct:nct07489066
ClinicalTrials.gov,NCT07754812,,,,"A Multicenter, Open-Label, Single-Arm Phase I/II Study of Oral Paclitaxel Solution Combined With an Immune Checkpoint Inhibitor and Concurrent Stereotactic Body Radiotherapy as Neoadjuvant Treatment in Older Patients With Resectable Stage IIA-IIIB Non-Small Cell Lung Cancer","his multicenter, open-label, single-arm phase I/II trial will evaluate the safety, tolerability, and preliminary efficacy of oral paclitaxel solution combined with an immune checkpoint inhibitor and concurrent stereotactic body radiotherapy (SBRT) as neoadjuvant therapy in patients aged 70 years or older with resectable stage IIA-IIIB non-small cell lung cancer (NSCLC) without sensitizing EGFR, ALK, or ROS1 alterations.

In Phase I, a 3+3 dose-escalation design will evaluate oral paclitaxel at 80, 120, and 160 mg/m² administered orally on Days 1 and 8 of each cycle, divided into morning and evening doses, in combination with an investigator-selected anti-PD-1 or anti-PD-L1 monoclonal antibody and SBRT at 8 Gy in 3 fractions. Phase II will expand enrollment at the recommended Phase II dose (RP2D). The principal efficacy outcome is pathologic complete response after surgery. Other outcomes include major pathologic response, radiographic response, event-free survival, overall survival, surgical resection and R0 resection rates, and exploratory biomarker changes. Older patients with NSCLC may have reduced organ reserve, more comorbidities, and a higher risk of toxicity from standard platinum-based chemotherapy, intensive radiotherapy, or multimodality treatment. The study is designed to explore a potentially lower-intensity neoadjuvant regimen that combines oral paclitaxel solution, immune checkpoint blockade, and precision radiotherapy.

Phase I will use a conventional 3+3 dose-escalation design. Oral paclitaxel solution will be evaluated at 80, 120, and 160 mg/m² on Days 1 and 8 of each cycle, administered in divided morning and evening doses. An anti-PD-1 or anti-PD-L1 monoclonal antibody will be selected by the investigator according to standard of care and administered according to the approved prescribing information. Concurrent SBRT will be delivered at 8 Gy per fraction for 3 fractions to the primary lung tumor and selected nodal regions. The Phase I objective is to evaluate safety and identify the RP2D.

Phase II will enroll additional participants at the RP2D to evaluate antitumor activity and feasibility. Participants who remain suitable for radical lung cancer surgery are intended to undergo resection after completion of neoadjuvant treatment. The study will assess pathologic response, radiographic response, surgical feasibility, event-free survival, overall survival, and changes in immune cell subsets, circulating tumor DNA, and PD-L1 expression.","Shanghai Pulmonary Hospital, Shanghai, China",ClinicalTrials.gov,2026,https://clinicaltrials.gov/study/NCT07754812,NCT07754812,RECRUITING,"[""ClinicalTrials.gov""]",nct:nct07754812
ClinicalTrials.gov,NCT07359040,,,,Mechanisms of Enhanced Efficacy of Ivonescimab in Neoadjuvant Therapy for Non-Small Cell Lung Cancer,"This is an exploratory clinical study focusing on the neoadjuvant treatment of non-small cell lung cancer (NSCLC). The study primarily aims to compare the efficacy and safety of Ivonescimab, a novel PD-1/VEGF bispecific antibody, with those of conventional PD-1 inhibitors. Beyond evaluating its direct therapeutic benefits, this research also seeks to elucidate the potential mechanisms underlying the enhanced efficacy of Ivonescimab. Additionally, the study will conduct secondary exploratory analyses, including the identification and validation of predictive and prognostic biomarkers, as well as multi-omics profiling to investigate the molecular mechanisms of action. Collectively, these efforts aim to provide comprehensive experimental data to support the rational clinical application of Ivonescimab and the development of precision medicine strategies for NSCLC. Lung cancer is one of the leading causes of cancer-related deaths in China and worldwide, imposing a significant societal burden. Although comprehensive treatment strategies centered around surgery have improved patient prognosis, and perioperative immunotherapy has profoundly reshaped the therapeutic landscape, this field still faces substantial knowledge gaps and key challenges.

This study focuses on Ivonescimab, a first-in-class PD-1/VEGF bispecific antibody. Ivonescimab simultaneously blocks PD-1 to reactivate antitumor immune response by releasing T-cell inhibition and inhibits VEGF to suppress tumor angiogenesis while modulating the immunosuppressive tumor microenvironment. The primary objectives of this research are to evaluate the efficacy and safety of Ivonescimab compared with conventional immunotherapy and to investigate its potential mechanisms of action, thereby providing scientific evidence to support its clinical application.The secondary objectives are to identify and validate potential predictive and prognostic biomarkers associated with the clinical efficacy and safety of Ivonescimab, and to perform multi-omics analyses (including genomics, transcriptomics, proteomics, and metabolomics) to explore the underlying molecular mechanisms of Ivonescimab in regulating antitumor immune response, remodeling tumor angiogenesis, and modulating the tumor microenvironment, so as to lay a theoretical foundation for the precise application of Ivonescimab and the development of combined therapeutic strategies.",Peking University People's Hospital,ClinicalTrials.gov,2026,https://clinicaltrials.gov/study/NCT07359040,NCT07359040,RECRUITING,"[""ClinicalTrials.gov""]",nct:nct07359040
ClinicalTrials.gov,NCT07483112,,,,"Multicenter, Randomized, Controlled Trial to Study the Effects of a High-Fiber Dietary Intervention on ctDNA Clearance and the Microbial and Immunological Landscape in Patients With Advanced Non-Small Cell Lung Cancer Receiving PD-1/PD-L1-Targeted Monotherapy (Fiber-Boost)","In the present study 'Fiber-Boost', we investigate how a high-fiber diet affects the immunotherapy of advanced lung cancer and what effects it has on the gut microbiome (i.e., the bacteria in the gut) as well as the immune system. Study participants will be assigned to either a test group or a control group. Only patients in the test group will undergo a high-fiber diet. The study lasts 6 weeks per patient and will be conducted at 4 centers within Switzerland. A total of 42 patients are planned to be included in the study. The activity of immune checkpoint blockade (ICB) mechanistically depends on the host microbiome and is manipulable through diet. In this study termed Fiber-Boost, we propose a multicenter trial of a supplement-based high-fiber diet (HFD) in non-small cell lung cancer (NSCLC) treated with first-line ICB monotherapy. Using a randomized, controlled design, we mechanistically explore the role of dietary fibers in cancer immunotherapy. Circulating tumor DNA (ctDNA) quantification as well as a rich pipeline of companion microbiome and immune profiling technologies will improve the understanding of the diet-microbiome-immune axis in therapeutic anticancer immunity and treatment response. The overarching goal is to elucidate novel therapeutic strategies for ICB sensitization in NSCLC using microbiome-centered, non-pharmaceutical interventions. Sex and gender dimensions are biologically not sufficiently relevant for the current study to merit corresponding stratification or analyses.",Cantonal Hospital of St. Gallen,ClinicalTrials.gov,2026,https://clinicaltrials.gov/study/NCT07483112,NCT07483112,RECRUITING,"[""ClinicalTrials.gov""]",nct:nct07483112
ClinicalTrials.gov,NCT04853017,,,,First in Human Phase 1 Trial of ELI-002 Immunotherapy as Treatment for Subjects With Kirsten Rat Sarcoma (KRAS) Mutated Pancreatic Ductal Adenocarcinoma and Other Solid Tumors,"This is a Phase 1 study to assess the safety and efficacy of ELI-002 immunotherapy (a lipid-conjugated immune-stimulatory oligonucleotide \[Amph-CpG-7909\] plus a mixture of lipid-conjugated peptide-based antigens \[Amph-Peptides\]) as adjuvant treatment of minimal residual disease (MRD) in subjects with KRAS/neuroblastoma ras viral oncogene homolog (NRAS) mutated PDAC or other solid tumors. This is a Phase 1 dose escalation study in which ELI-002 2P (Amph modified KRAS peptides, Amph-G12D and Amph-G12R admixed with admixed Amph-CpG-7909) will be evaluated, with plans to transition to the ELI-002 7P drug product containing all 7 Amph-Peptides (G12D, G12R, G12V, G12A, G12C, G12S, G13D) in future clinical trials.

The study is an open-label, dose-escalation, 3+3 design in which approximately 18 subjects will be treated in 3 planned dose level cohorts. Increasing doses of Amph-CpG-7909 will be evaluated sequentially. Additional cohorts may be added to explore intermediate or higher dose levels based on cumulative safety review and preliminary review of pharmacodynamic responses. Safety and pharmacodynamic data will be evaluated and a recommended Phase 2 dose (RP2D) will be determined in consideration of a maximum tolerated dose (MTD) if observed.",Elicio Therapeutics,ClinicalTrials.gov,2021,https://clinicaltrials.gov/study/NCT04853017,NCT04853017,COMPLETED,"[""ClinicalTrials.gov""]",nct:nct04853017
ClinicalTrials.gov,NCT05715229,,,,A Multicenter Phase II Randomized Trial Of Immunotherapy Versus Chemotherapy Guided By Circulating Tumor DNA-Based Molecular Response On Patients With Metastatic NSCLC,"This clinical trial plans to assess to what extent the on-treatment circulating tumor DNA (ctDNA) can predict the subset of patients with NSCLC who will respond to immunotherapy treatment only and which patients will need both immunotherapy and chemotherapy modalities for their treatment regimen. Subjects will be randomized 2:1 and patients in both arms will begin treatment with nivolumab 360 mg intravenously every 3 weeks and ipilimumab 1 mg/kg intravenously every 6 weeks. At five weeks of treatment, subjects will have ctDNA response evaluation with Guardant360 Response assay. At the next cycle of treatment (+/- 2 days), patients in the larger arm will receive treatment based on the Guardant360 Response assay results, as described below. Subjects will undergo ctDNA evaluation with Guardant360 Response assay 6- week post-randomization and at the time of progression. Response to therapy will be assessed by interval imaging with CT scan of the chest/abdomen/pelvis (and MRI brain if applicable) with response evaluated by irRECIST criteria every 12 weeks until disease progression.",Hackensack Meridian Health,ClinicalTrials.gov,2023,https://clinicaltrials.gov/study/NCT05715229,NCT05715229,RECRUITING,"[""ClinicalTrials.gov""]",nct:nct05715229
ClinicalTrials.gov,NCT05925530,,,,"A Multicentre, Phase II, Single-Arm, Interventional Study of Neoadjuvant Durvalumab and Platinum-based Chemotherapy (CT), Followed by Either Surgery and Adjuvant Durvalumab or Chemoradiotherapy (CRT) and Consolidation Durvalumab, in Participants With Resectable or Borderline Resectable Stage IIB-IIIB Non-small Cell Lung Cancer (NSCLC)","The purpose of this study is to assess efficacy and safety of neoadjuvant durvalumab in combination with platinum-based chemotherapy (CT) given as initial therapy after cancer diagnosis followed by either surgery and adjuvant durvalumab or chemoradiotherapy (CRT) and consolidation durvalumab given alone as further therapy in participants with resectable and borderline resectable stage IIB-IIIB NSCLC. This will be a multicentre, Phase II, single-arm, global study assessing the efficacy and safety of neoadjuvant durvalumab and platinum-based CT, given intravenously, followed by either surgery and adjuvant durvalumab or definitive CRT and consolidation durvalumab in participants with resectable and borderline resectable stage IIB-IIIB NSCLC.

Neoadjuvant Period A:

All participants will initially receive 2 cycles of neoadjuvant durvalumab + CT (investigator's choice platinum-based) every three weeks. Participants will be assessed for resectability by a multidisciplinary team.

Neoadjuvant Period B:

Cohort 1: Participants who are deemed eligible for surgery will receive study intervention every three weeks for an additional one and up to two cycles, followed by surgery.

CRT:

Cohort 2: Participants with unresectable tumours (according to MDT re-assessment) will receive definitive CRT (6 one-week cycles) for approximately six weeks.

Both cohorts will then go on to receive durvalumab every four weeks until disease progression or recurrence or up to one year.",AstraZeneca,ClinicalTrials.gov,2023,https://clinicaltrials.gov/study/NCT05925530,NCT05925530,ACTIVE_NOT_RECRUITING,"[""ClinicalTrials.gov""]",nct:nct05925530
ClinicalTrials.gov,NCT04367311,,,,"A Phase II Study of Adjuvant Treatment With Cisplatin-based Chemotherapy Plus Concomitant Atezolizumab in Patients With Stage I (Tumors ≥ 4cm), IIA, IIB, and Select Stage III [Any T1-3 N1-2 and T4N0-2] Resected Non-small Cell Lung Cancer (NSCLC) and the Clearance of Circulating Tumor DNA (ctDNA) Big Ten Cancer Research Consortium BTCRC-LUN19-396","The vast majority of patients with stage I (tumors ≥ 4cm), IIA, IIB (and select stage III) NSCLC are managed with upfront surgery, followed by adjuvant chemotherapy. However, relapse rates remain high and are primarily due to distant, metastatic disease. Previous meta-analysis evaluating the use of neo-adjuvant chemotherapy and adjuvant chemotherapy demonstrate a similar impact on improved disease free survival (DFS) and overall survival (OS). The role of checkpoint inhibitors has been proven to be effective in the treatment of patients with advanced NSCLC, regardless of histology and PD-L1 expression. Results from trials evaluating the use of checkpoint inhibitors alone or in combination with chemotherapy in the neoadjuvant setting for early stage disease are promising. However, there are no trials evaluating the role of concomitant chemotherapy and checkpoint inhibitors in the adjuvant setting. In addition, emerging data supports the use of ctDNA as a promising biomarker for early detection of minimal residual disease and have indicated that the presence of detectable ctDNA after surgery for localized lung cancer is correlated with a 90-100% chance for disease recurrence. Therefore, we propose this current study assessing concomitant chemotherapy plus Atezolizumab in the adjuvant setting for patients with stage I (tumors ≥ 4cm), IIA, IIB (and select stage III) NSCLC who have detectable ctDNA after surgery. The clearance of ctDNA will serve as a surrogate for long term DFS and OS in this patient population.",Big Ten Cancer Research Consortium,ClinicalTrials.gov,2020,https://clinicaltrials.gov/study/NCT04367311,NCT04367311,ACTIVE_NOT_RECRUITING,"[""ClinicalTrials.gov""]",nct:nct04367311
ClinicalTrials.gov,NCT06364917,,,,DISCERN: Dual Immune Strategy Versus Single Checkpoint Inhibition Efficacy Response in PDL-1 Negative Non-Small Cell Lung Cancer (NSCLC),"The purpose of this study, known as DISCERN, is to compare two different treatments for a type of lung cancer called non-small cell lung cancer (NSCLC) that does not show a marker known as PD-L1. This study will help us understand if using two types of immune therapy together with chemotherapy is better than using one type of immune therapy with chemotherapy. We're doing this by looking at changes in the subject's cancer's DNA in the blood after starting treatment.",University of Alabama at Birmingham,ClinicalTrials.gov,2024,https://clinicaltrials.gov/study/NCT06364917,NCT06364917,RECRUITING,"[""ClinicalTrials.gov""]",nct:nct06364917
ClinicalTrials.gov,NCT06250829,,,,Analysis of Variables Predicting Pathological Complete Response and Immune Related Adverse Events in Patients With Resectable Non-Small Cell Lung Cancer Receiving Neoadjuvant Immunotherapy With Chemotherapy - A Prospective Cohort Study,"Lung cancer is the chief cause of cancer death. The new standard-of-care (SOC) in operable lung cancer combines chemotherapy and an immune-stimulating drug before the surgery (neoadjuvant approach). This results in a large increase in complete cancer clearance rates compared to chemotherapy alone (±30% with combination vs ±4% with chemotherapy alone), leading to much better long-term survival and probably many more cures. However, most still don't achieve complete clearance, and a few have increases in, or spread of, their tumors while on treatment. Therefore, we need to understand why some patients benefit (responders) and others don't benefit (non-responders) on an immunotherapy-based treatment. Also, some patients unpredictably develop severe immune-type side effects related to the immunotherapy drug, although such side effects may be associated with improved anti-cancer effects. In short, the same treatment can result in complete cancer clearance in one patient, and in a worst-case scenario may result in severe toxicity or fail to control spread/growth thus precluding surgery. The immune system obviously plays a key role in both benefit and harm, yet most of the research in this field has focused only on the cancer. We plan an in-depth study in 60 patients, focusing on the cancer as well as the patient's immune system, pre-surgery. This will enable us to identify factors predicting complete cancer clearance, and the occurrence of immune-type side effects. Using highly sophisticated resources available to us here in London, we will develop predictive models enabling better patient management (including possible avoidance of surgery), and identification of key biological differences between major responders and non-responders, to highlight important new targets for the development of even newer and better therapies. RATIONALE: For patients (pts) with stage I-IIIA NSCLC, surgical resection is the SOC. Adjuvant chemotherapy (chemo) offers modest survival benefit and there remains equipoise in the relative value of adjuvant vs neo-adjuvant chemo. Recently, Health Canada approved neo-adjuvant immunotherapy (nivolumab) with platinum-based chemo (chemo/nivo) in pts with resectable (IB-IIIA) non-small cell lung cancer (NSCLC), based on a prospective trial (CM816), showing better event-free (EFS) and overall survival (OS), and pathological complete responses (pCR), making this approach as the new SoC. pCR rates in CM816 were 24% neoadjuvant nivo/chemo compared to 2.2% neoadjuvant chemo alone. In these trials, OS benefit was especially seen in pts with tumors expressing programmed death-ligand 1 (PD-L1) and those with pCR.

We propose a prospective single cohort study to analyze the predictors of pCR in a similar-sized cohort of our pts on the same neo-adjuvant chemo/nivo but employing a range of parameters that are both broader and, in some cases, more sophisticated. We intend to make use of parameters that reflect both the tumor itself as well as the integrity of immune system of the host, obviously a critical determinant of immune-mediated efficacy, yet strangely neglected in the literature. We will then seek to develop an initial predictive model for pCR with a good sensitivity/specificity, as a prelude to refining/testing the model in future work, with a much larger sample.

Noting that immune-related adverse events (IrAE's) are strongly associated with efficacy with immunotherapy, we will not only be including the emergence of early on-treatment IrAE's in our pCR modeling, but also develop an additional model as a subsidiary aim to predict IrAE's themselves. Note the incidence of ≥ grade3 AE's was 33.5% in CM816, and there is currently no available way to predict their occurrence. This is not to suggest such a model, if successful, should be used to deny such pts immune checkpoint inhibitors, but it would allow a more informed consent process, as well as more intensive pro-active monitoring to avoid the worst outcomes of serious IrAE's (which are occasionally fatal) by early intervention.

Major Aim: Development of a model predicting pCR after neo-adjuvant chemo/nivo in pts with resectable NSCLC.

Hypothesis: That an initial model, combining predictive variables from baseline tumor characteristics, baseline factors likely to be associated with host immunity, as well as treatment-emergent events, in pts with resectable NSCLC on neoadjuvant chemo/nivo, can predict a pCR with an area under the Receiver Operator Characteristic (ROC) curve of at least 0.8.

Objectives: Primary Objectives: (1) To explore the feasibility of acquiring a combination of baseline and treatment-emergent potentially predictive variables in pts with early-stage NSCLC subject to neoadjuvant chemo/nivo; (2) To curate these variables and by uni-and multi-variate analyses, to identify those independently useful in predicting pCR in these pts; (3) To combine these independently predictive factors into a model with adequate sensitivity and specificity.

Secondary Objectives: (1) To assess outcomes in patients with resectable NSCLC treated with neoadjuvant chemo/immuno; (2) To evaluate exploratory and potential biomarkers for predicting pCR, major pathological responses (MPR), overall response rate (ORR), event-free survival (EFS), overall survival (OS) and IrAE's; (3) To assess if a post-treatment (but pre-surgery) metabolic response by F18-Fluorodeoxyglucose(FDG)-Positron emission tomography(PET)/CT and a blood-only molecular residual disease assay (ctDNA clearance) can accurately predict a pCR added to or instead of a more complex model.

Endpoints: Primary: (1) To determine the predictive power (sensitivity, specificity, ROC characteristic curves) of a model, combining variables, in predicting pCR; (2) To determine whether a similar model can be constructed to predict IrAE's

Secondary Endpoints: (1) Assess pCR, MPR, clinical objective response rates (ORR), EFS and OS; and IrAE's; (2) Exploratory the feasibility of acquiring novel potential biomarkers - e.g., Lymphocyte-activation gene 3 (LAG3), Lysine-specific histone demethylase1A (LSD1), Leukemia inhibitory factor (LIF), Interleukin 6 (IL6), Interleukin 7 (IL7).

Study Population: Participants with histologically confirmed Stage IB-IIIA NSCLC who are considered to have a resectable disease; with available baseline tumor tissue for immunohistochemistry (IHC) and next-generation sequencing (NGS) except those with known epidermal growth factor receptor (EGFR) mutations, anaplastic lymphoma kinase (ALK) or receptor tyrosine kinase (ROS1) translocation; or active, known, or suspected autoimmune disease.

Study Design: A prospective single cohort (N=60) study.

Treatment Details: Patients with resectable stage Ib-IIIa NSCLC will be treated with new SoC, 3 cycles of neoadjuvant nivolumab immunotherapy plus platinum doublet chemo.

Sample Size: Our planned accrual of 60 patients will result in approximately 15 pCRs, assuming an event rate of 25%. This will allow us to explore our potential predictors and their univariable associations with pCR and/or no-pCR outcomes. The top predictors identified in univariable analyses could be used as candidate predictors in a multivariable prediction model. This framework would allow for an exploratory multivariable model predicting no-pCR with up to 9 of the top candidate predictors identified in univariable analyses, and/or up to 3- 4 of the top candidates predicting pCR. This assumes a two-sided type I error rate of 0.0516.

Feasibility: Our centre treats an average 60 patients per year with resectable NSCLC who are eligible for neoadjuvant therapy. As such, we should be able to meet our enrollment goal in approximately 12-14 months.

Significance: A model that can predict pCR could help in identifying pts most likely to benefit from neo-adjuvant chemo/nivo. If subsequently validated such a model would have several applications including pt selection for neo-adjuvant chemo/immuno; potential avoidance of surgery in reliably-predicted pCR pts of morbid thoracotomy; identification of pts needing additional treatments (e.g. CTLA4 inhibitors, or radiotherapy); acquisition of important insights into the biological underpinnings of resistance; and most crucially, identification of novel targets or strategies to overcome resistance.",London Health Sciences Centre Research Institute OR Lawson Research Institute of St. Joseph's,ClinicalTrials.gov,2024,https://clinicaltrials.gov/study/NCT06250829,NCT06250829,UNKNOWN,"[""ClinicalTrials.gov""]",nct:nct06250829
ClinicalTrials.gov,NCT07285434,,,,"Clinical Study of the Therapeutic Effectiveness of In-silico-Designed, Machine Learning Inspired, and Quantum-molecularly Coupled Personalized Neoantigenic Vaccines Microlyvaq™ in Patients With Advanced Non-small Cell Lung Cancer","Microlyvaq™ is a first-line, non-randomized, two-arm clinical trial in advanced non-small cell lung cancer (NSCLC). In both arms, patients receive a personalized multi-epitope vaccine (Microlyvaq™) on top of standard-of-care chemo-immunotherapy, with treatment tailored by histology:

Arm 1 - Squamous NSCLC: Microlyvaq™ + carboplatin AUC 5 + paclitaxel 175 mg/m² + pembrolizumab Arm 2 - Non-squamous NSCLC: Microlyvaq™ + carboplatin AUC 5 + pemetrexed 500 mg/m² + pembrolizumab Because this is a non-randomized study, patients are assigned to arms based on tumor histology (squamous vs non-squamous), not by random allocation.

The core problem it addresses is that even with pembrolizumab plus histology-appropriate chemotherapy, many patients either never respond or respond briefly and then progress. Tumors evade by exhausting T cells, excluding them from the tumor bed, evolving antigen loss, and maintaining suppressive myeloid and stromal niches. Microlyvaq™ is designed to overcome these resistance modes by actively installing new, durable, polyfunctional anti-tumor immunity rather than relying only on pre-existing T cells.

Here's how it works. Each patient's tumor is sequenced (whole exome and RNA-seq) to identify both well-known lung cancer-associated antigens (e.g. NY-ESO-1, SOX2, p53, MAGE-A4, BRAF, BMI1, FXR1, HuD, HuC, CAGE) and private neoantigens created by that tumor's specific mutations, fusions, and splice variants. From this large antigen pool, machine learning models score each candidate epitope for that specific patient. The models consider predicted HLA class I and II presentation, how efficiently the antigen will actually be processed and displayed, whether it's expressed in tumor but not healthy tissue, how essential it is to most malignant cells (to avoid easy escape), and whether it is likely to drive functional, non-exhausted T-cell responses. This is not a generic ranking; it is individualized per patient.

The most promising epitopes then undergo a quantum molecular coupling evaluation. Instead of simply asking whether a peptide binds a given HLA, Microlyvaq™ modeling simulates the peptide-MHC complex as a physical system and approximates solutions to Ĥψ = Eψ to estimate whether the peptide will form a stable, low-energy, presentation-competent conformation that a realistic T-cell receptor can dock to without high energetic penalty. Epitopes that look good in simple binding screens but are predicted to be unstable, transient, or geometrically inaccessible to TCRs are excluded. The remaining epitope set is engineered to: (1) recruit potent CD8⁺ cytotoxic T cells that can kill tumor cells, and (2) recruit CD4⁺ Th1 helper T cells that produce IFN-γ, TNF-α, and IL-2 to sustain and support those killers. The vaccine is therefore intentionally multi-epitope, Th1-biased, and patient-specific.

Each personalized Microlyvaq™ lot is manufactured under GMP and given as a prime-boost series in sync with pembrolizumab and the appropriate chemotherapy backbone for the patient's histologic arm (carboplatin/paclitaxel for squamous; carboplatin/pemetrexed for non-squamous). Timing is deliberate: chemotherapy induces immunogenic tumor cell death and antigen release and transiently ""opens up"" the tumor microenvironment, while pembrolizumab lifts PD-1-mediated brakes on emerging T cells. Microlyvaq™ is dosed into that vulnerable window to expand vaccine-encoded clones just as new antigen is exposed and suppression is partially relieved. The goal is to generate rapid tumor shrinkage, then sustained immune pressure on residual disease, plus epitope spreading - where the immune system begins to recognize additional tumor targets beyond those in the vaccine, making escape more difficult.

The trial itself is structured as a seamless, adaptive, non-randomized Phase I/IIa study, with two predefined histology-based arms (squamous vs non-squamous) rather than randomized treatment allocations. The primary early endpoint is objective response rate (RECIST v1.1). Key secondary endpoints include progression-free survival, duration of response, and overall survival. In addition, the study incorporates real-time translational signals as decision points, including:

1. polyfunctional Th1 and CD8⁺ responses to vaccine epitopes by ELISpot/ICS,
2. durable expansion and persistence of vaccine-linked TCR clonotypes in blood and, when feasible, in tumor,
3. rapid decline in circulating tumor DNA as an early molecular marker of tumor clearance,
4. improved tumor infiltration by CD8⁺ and Th1 cells, and
5. remodeling of the tumor microenvironment away from suppressive myeloid states. If a given histology arm shows strong clinical responses plus these immune/molecular signals, that arm can seamlessly expand into survival-powered confirmation. If it does not, predefined futility rules allow that arm to stop, all within this non-randomized, adaptive framework. This is an early Phase I, non-randomized, open-label, histology-stratified, two-arm interventional study evaluating Microlyvaq™, a personalized multi-epitope peptide vaccine, in combination with first-line pembrolizumab and platinum-based chemotherapy in adults with advanced or metastatic non-small cell lung cancer (NSCLC).

Patients are assigned to treatment arm according to tumor histology only (no randomization):

* Arm 1 (Squamous NSCLC): Microlyvaq™ + carboplatin AUC 5 + paclitaxel 175 mg/m² + pembrolizumab.
* Arm 2 (Non-squamous NSCLC): Microlyvaq™ + carboplatin AUC 5 + pemetrexed 500 mg/m² + pembrolizumab, with standard folate, vitamin B12, and corticosteroid premedication.

Rationale and Unmet Need Pembrolizumab plus platinum-based chemotherapy is a standard first-line option in metastatic NSCLC and improves survival compared with chemotherapy alone. However, many patients never respond, and responders often experience early progression. Current biomarkers (e.g., PD-L1 expression or tumor mutational burden) do not reliably predict durable benefit. Major causes of failure include incomplete or exhausted tumor-reactive T-cell repertoires, stromal and vascular barriers to T-cell infiltration, immunosuppressive myeloid and cytokine milieus, metabolic constraints in the tumor microenvironment, and antigenic escape under immune pressure. Releasing PD-1-mediated inhibition, even together with chemotherapy-induced antigen release, often does not generate a sustained, diversified, polyfunctional anti-tumor immune response.

Microlyvaq™ is designed to introduce into each patient a de novo, computationally defined set of tumor-directed T-cell specificities that are tailored to the individual tumor mutational and antigenic landscape, aligned with the patient's HLA genotype, and biased toward clonally important, difficult-to-lose lesions to reduce antigen-loss escape. The vaccine is administered in a prime-boost schedule intentionally synchronized with pembrolizumab and the histology-appropriate chemotherapy backbone.

The overarching early Phase I hypothesis is that a personalized multi-epitope vaccine can be safely integrated with standard chemo-immunotherapy, will induce measurable polyfunctional T-cell responses and favorable biomarker changes, and may provide preliminary signals of deeper and more durable clinical responses than would be expected with chemo-immunotherapy alone, thereby justifying later-phase studies.

Microlyvaq™ Platform (Tumor Profiling and Epitope Selection) For each participant, tumor material is analyzed using next-generation sequencing and HLA typing to generate a patient-specific pool of candidate antigens, including private neoantigens (from non-synonymous mutations, indels, fusions or splice variants) and selected tumor-associated antigens that are overexpressed in NSCLC. An AI/machine-learning-based immunogenetic scoring system evaluates each candidate epitope with respect to predicted HLA binding, processing and presentation, tumor specificity, clonality, and likelihood of immune escape. Quantum-inspired structural modeling is then used to further prioritize peptides predicted to form stable peptide-MHC complexes that are accessible to T-cell receptors. From this process, a finite panel of class I and class II peptides is selected to compose the personalized Microlyvaq™ lot for that patient.

The epitope selection algorithm is ""context-aware"" of the planned chemotherapy backbone (carboplatin/paclitaxel in Arm 1 vs carboplatin/pemetrexed in Arm 2), recognizing that these regimens differentially shape patterns of tumor cell death, vascular and stromal remodeling, and transient changes in lymphoid and myeloid compartments. Panels are therefore optimized with respect to both the patient's tumor biology and the expected treatment-induced immune milieu.

Manufacturing and Administration Microlyvaq™ is manufactured under Good Manufacturing Practice (GMP) conditions. Selected peptides are synthesized, purified, and blended into a multi-epitope peptide formulation, with standard identity, purity, sterility, and endotoxin testing and verification of chain-of-identity and chain-of-custody. Feasibility endpoints include the proportion of enrolled patients in whom a Microlyvaq™ lot can be successfully generated and released within a clinically relevant time window from biopsy to first vaccination, as well as logistical performance across manufacturing, storage, shipping, and on-site handling.

The vaccine is administered by subcutaneous or intradermal injection (final route defined in the protocol) in a prime-boost schedule coordinated with pembrolizumab and chemotherapy (e.g., a prime in Cycle 1 followed by boosts in subsequent cycles and, where appropriate, during pembrolizumab maintenance). Standard premedication and post-dose observation are used to monitor for local and systemic reactions.

Study Objectives and Assessments Because this is an early Phase I non-randomized trial, the primary focus is on safety, tolerability, and feasibility of integrating Microlyvaq™ into standard first-line regimens for squamous and non-squamous NSCLC. Treatment-emergent adverse events, serious adverse events, and immune-related adverse events will be collected and graded using standard criteria. Feasibility measures include adherence to the planned vaccination schedule and the ability to deliver individualized vaccine lots on time.

Key secondary and exploratory objectives include evaluation of vaccine-induced CD4⁺ and CD8⁺ T-cell responses against vaccine-encoded epitopes, T-cell receptor (TCR) repertoire dynamics (clonal expansion and persistence of vaccine-linked clonotypes), circulating tumor DNA (ctDNA) kinetics, and changes in the tumor microenvironment in patients who consent to on-treatment biopsies. Preliminary anti-tumor activity (e.g., overall response rate, duration of response, progression-free survival and overall survival per RECIST v1.1) will be described separately in each arm; the study is not powered for formal inter-arm comparisons.

Patient Population and Treatment Eligible patients are adults with advanced (stage IIIB/IIIC) or metastatic (stage IV) NSCLC who are candidates for first-line pembrolizumab plus platinum-based chemotherapy according to local standards, have ECOG performance status 0-1, adequate organ function, and sufficient tumor tissue for sequencing and HLA typing. Patients with squamous histology are assigned to Arm 1; those with non-squamous histology (e.g., adenocarcinoma or large-cell) are assigned to Arm 2. Key exclusions include prior PD-1/PD-L1/CTLA-4 blockade in the metastatic setting, uncontrolled CNS metastases, and clinically significant active autoimmune disease. Full eligibility criteria are specified elsewhere in the protocol.

Safety Monitoring and Oversight Patients will undergo regular clinical evaluations, laboratory testing, and radiologic assessments. Dosing of Microlyvaq™, pembrolizumab, and chemotherapy may be withheld, modified, or discontinued according to protocol-defined criteria in the event of toxicity. Immune-related toxicities will be managed in accordance with contemporary guidelines for checkpoint inhibitors, with additional guidance for suspected vaccine-related events. An independent Data Safety Monitoring Board (DSMB) will periodically review accumulating safety, feasibility, and emerging efficacy/biomarker data and may recommend modification, temporary suspension, or early termination of one or both histology-defined arms if warranted.

Sample Size and Design Summary The initial safety cohort will enroll 12 patients who will be evaluable for toxicity. If no Microlyvaq™-related adverse event of \> Grade 2 is observed in more than 3 patients and no Grade 4 Microlyvaq™-related toxicity is observed in any patient, enrollment may expand to a total of 30 patients across both non-randomized arms. Data from this early Phase I study are intended to support the feasibility, safety, and biological activity of Microlyvaq™ and to guide the design of subsequent Phase Ib/II trials in squamous and non-squamous NSCLC.",Biogenea Pharmaceuticals Ltd.,ClinicalTrials.gov,2025,https://clinicaltrials.gov/study/NCT07285434,NCT07285434,ENROLLING_BY_INVITATION,"[""ClinicalTrials.gov""]",nct:nct07285434
ClinicalTrials.gov,NCT05236114,,,,TEMPUS GEMINI NSCLC STUDY: A Longitudinal Multi-Omic Biomarker Profiling Study of Patients With Non-Small Cell Lung Cancer (NSCLC),"GEMINI NSCLC Study is a non-interventional study that will be collecting clinical and molecular health information from patients with NSCLC who will receive longitudinal blood collection in addition to their standard of care therapy and disease surveillance with the goals of identifying the molecular evolution of lung cancer with standard of care therapy, and determining the utility of ctDNA dynamics to predict risk of recurrence and therapeutic outcomes.",Tempus AI,ClinicalTrials.gov,2022,https://clinicaltrials.gov/study/NCT05236114,NCT05236114,RECRUITING,"[""ClinicalTrials.gov""]",nct:nct05236114
ClinicalTrials.gov,NCT04966676,,,,Beyond Chemotherapy: Nivolumab-Ipilimumab With cfDNA-guided Treatment Intensification as a Chemotherapy-sparing Strategy in Metastatic Non-small Cell Lung Cancer,"The purpose of this research study is to look at how effective two drugs, nivolumab and ipilimumab, are for people with non-small lung cancer that has metastasized (has spread to other parts of the body) and to see what effects these drugs have on these tumors. The study will use a special blood test to evaluate the response of the cancer to treatment. This blood test will analyze tumor DNA present in the blood (deoxyribonucleic acid, molecules that contain instructions for the development and function of cells). Patients that do not have evidence of a good response using this blood test will also undergo a short course of chemotherapy in addition to nivolumab and ipilimumab.","University Health Network, Toronto",ClinicalTrials.gov,2021,https://clinicaltrials.gov/study/NCT04966676,NCT04966676,TERMINATED,"[""ClinicalTrials.gov""]",nct:nct04966676
ClinicalTrials.gov,NCT07119190,,,,Construction of a Perioperative Comprehensive Diagnosis and Treatment System for Lung Cancer in the Era of Neoadjuvant Immunotherapy,"The goal of this study is to develop and refine an integrated minimally invasive care pathway for resectable lung cancer in the immunotherapy era, establishing a novel precision perioperative immunotherapy paradigm encompassing original techniques and clinical applications. Lung cancer remains the leading cause of cancer-related mortality in China and globally, imposing a substantial disease burden on society. Although comprehensive treatment strategies centered on surgery have improved patient outcomes, and perioperative immunotherapy-particularly immune checkpoint inhibitors-has profoundly reshaped the therapeutic landscape, significant knowledge gaps and critical challenges persist in this field. These challenges include uncertain beneficiary populations, poorly understood immune mechanisms, inaccurate efficacy prediction, difficult determination of resection margins, controversial efficacy assessment, and lack of effective early warning for adverse reactions.

This study will systematically identify biomarkers for early diagnosis and recurrence monitoring through multi-omic analysis of peripheral blood immune cell subsets and non-invasive liquid biopsies; investigate the tumor immune microenvironment's role in immunotherapy response mechanisms and predict treatment efficacy via multi-omic studies of tissue specimens; develop novel AI- and radiomics-assisted pathological assessment systems and prognostic prediction models; implement perioperative symptom assessment for timely identification of immune-related adverse events (irAEs) while conducting prehabilitation training for perioperative nursing care.",Peking University People's Hospital,ClinicalTrials.gov,2025,https://clinicaltrials.gov/study/NCT07119190,NCT07119190,NOT_YET_RECRUITING,"[""ClinicalTrials.gov""]",nct:nct07119190
ClinicalTrials.gov,NCT06045767,,,,T-Cell Repertoire Sequencing: Assessing Pembrolizumab Efficacy in Advanced Non-small Lung Cancer,"This is a single site, non-randomized trial for the assessment of intravenous (IV) pembrolizumab (also known as MK-3475) combined with pemetrexed/platinum-based chemotherapy in subjects with advanced or metastatic non-squamous non-small lung cancer (NSCLC) who have not previously received systemic therapy for advanced disease and in whom directed therapy is not indicated. Approximately 30 subjects will be enrolled in this trial to examine the clonality and diversity dynamics matched with disease response evaluated by RECIST 1.1. Subjects will receive pembrolizumab 200 mg combined with pemetrexed and platinum (investigator's choice of cisplatin or carboplatin), as indicated below:

Pembrolizumab 200 mg + pemetrexed 500 mg/m2 (with vitamin supplementation) + cisplatin 75 mg/m2 OR carboplatin AUC 5, all on Day 1 every 3 weeks (Q3W) for 4 cycles followed by pembrolizumab 200 mg + pemetrexed 500 mg/m2 Q3W until progression.

Treatment with pembrolizumab and pemetrexed will continue until 35 trial treatments have been administered, documented disease progression or unacceptable adverse event(s).

Patients will be stratified according to clinical and histopathological parameters: 1. PD-L1 status (PD-L1 \>/= 1 or \<1) 2. Age \< 65 vs =\> 65 3. Smoking history yes vs no 4. Platinum chemotherapy: cisplatin vs. carboplatin 5. Immune-related adverse events (irAEs).

TCR repertoire clonality and diversity will serve as an assessment measure for treatment response, along with PET/CT-scans, tumor exomal profile and ctDNA dynamics.",Tel Aviv Medical Center,ClinicalTrials.gov,2023,https://clinicaltrials.gov/study/NCT06045767,NCT06045767,NOT_YET_RECRUITING,"[""ClinicalTrials.gov""]",nct:nct06045767
ClinicalTrials.gov,NCT06951399,,,,T-Cell Repertoire Sequencing: Assessing Pembrolizumab Efficacy in Advanced Non-Small Lung Cancer,"This study includes patients with advanced non-small cell lung cancer (NSCLC) - either unresectable stage III or stage IV adenocarcinoma without actionable driver mutations - who are treated with pembrolizumab in combination with platinum-based doublet chemotherapy, irrespective of PD-L1 expression levels.

The primary objective is to assess treatment response through integration of serial T-cell receptor (TCR) repertoire sequencing (Rep-seq), capturing longitudinal changes in T-cell clonality and diversity. These immune dynamics will be correlated with radiographic response assessed by RECIST 1.1, with the aim of improving the accuracy of response classification, including differentiation between progression, pseudo-progression, and hyperprogression.

Additionally, circulating tumor DNA (ctDNA) levels will be measured longitudinally (pre-treatment and during treatment) to evaluate their potential as a complementary biomarker of disease burden and treatment efficacy in the context of chemo-immunotherapy.",Rabin Medical Center,ClinicalTrials.gov,2025,https://clinicaltrials.gov/study/NCT06951399,NCT06951399,NOT_YET_RECRUITING,"[""ClinicalTrials.gov""]",nct:nct06951399
ClinicalTrials.gov,NCT03865511,,,,MELROSE: Phase 2 Study Evaluating MEchanisms of Resistance on Tumor Tissue and Liquid Biopsy in Patients With EGFR Mutated Nonpretreated Advanced Lung Cancer Receiving OSimErtinib Until and Beyond Radiological Progression : the MELROSE Trial,"Osimertinib is an epidermal growth factor receptor tyrosine kinase inhibitor (EGFR-TKI) that is selective for both EGFR-TKI sensitizing and T790M resistance mutations in patients with non-small-cell lung cancer.

The AURA 3 study (T790M-positive advanced non-small-cell lung cancer in progression after first-line EGFR-TKI therapy, shown that the median duration of progression-free survival was significantly longer with osimertinib than with platinum therapy plus pemetrexed (10.1 months vs. 4.4 months p\<0.001).

In addition, clinical data show that patients with mutated EGFR NSCLC receiving osimertinib in first line, presented an objective response rate of 77 % with a disease control rate of 98 % and a median PFS was 19.3 months.

Finally, The FLAURA study randomized phase 3 study clearly demonstrated the superiority of osimertinib compared with erlotinib or gefitinib in EGFR mutated nonpretreated NSCLC (median PFS of 18.9 months versus 10.2 months).

However, several issues remain unknown or debated :

* What are the mechanisms of resistance to osimertinib prescribed in first-line?
* What are the consequences of prolonged exposure to osimertinib on the expression of markers of response to immunotherapy?
* Is there an association between kinetic parameters of ctDNA (circulating tumor DNA) and prediction of response to osimertinib and/ or and prediction of therapeutic escape under osimertinib? In order to respond to all these questions, this phase II trial will be the first to systemically analyze the mechanisms of resistance to Osimertinib based on the analysis of biopsy, and collection of plasma from all patients during the course of treatment.",Nantes University Hospital,ClinicalTrials.gov,2019,https://clinicaltrials.gov/study/NCT03865511,NCT03865511,UNKNOWN,"[""ClinicalTrials.gov""]",nct:nct03865511
ClinicalTrials.gov,NCT04585477,,,,Adjuvant ctDNA-Adapted Personalized Treatment in Early Stage NSCLC (ADAPT-E),"In this study circulating tumor DNA (ctDNA) blood testing is used to detect the residual blood cancer. If residual cancer using this blood test is detected there may be at higher risk of having the cancer return. The study is going to test whether or not the number of circulating cancer cells detected in the blood can be reduced by administration durvalumab after the standard treatment if you are tested positive for the residual cancer. Primary Objective:

The primary objective of this study is to measure the change in ctDNA from trial enrollment to after 2 cycles of adjuvant durvalumab in subjects with stage I to III NSCLC who had positive ctDNA following definitive treatment with surgery or radiation and completion of adjuvant standard of care chemotherapy. Secondary Objectives

1. To compare disease free survival (DFS)
2. To compare overall survival (OS)
3. To evaluate the frequency and severity of toxicity
4. To evaluate the severity of toxicity",Stanford University,ClinicalTrials.gov,2020,https://clinicaltrials.gov/study/NCT04585477,NCT04585477,SUSPENDED,"[""ClinicalTrials.gov""]",nct:nct04585477
ClinicalTrials.gov,NCT06902272,,,,A Phase 2 Study of Circulating Tumor DNA to Predict Response to Neoadjuvant Treatment and De-escalation Adjuvant Immunotherapy in Early-Stage NSCLC (DNA-PREDICT),The purpose of this study is to determine if a blood test called circulating tumor DNA (ctDNA) can be used to predict how well patients will respond to treatment and if there is any cancer left after surgery. The investigators will also study if a drug called pembrolizumab can help prevent the cancer from coming back in patients who are ctDNA-positive or who have evidence of cancer after treatment and surgery.,University of Miami,ClinicalTrials.gov,2025,https://clinicaltrials.gov/study/NCT06902272,NCT06902272,RECRUITING,"[""ClinicalTrials.gov""]",nct:nct06902272
ClinicalTrials.gov,NCT03986463,,,,CIrculating Tumour DNA in Lung Cancer (CITaDeL): Optimizing Sensitivity and Clinical Utility,"This is a prospective observation study in patients with non-small cell lung cancer (NSCLC) starting either cytotoxic chemotherapy or radiation therapy. It will assess changes in circulating tumor DNA (ctDNA) in the days following the initiation of treatment, as well as longitudinal monitoring, to assess the dynamics and value of ctDNA in stage III-IV NSCLC. The study consists of three cohorts of patients initiating a new treatment for their NSCLC. The cohorts of (1) patients starting concurrent chemotherapy and radiation for stage III NSCLC (2) patients with advanced NSCLC starting cytotoxic chemotherapy (with or without pembrolizumab) (3) patients with advanced NSCLC starting palliative radiation therapy. This study aims to study the changes in ctDNA levels following a new treatment in lung cancer patients and to explore if the diagnostic utility of ctDNA testing is improved immediately following treatment when tumour cells are actively dying. It will also examine the changes in ctDNA levels and mutational analysis longitudinally.",London Health Sciences Centre Research Institute OR Lawson Research Institute of St. Joseph's,ClinicalTrials.gov,2019,https://clinicaltrials.gov/study/NCT03986463,NCT03986463,COMPLETED,"[""ClinicalTrials.gov""]",nct:nct03986463
ClinicalTrials.gov,NCT04966663,,,,From Liquid Biopsy to Cure: Using ctDNA Detection of Minimal Residual Disease to Identify Patients for Curative Therapy After Lung Cancer Resection,"This is a study to look at whether the presence of circulating tumour DNA (ctDNA) in the blood can help to predict whether giving adjuvant treatment after surgery can decrease the chance of the cancer coming back in people with lung cancer. For people who have early stage non-small cell lung cancer (NSCLC), the usual treatment is surgery. For many people, surgery is enough to get rid of all the cancer. However, for some people, there may be a little bit of cancer remaining. If there is some cancer left over, it may lead to the cancer regrowing. This is called relapse.

Many cancers shed little bits of their DNA (deoxyribonucleic acid, molecules that contain instructions for how cells develop and function) into the bloodstream. A blood test can be used to test for the amount of circulating tumour DNA (ctDNA). Some studies have shown that the presence of ctDNA in the blood may predict cancer recurrence.

The purpose of this research study is to see if adjuvant treatment (additional treatment given after primary treatment) can help decrease the risk of the cancer recurring in people with lung cancer who have ctDNA detected in their blood after surgery.","University Health Network, Toronto",ClinicalTrials.gov,2021,https://clinicaltrials.gov/study/NCT04966663,NCT04966663,RECRUITING,"[""ClinicalTrials.gov""]",nct:nct04966663
ClinicalTrials.gov,NCT05534113,,,,"Sequential Envafolimab Immunotherapy After Patients With ctDNA EGFR Mutation Clearance by Treatment With Almonertinib in EGFR-Mutant, PD-LI Positive Non-small-cell Lung Cancer：Efficacy and Safety Clinical Trial","This is a prospective, single-arm, open-label, interventional clinical study, aimed at exploring the efficacy and safety of sequential Envafolimab immunotherapy after patients with ctDNA EGFR mutation clearance and achieved stable radiographically deep esponse after first line treatment with Almonertinib in EGFR-Mutant, PD-LI positive non-small-cell lung cancer. The study includes a screening period (not more than 28 days after the subject signs informed consent to before the first medication), treatment period (including Almonertinib treatment in 6-8 weeks after enrollment\\ctDNA testing and radiographically imaging assessment\\ctDNA guiding sequential Envafolimab immunotherapy) and follow-up period (including survival and safety) .

Eligible subjects receive 110 mg of Almonertinib once a day for 6-8 consecutive weeks of treatment，and receive ctDNA testing and radiographically imaging assessment again. According to test results, there are two types:

1. EGFR mutation is positive, subjects subsequent treament is up to the investigator (continue to receive 110 mg of Almonertinib once a day or combination therapy regimen), follow up every 6 weeks.
2. EGFR mutation is negative and achieve stable radiographically deep response after 6-8 weeks treatment with Almonertinib, subjects will stop Almonertinib treatment，and receive sequential Envafolimab immunotherapy (ctDNA dynamic monitoring guided treatment，every 6 weeks test ctDNA once, if it is negative, subjects continue to receive Envafolimab immunotherapy until ctDNA EGFR turns positive; if ctDNA EGFR is positive, subjects stop Envafolimab immunotherapy and receive Almonertinib 110 mg once a day again until ctDNA EGFR turns negative).

The treatment will continue until disease progression assessed by the investigator according to RECIST 1.1 criteria, or withdrawal or termination criteria are reached.",The First Affiliated Hospital with Nanjing Medical University,ClinicalTrials.gov,2022,https://clinicaltrials.gov/study/NCT05534113,NCT05534113,UNKNOWN,"[""ClinicalTrials.gov""]",nct:nct05534113
ClinicalTrials.gov,NCT06634199,,,,Study of Antitumor Immune Response Generated After Concurrent Chemo-radiotherapy (cCRT) and IO Treatment in Non-resectable Stage IIIA/B and IIIC NSCLC Patients Treated in Real World.,"Observational, multicenter, one-arm, non-comparative study. Data will be recorded in a retrospectively manner. The study will be based on secondary data collected from patient clinical chart completed by the doctor during routine visits. The primary objective is describe the antitumor immune response generated in the context of IO (immunotherapy) treatment after cCRT in patients with unresectable NSCLC treated in real world. The study is based on the collection of blood samples and tumor sample analysis, in real world NSCLC stage IIIA/B and IIIC; PD-L1\>1%; non-resectable patients on treatment with IO after cCRT without progression. The patients participating in this study will not receive treatment in relation to the study, no drugs will be provided. Patients will be treated as per standard clinical practice. All data collected for this study will be collected retrospectively from patient clinical chart. Only secondary data collected will be analyzed together will samples analysis information.The duration of the study is expected to be 3 years.",Fundación GECP,ClinicalTrials.gov,2024,https://clinicaltrials.gov/study/NCT06634199,NCT06634199,RECRUITING,"[""ClinicalTrials.gov""]",nct:nct06634199
ClinicalTrials.gov,NCT06227728,,,,"Analysis of PD-L1, TMB, CTDNA in Immunotherapy Response Monitoring and Prediction in Advancer Lung Cancer Treatment.","This is an observational clinical trial, aiming to investigate whether the ctDNA dynamics could predict early response to ICIs in patients with advanced-stage cancer. Moreover, conventional tumor markers PD-L1, TMB and MSI are to be investigated for their combined prognostic values in ICI treatment. This study is recruiting female and male patients, aged 18 and older:

* Who are diagnosed with stage IV cancer (lung, colorectal, breast, liver, gastric…) and indicated for ICI (first or second line). Concurrent chemotherapy with ICI is allowed.
* Who have not started ICI before enrollment,
* Compliant with treatment protocol,
* Who have no medical or psychiatric conditions or occupational, responsibilities that may preclude compliance with the protocol,
* Who consented to participate in the study.

Sample collection.

* 10 mL of peripheral blood (in Streck tubes) is collected for ctDNA analysis at 5 time points: pre-treatment (\<10 days before ICI), during ICI every 3 months until 12 months.
* 6-8 sections of formalin-fixed paraffin-embedded (FFPE) tumor samples.

As part of the protocol, demographic data, height, weight, medical and family history, and any relevant prior concomitant medication data will be recorded during follow-up visits. All patients are to be followed for 2 years from enrollment, with CT scan/ MRI/ PET-CT imaging measured every clinical visit for 24 months.

Tumor sample processing,

Genomic DNA was isolated from FFPE and matching white blood cells (WBC) samples by the QIAamp DNA FFPE Tissue Kit (Qiagen, USA) and the MagMAX™ DNA Multi-Sample Ultra 2.0 kit (ThermoFisher, USA) respectively according to manufacturers' instructions. DNA fragmentation and library preparation for both FFPE and WBC samples were performed using the NEBNext Ultra II FS DNA library prep kit (New England Biolabs, USA). Libraries were hybridized with predesigned probes for a gene panel of 473 targeted genes (Integrated DNA Technologies, USA). This gene panel was curated from large public cancer databases, high-impact cancer genomic studies, and particularly in-house database of prevalent mutations from \>10,000 cancer patients. The panel included entire exons of 473 genes, promoter region of TERT, and selected introns of 6 common fusion genes. Massive parallel sequencing of DNA libraries was performed on the DNBSEQ-G400 sequencer (MGI, China) with an average depth of 500X for FFPE and 500X for WBC samples.

TMB and MSI analysis,

TMB calculation was performed using our in-house developed script to divide the total number of eligible somatic variants by the size of the interrogated panel. An eligible somatic variant must meet all of the following criteria: (1) pass filtering parameters of the variant calling pipeline, (2) not likely a germline variant as filtered by the dbSNP database, (3) locate within the coding region, (4) not a synonymous mutation, (5) have VAF ≥ 5%, allele depth ≥ 5X, total depth ≥ 15X. The panel size was counted for the bases within coding regions with the minimal total depth ≥ 15X. The threshold for TMB-High (TMB-H) was determined as 10 mutations/Mb.

For MSI status, unstable microsatellite loci were detected by MSIsensor-pro (v1.2.0) in matched tumor-normal mode. If the proportion of unstable loci among all detected microsatellite loci was at least 20%, the sample was determined as MSI-High (MSI-H).

Tumor variant calling and ranking,

Sequencing data were processed based on best practices workflows from Genome Analysis Tool Kit (GATK) for somatic variant calling. Specifically, reads were aligned to the human reference genome (GRCh38) by BWA-MEM (v0.7.15). Post-alignment procedures including sorting, marking duplicated reads, and accessing alignment quality were done by Picard (v2.25.6). Somatic variants were called by GATK MuTect2 (v4.0.12.0) in the tumor-normal mode for paired FFPE and WBC samples with the use of a panel of normals and the population allele frequency from The Genome Aggregation Database (gnomAD). All filtered variants were further assessed for their functional impact using Variant Effect Predictor with the data from COSMIC and Clinvar databases. For mutational spectrum analysis, a minimum Variant allele frequency (VAF) of 5% in FFPE was applied for additional filtering. The annotated Variant Call Format (VCF) was then converted to the Mutation Annotation File (MAF) format using vcf2maf (doi:10.5281/zenodo.593251). The MAF data were analyzed and visualized by the 'maftools' in R package v3.4.2. All non-synonymous alterations were ranked by our K-TrackTM scoring algorithm to identify the most potential tumor-derived mutations to track. The top mutations unique to each patient were selected to design bespoke multiplex PCR assays in plasma.

Plasma sample processing and multiplex PCR,

cfDNA was extracted from plasma samples using the MagMAX™ Cell-Free DNA Isolation Kit (ThermoFisher, USA). Compatible primers were designed by Primer-BLAST software and synthesized by PhuSa Biochem, Vietnam. cfDNA fragments carrying the selected mutation sites were amplified in a bespoke multiplex PCR reaction containing designed primer pairs and enzyme KAPA HiFi DNA Polymerase (Roche, USA). Additionally, cfDNA fragments were also amplified in another multiplex PCR reaction, including primer pairs that amplify 50 target gene regions containing mutations for targeted therapy, drug resistance, and frequent mutations in metastatic lung cancer. Amplified cfDNA fragments were indexed and sequenced on the NextSeq 2000 system (Illumina, USA) with an average depth of 100,000X per amplicon. Amplicons with less than 10,000X coverage were considered unsuccessful.

Plasma variant calling and ctDNA analysis,

The raw fastq data of amplicons were removed adapters with Trimmomatic (v0.39), mapped to the human reference genome (GRCh38) using BWA-MEM (v0.7.15), sorted and marked duplicates using Picard (v2.25.6). Variant calling was performed using mpileup from Samtools (v1.11). A plasma sample that had at least one mutation with VAF above 0.05% was defined as ctDNA positive.",Gene Solutions,ClinicalTrials.gov,2024,https://clinicaltrials.gov/study/NCT06227728,NCT06227728,RECRUITING,"[""ClinicalTrials.gov""]",nct:nct06227728
ClinicalTrials.gov,NCT06840782,,,,"First-line Immunotherapy-based Standard of Care and Local Ablative Treatments for Oligometastatic Non-small Cell Lung Cancer Patients: a Randomized, Multicentre, Open-label Phase III Study","First-line immunotherapy-based standard of care and local ablative treatments for oligometastatic non-small cell lung cancer patients: a randomized, multicentre, open-label phase III study","Gustave Roussy, Cancer Campus, Grand Paris",ClinicalTrials.gov,2025,https://clinicaltrials.gov/study/NCT06840782,NCT06840782,RECRUITING,"[""ClinicalTrials.gov""]",nct:nct06840782
