database,source_id,source,nct_id,pmid,pmcid,doi,title,abstract,authors,journal,year,publication_types,conditions,interventions,overall_status,record_url
ClinicalTrials.gov,NCT04392505,,NCT04392505,,,,Durvalumab (MEDI4736) After chemoRadioTherapy (DART) for NSCLC Patients - a Phase II Translational and Biomarker Study Investigating PDL1 Positive and Negative Patients,"The main aim is to identify and describe biomarkers in different sample types related to chemoradiation followed by durvalumab treatment for stage III PD-L1 negative and positive non-small cell lung cancer (NSCLC) patients' eligible for curatively intended chemoradiation.

The hypothesis is that clinical differences in course of disease reflect underlying biological characteristics. This is an open, multinational, phase 2 trial to investigate the Properties of cancer cells before, during and after treatment with the investigational study drug durvalumab in patients with locally advanced non-small celled lung cancer (NSCLC). Both patients with high and low PD-L1 expression are allowed to participate. Durvalumab (PD-L1 inhibitor) will be administered after a period with standardtreatment with chemotherapy and radiationtherapy (chemoradiotherapy) for around 7 weeks. After maximum 5 weeks break after chemoradiotherapy, durvalumab will be given in the same dose to all patients for up to 12 months. The follow-up include a safety follow-up for up to five years, followed by a survival follow-up for up to a total of ten years.

The main aim is to identify and describe biomarkers in different sample types related to chemoradiation followed by durvalumab treatment for stage III PD-L1 negative and positive non-small cell lung cancer (NSCLC) patients' eligible for curatively intended chemoradiation.

The hypothesis is that clinical differences in course of disease reflect underlying biological characteristics. Inclusion Criteria:

1. Locally-advanced, unresectable, stage III NSCLC (including PET-CT and MRI-brain in the diagnostic work-up).
2. Capable of giving signed informed consent which includes compliance with the requirements and restrictions listed in the informed consent form (ICF) and in this protocol. Written informed consent and any locally required authorization (European Union \[EU\] Data Privacy Directive in the EU) obtained from the patient/legal representative prior to performing any protocol-related procedures, including screening evaluations.
3. Diagnostic biopsy with PD-L1 \<1% in 50 patients PD-L1 ≥1% in 50 patients
4. Adequate core or excisional biopsy for tumor assessment
5. Age \> 18 years at time of study entry
6. Eastern Cooperative Oncology Group (ECOG) performance status of 0 or 1
7. Life expectancy of at least 12 weeks
8. Body weight \>30 kg
9. Adequate normal organ and marrow function as defined below:

   \- Haemoglobin ≥9.0 g/dL
   * Absolute neutrophil count (ANC) 1.5 x (\> 1500 per mm3)
   * Platelet count ≥100 x 109/L (\>75,000 per mm3)
   * Serum bilirubin ≤1.5 x institutional upper limit of normal (ULN).
   * AST (SGOT)/ALT (SGPT) ≤2.5 x institutional upper limit of normal unless liver metastases are present, in which case it must be ≤5x ULN
   * Measured creatinine clearance (CL) \>40 mL/min or Calculated creatinine CL\>40 mL/min by the Cockcroft-Gault formula (Cockcroft and Gault 1976) or by 24-hour urine collection for determination of creatinine clearance:

   Males:

   \- Creatinine CL (mL/min) = Weight (kg) x (140 - Age) 72 x serum creatinine (mg/dL)

   Females:

   \- Creatinine CL (mL/min) = Weight (kg) x (140 - Age) x 0.85 72 x serum creatinine (mg/dL)
10. Evidence of post-menopausal status or negative urinary or serum pregnancy test for female pre-menopausal patients. Women will be considered post-menopausal if they have been amenorrheic for 12 months without an alternative medical cause.
11. Women of childbearing potential (WOCBP) should have a negative urine or serum pregnancy within 7 days prior to receiving the firs dose of study medication. If the urine test is positive or cannot be confirmed as negative, a serum pregnancy test will be required. A woman is considered as WOCBP, i.e. fertile, following menarche and until becoming post-menopausal unless permanently sterile. Permanent sterilisation methods include hysterectomy, bilateral salpingectomy and bilateral oophorectomy.
12. WOCBP should use an adequate method to avoid pregnancy
13. males who are sexually active with women of childbearing potential must agree to follow instructions for method(s) of contraception for a period of 90 days (duration of sperm turnover) / the time required for the investigational drug to undergo five half-lives
14. Patient is willing and able to comply with the protocol for the duration of the study including undergoing treatment and scheduled visits and examinations including follow up.

Exclusion Criteria:

1. Non-small cell lung cancer disease suitable for curative surgery
2. Significant cardiac, pulmonary or other medical illness that would limit activity or survival
3. Concurrent enrolment in another clinical study, unless it is an observational (non-interventional) clinical study or during the follow-up period of an interventional study during the last 2 weeks.
4. Any concurrent chemotherapy, Investigational Product (IP), biologic, or hormonal therapy for cancer treatment. Concurrent use of hormonal therapy for non-cancer-related conditions (e.g., hormone replacement therapy) is acceptable.
5. Major surgical procedure (as defined by the Investigator) within 28 days prior to the first dose of IP. Note: Local surgery of isolated lesions for palliative intent is acceptable.
6. History of allogenic organ transplantation.
7. Active or prior documented autoimmune or inflammatory disorders (including inflammatory bowel disease \[e.g., colitis or Crohn's disease\], diverticulitis \[with the exception of diverticulosis\], systemic lupus erythematosus, Sarcoidosis syndrome, or Wegener syndrome \[granulomatosis with polyangiitis, Graves' disease, rheumatoid arthritis, hypophysitis, uveitis, etc\]). The following are exceptions to this criterion:

   * Patients with vitiligo or alopecia
   * Patients with hypothyroidism (e.g., following Hashimoto syndrome) stableon hormone replacement
   * Any chronic skin condition that does not require systemic therapy
   * Patients without active disease in the last 5 years may be included but only after consultation with the study physician
   * Patients with celiac disease controlled by diet alone

i. Uncontrolled intercurrent illness, including but not limited to, ongoing or active infection, symptomatic congestive heart failure, uncontrolled hypertension, unstable angina pectoris, cardiac arrhythmia, interstitial lung disease, serious chronic gastrointestinal conditions associated with diarrhea, or psychiatric illness/social situations that would limit compliance with study requirement, substantially increase risk of incurring AEs or compromise the ability of the patient to give written informed consent j. History of another primary malignancy except for

* Malignancy treated with curative intent and with no known active disease ≥5 years before the first dose of IP and of low potential risk for recurrence
* Adequately treated non-melanoma skin cancer or lentigo maligna without evidence of disease
* Adequately treated carcinoma in situ without evidence of disease k. History of active primary immunodeficiency or medical condition requiring high doses (\>30 mg prednisolone daily) of systemic steroids or other forms of immunosuppressive therapy l. Active infection including tuberculosis (clinical evaluation that includes clinical history, physical examination and radiographic findings, and TB testing in line with local practice), hepatitis B (known positive HBV surface antigen (HBsAg) result), and hepatitis C. Patients with a past or resolved HBV infection (defined as the presence of hepatitis B core antibody \[anti-HBc\] and absence of HBsAg) are eligible. Patients positive for hepatitis C (HCV) antibody are eligible only if polymerase chain reaction is negative for HCV RNA.

  m. Current or prior use of immunosuppressive medication within 14 days before the first dose of durvalumab. The following are exceptions to this criterion:
* Intranasal, inhaled, topical steroids, or local steroid injections (e.g., intra articular injection)
* Systemic corticosteroids at physiologic doses not to exceed 10 mg/day of prednisone or its equivalent
* Steroids as premedication for hypersensitivity reactions (e.g., CT scan premedication)
* Receipt of live attenuated vaccine within 30 days prior to the first dose of IP. Note: Patients, if enrolled, should not receive live vaccine whilst receiving IP and up to 30 days after the last dose of IP.

  n. Female patients who are pregnant or breastfeeding or male or female patients of reproductive potential who are not willing to employ effective birth control from screening to 90 days after the last dose of durvalumab monotherapy.

  o. Known allergy or hypersensitivity to any of the study drugs or any of the study drug excipients.

  p. Prior randomisation or treatment in a previous durvalumab clinical study regardless of treatment arm assignment.

  q. Judgement by the investigator that the patient is unsuitable to participate in the study and the patient is unlikely to comply with study procedures, restrictions and requirements.

  r. Patients with grade ≥2 neuropathy will be evaluated on a case-by-case basis after consultation with the Study physician.

  s. Patients with irreverible toxicity not reasonably expected to be exacerbated by treatment with durvalumab may be included only after consulation with the Study Physician.",Oslo University Hospital,ClinicalTrials.gov,2020,"[""INTERVENTIONAL""]","[""Cancer"", ""Non Small Cell Lung Cancer"", ""Non Small Cell Lung Cancer Stage III"", ""NSCLC"", ""NSCLC, Stage III""]","[{""type"": ""DRUG"", ""name"": ""Durvalumab Injection""}]",ACTIVE_NOT_RECRUITING,https://clinicaltrials.gov/study/NCT04392505
ClinicalTrials.gov,NCT05598528,,NCT05598528,,,,A Multicenter Clinical Study to Explore the Mechanism of Primary Resistance to Third-generation EGFR-TKIs as First-line Treatment in EGFR-positive Advanced NSCLC (PRECISE Study),"Lung cancer is currently the world's largest malignant tumor for cancer-related deaths with non-small cell lung cancer (NSCLC) accounting for 80%-85%. Epidermal growth factor receptor tyrosine kinase inhibitors (EGFR-TKIs), especially the 3rd-generation EGFR-TKIs have demonstrated strong antitumor effects in EGFR-positive patients.

However, approximately 20% of EGFR-positive were primarily resistant to 3rd generation EGFR-TKIs, i.e., clinical non-response or disease progression in the short term.

This study aimed to clarify the molecular indicators that predict the benefits of 3-rd EGFR-TKIs as first-line therapy in NSCLCpatients with EGFR-positive. Further, to clarify their primary drug resistance mechanisms, which is of great significance for the treatment and clinical decision-making of NSCLC disease. Inclusion Criteria:

1. Age \>18 years;
2. Histological or cytopathological diagnosed NSCLC;
3. According to the American Joint Committee on Cancer (AJCC) eighth edition of the Lung Cancer Staging Manual, the clinical stage is unresectable IIIB-IV or recurrence and metastasis after surgery;
4. At least one measurable lesion can be evaluated according to the Response Evaluation Criteria In Solid Tumours v1.1 (RECIST1.1) criteria;
5. Positive EGFR mutation confirmed by tissue or cytology (pleural fluid, cerebrospinal fluid, etc.);
6. Use of third-generation EGFR-TKIs approved by the NMPA for NSCLC as first-line therapy;
7. Cooperate with the provision of clinicopathological data, imaging data, sample collection, and follow-up required for the research process, and agree to use the test data for subsequent research and product development;
8. Agree to participate in this study and sign an informed consent form.

Exclusion Criteria:

1. Patients who cannot understand the content of the experiment and cannot cooperate, and those who refuse to sign the informed consent form;
2. Pregnant and lactating women;
3. Other malignant neoplastic diseases within 3 years;
4. Patients who have undergone other clinical drug trials;
5. Received systemic anti-tumor therapy within 2 years;",Second Xiangya Hospital of Central South University,ClinicalTrials.gov,2022,"[""OBSERVATIONAL""]","[""Lung Cancer, Non-small Cell"", ""EGFR Gene Mutation"", ""EGFR-TKI Resistant Mutation"", ""Primary Resistance"", ""Circulating Tumor DNA""]","[{""type"": ""OTHER"", ""name"": ""Genomic profiles detection""}, {""type"": ""OTHER"", ""name"": ""circulating tumor DNA detection""}]",RECRUITING,https://clinicaltrials.gov/study/NCT05598528
ClinicalTrials.gov,NCT03865511,,NCT03865511,,,,MELROSE: Phase 2 Study Evaluating MEchanisms of Resistance on Tumor Tissue and Liquid Biopsy in Patients With EGFR Mutated Nonpretreated Advanced Lung Cancer Receiving OSimErtinib Until and Beyond Radiological Progression : the MELROSE Trial,"Osimertinib is an epidermal growth factor receptor tyrosine kinase inhibitor (EGFR-TKI) that is selective for both EGFR-TKI sensitizing and T790M resistance mutations in patients with non-small-cell lung cancer.

The AURA 3 study (T790M-positive advanced non-small-cell lung cancer in progression after first-line EGFR-TKI therapy, shown that the median duration of progression-free survival was significantly longer with osimertinib than with platinum therapy plus pemetrexed (10.1 months vs. 4.4 months p\<0.001).

In addition, clinical data show that patients with mutated EGFR NSCLC receiving osimertinib in first line, presented an objective response rate of 77 % with a disease control rate of 98 % and a median PFS was 19.3 months.

Finally, The FLAURA study randomized phase 3 study clearly demonstrated the superiority of osimertinib compared with erlotinib or gefitinib in EGFR mutated nonpretreated NSCLC (median PFS of 18.9 months versus 10.2 months).

However, several issues remain unknown or debated :

* What are the mechanisms of resistance to osimertinib prescribed in first-line?
* What are the consequences of prolonged exposure to osimertinib on the expression of markers of response to immunotherapy?
* Is there an association between kinetic parameters of ctDNA (circulating tumor DNA) and prediction of response to osimertinib and/ or and prediction of therapeutic escape under osimertinib? In order to respond to all these questions, this phase II trial will be the first to systemically analyze the mechanisms of resistance to Osimertinib based on the analysis of biopsy, and collection of plasma from all patients during the course of treatment. Inclusion Criteria :

1. Male or female, aged at least 18 years.
2. Informed consent signed prior to any study speciﬁc procedures, sampling, and analyses.
3. Pathologically conﬁrmed adenocarcinoma of the lung (e.g., this may occur as systemic recurrence after prior surgery for early stage disease or patients may be newly diagnosed with Stage lIIB/ IV disease). Patients with mixed histology are eligible if adenocarcinoma is the predominant histology.
4. Locally advanced or metastatic NSCLC (Non-small-cell lung carcinoma), not amenable to curative surgery or radiotherapy.
5. The tumour harbours one of the 2 common EGFR mutations known to be associated with EGFR-TKI sensitivity (Ex19 deletions, L858R), either alone or in combination with other EGFR mutations.
6. Patients must be treatment-naive for advanced NSCLC and eligible to receive ﬁrst-line treatment with osimertinib
7. Subjects affiliated to an appropriate health insurance
8. World Health Organization Performance Status of 0 to 1 with no clinically signiﬁcant deterioration over the previous 2 weeks and a minimum life expectancy of 12 weeks.
9. At least one lesion, not previously irradiated and not chosen for biopsy during the study screening period, that can be accurately measured at baseline as 10 mm in the longest diameter (except lymph nodes which must have a short axis of 15 mm) with computerized tomography (CT) or magnetic resonance imaging (MRI), and which is suitable for accurate repeated measurements.
10. Female patients should be using adequate contraceptive measures, should not be breast feeding, and must have a negative pregnancy test prior to ﬁrst dose of study drug; or female patients must have an evidence of non-child-bearing potential by fulﬁlling one of the following criteria at screening:

    * Post-menopausal deﬁned as aged more than 50 years and amenorrheic for at least 12 months following cessation of all exogenous hormonal treatments.
    * Women under 50 years old would be consider postmenopausal if they have been amenorrheic for 12 months or more following cessation of exogenous hormonal treatments and with luteinizing hormone (LH) and follicle-stimulating hormone (FSH) levels in the post-menopausal range for the institution.
    * Documentation of irreversible surgical sterilisation by hysterectomy, bilateral oophorectomy, or bilateral salpingectomy but not tubal ligation.
11. Male patients should be willing to use barrier contraception, i.e., condoms

Exclusion Criteria :

1. Involvement in the planning and/or conduct of the study (applies to both Investigator staff and/or staff at the study site)
2. Previous enrolment in the present study
3. Treatment with any of the following:

   * Prior treatment with any systemic anti-cancer therapy for advanced NSCLC including standard chemotherapy, biologic therapy, immunotherapy, or any investigational drug.
   * Prior treatment with an EGFR-TKI. including osimertinib
   * Major surgery (excluding placement of vascular access) within 4 weeks of the ﬁrst dose of study drug.
   * Radiotherapy treatment to more than 30% of the bone marrow or with a wide ﬁeld of radiation within 4 weeks of the ﬁrst dose of study drug.
   * Treatment with an investigational drug within ﬁve half-lives of the compound or any of its related material, if known.
4. Any concurrent and/or other active malignancy that has required systemic treatment within 2 years of ﬁrst dose of study drug.
5. Any unresolved toxicities from prior systemic therapy (e. g., adjuvant chemotherapy) greater than CTCAE grade l at the time of starting study drug with the exception of alopecia, prior platinum-therapy related neuropathy grade 2.
6. Spinal cord compression, symptomatic and unstable brain metastases except for those patients who have completed definitive therapy, and have had a stable neurological status for at least 2 weeks after completion of definitive therapy. Patients may be on corticosteroids to control brain metastases if they have been on a stable dose for 2 weeks (14 days) prior to the start of study treatment and are clinically asymptomatic.
7. Any evidence of severe or uncontrolled systemic diseases, including uncontrolled hypertension and active bleeding diatheses, which in the Investigator's opinion makes it undesirable for the patient to participate in the trial or which would jeopardise compliance with the protocol; or active infection including hepatitis B, hepatitis C and human immunodeﬁciency virus (HIV). Screening for chronic conditions is not required.
8. Refractory nausea and vomiting, chronic gastrointestinal diseases, inability to swallow the formulated product, or previous signiﬁcant bowel resection that would preclude adequate absorption of osimertinib.
9. Any of the following cardiac criteria:

   * Mean resting corrected QT interval (QTc) \>470 msec, obtained from 3 ECGs, using the screening clinic ECG machine-derived QTc value.
   * Any clinically important abnormalities in rhythm, conduction, or morphology of resting ECG, e.g., complete left bundle branch block, third-degree heart block, second-degree heart block, PR interval \>250 msec.
   * Any factors that increase the risk of QTc prolongation or risk of arrhythmic events suchas heart failure, hypokalaemia, congenital long QT syndrome, family history of long QT syndrome, or unexplained sudden death under 40 years of age in ﬁrst-degree relatives or any concomitant medication known to prolong the QT interval.
   * Past medical history of ILD, drug-induced ILD, radiation pneumonitis which required steroid treatment, or any evidence of clinically active ILD.
10. Inadequate bone marrow reserve or organ function as demonstrated by any of the following laboratory values.

    * Absolute neutrophil count \<1.5 x 109/L.
    * Platelet count \<100 x 109/L.
    * Haemoglobin \<90 g/L.
    * Alanine aminotransferase (ALT) \>2.5x the upper limit of normal (ULN) if no demonstrable liver metastases or \>5 x ULN in the presence of liver metastases
    * Aspartate aminotransferase (AST) \>2.5 x ULN if no demonstrable liver metastases or \>5xULN in the presence of liver metastases.
    * Total bilirubin \>1.5 x ULN if no liver metastases or \>3 x ULN in the presence of documented Gilbert's Syndrome (unconjugated hyperbilirubinaemia) or liver metastases.
    * Creatinine \>1.5 x ULN concurrent with creatinine clearance \<50 mL/min (measured or calculated by Cockcroft and Gault equation); conﬁrmation of creatinine clearance is only required when creatinine is \>1.5 x ULN.
11. Women who are breast feeding
12. History of hypersensitivity to active or inactive excipients of osimertinib or drugs with a similar chemical structure or class to osimertinib
13. Judgment by the Investigator that the patient should not participate in the study if the patient is unlikely to comply with study procedures, restrictions, and requirements.
14. Adults under a legal protection regime (guardianship, trusteeship, judicial safeguard)",Nantes University Hospital,ClinicalTrials.gov,2019,"[""INTERVENTIONAL""]","[""Non-small Cell Lung Cancer""]","[{""type"": ""DRUG"", ""name"": ""TAGRISSO® 80mg (Osimertinib)""}, {""type"": ""GENETIC"", ""name"": ""Tumor biopsies""}, {""type"": ""GENETIC"", ""name"": ""ctDNA analysis""}]",UNKNOWN,https://clinicaltrials.gov/study/NCT03865511
ClinicalTrials.gov,NCT02423954,,NCT02423954,,,,A Phase Ib/II Study of Nivolumab Plus Chemotherapy in Patients With Advanced Cancer (NivoPlus),"Determine Phase 2 dose of study drug Determine the recommended phase 2 dose (RP2D) of chemotherapy in combination with nivolumab in subjects with advanced cancer. Inclusion criteria for Phase Ib and II:

1. Patient at least 18 years old and has definitive histologically or cytologically confirmed metastatic solid tumor.
2. Patient has one or more metastatic tumors measurable by CT scan (or PET/CT, if patient is allergic to CT contrast media). Tumor sites that are considered measureable must not have received prior radiation therapy. For metastatic tumors not measurable by CT and/or PET/CT, there needs to be tumor measuring at least 1cm in one dimension by digital calipers on physical exam.
3. Patients can be enrolled only on one of the treatment arms on this trial.
4. The investigator will select the appropriate treatment arm for the patient with the following requirements: (a) Patients cannot have had prior progression or intolerance on the single agent chemotherapy and then enrolled on an arm with that same single agent chemotherapy plus nivolumab (b) The chemotherapy on the arm selected must be considered standard of care or its components listed in the NCCN guidelines (www.nccn.org) for that cancer type.
5. Have recovered from acute toxicities of prior treatment:

   * \> 3 weeks must have elapsed since receiving any investigational agent.
   * \> 2 weeks must have elapsed since receiving any radiotherapy, or ≥ 3 weeks or 5 half-lives whichever is shorter for treatment with cytotoxic or biologic agents ( ≥ 6 weeks for mitomycin or nitrosoureas). Chronic treatment with non-investigational gonadotropin-releasing hormone analogs or other hormonal or supportive care is permitted.
6. Patient has adequate biological parameters as demonstrated by the following blood counts at time of screening:
7. Absolute neutrophil count (ANC) \> 1500 mm3, platelet count ≥ 100×109 L, hemoglobin ≥ 9 g/dL. Subject can be given packed red blood cell transfusion
8. Calculated creatinine clearance \> 40 ml/min by Cockroft-Gault equation:

   \[CreatClear = Sex \* ((140 - Age) / (SerumCreat)) \* (Weight / 72); where Sex = 1 for men and 0.85 for women\], total bilirubin 1.5 times the upper limit of normal (ULN) range, AST/ALT ≤ 3 times the upper limit of normal (ULN) range.
9. Thyroid stimulating hormone (TSH) within institutional normal limits. If TSH is above the upper limit of normal range, then a free T4 within institutional normal limits is acceptable. If thyroid replacement therapy is initiated then patient may be screened and enrolled once the above criterion is met.
10. Persistent prior systemic therapy non-hematologic AE grade ≤ 2 (except alopecia or correctable electrolyte abnormality with supplementation)
11. Patient has a Karnofsky performance status (KPS) ≥ 70.
12. Women of child-bearing potential (i.e., women who are pre-menopausal or not surgically sterile) must be willing to use an acceptable contraceptive method (abstinence, oral contraceptive or double barrier method) for the duration of the study and for 5 months following the last dose of nivolumab and 30 days following the last dose of chemotherapy on this trial on this trial, and must have a negative urine or serum pregnancy test within 2 weeks prior to beginning treatment on this trial. If a female subject or female partner of a male subject becomes pregnant during this period then patient will be recommended to seek appropriate obstetric care. The study will not be monitoring subjects or female partners of subjects for pregnancy after the last dose of study drug or chemotherapy.

Exclusion Criteria for Phase Ib and II:

1. Active clinically serious infection \> CTCAE (version 4.03) Grade 2.
2. Serious non-healing wound, ulcer, or bone fracture.
3. Patient has known brain metastases. Baseline imaging of the brain is required within 28 days prior to randomization.
4. Prior therapy with a mammalian target of rapamycin (mTOR) inhibitor for the RCC subjects, prior therapy with irinotecan or topotecan for NSCLC subjects, and prior therapy with irinotecan for CRC patients.
5. Inability to complete informed consent process and adhere to the protocol treatment plan and follow-up requirements.
6. Patient has known active infection with HIV, hepatitis B, or hepatitis C (patients are NOT required to be tested for the presence of such viruses prior to therapy on this protocol).
7. Requiring daily corticosteroid dose ≥ 10 mg prednisone or equivalent per day.
8. Patient has undergone major surgery, other than diagnostic surgery (e.g., surgery done to obtain a biopsy for diagnosis without removal of an organ), within 4 weeks prior to Day 1 of treatment in this study.
9. Patient has serious medical risk factors involving any of the major organ systems, or serious psychiatric disorders, which could compromise the patient's safety or the study data integrity.
10. Patient will be receiving any other anti-cancer therapy during participation in this trial.
11. Prior treatment with nivolumab is not allowed. Prior receipt of other PD-1 inhibitors or PD-L1 inhibitors is allowed.
12. Active or prior documented autoimmune disease requiring systemic treatment within the past 2 years.",Western Regional Medical Center,ClinicalTrials.gov,2015,"[""INTERVENTIONAL""]","[""Advanced Cancer"", ""Pancreatic Cancer"", ""Renal Cell Cancer"", ""Non Small Cell Lung Cancer"", ""Colorectal Carcinoma"", ""Endometrial"", ""Uterine""]","[{""type"": ""DRUG"", ""name"": ""Temsirolimus""}, {""type"": ""DRUG"", ""name"": ""Irinotecan""}, {""type"": ""DRUG"", ""name"": ""Irinotecan + capecitabine""}, {""type"": ""DRUG"", ""name"": ""nivolumab""}]",TERMINATED,https://clinicaltrials.gov/study/NCT02423954
ClinicalTrials.gov,NCT04853017,,NCT04853017,,,,First in Human Phase 1 Trial of ELI-002 Immunotherapy as Treatment for Subjects With Kirsten Rat Sarcoma (KRAS) Mutated Pancreatic Ductal Adenocarcinoma and Other Solid Tumors,"This is a Phase 1 study to assess the safety and efficacy of ELI-002 immunotherapy (a lipid-conjugated immune-stimulatory oligonucleotide \[Amph-CpG-7909\] plus a mixture of lipid-conjugated peptide-based antigens \[Amph-Peptides\]) as adjuvant treatment of minimal residual disease (MRD) in subjects with KRAS/neuroblastoma ras viral oncogene homolog (NRAS) mutated PDAC or other solid tumors. This is a Phase 1 dose escalation study in which ELI-002 2P (Amph modified KRAS peptides, Amph-G12D and Amph-G12R admixed with admixed Amph-CpG-7909) will be evaluated, with plans to transition to the ELI-002 7P drug product containing all 7 Amph-Peptides (G12D, G12R, G12V, G12A, G12C, G12S, G13D) in future clinical trials.

The study is an open-label, dose-escalation, 3+3 design in which approximately 18 subjects will be treated in 3 planned dose level cohorts. Increasing doses of Amph-CpG-7909 will be evaluated sequentially. Additional cohorts may be added to explore intermediate or higher dose levels based on cumulative safety review and preliminary review of pharmacodynamic responses. Safety and pharmacodynamic data will be evaluated and a recommended Phase 2 dose (RP2D) will be determined in consideration of a maximum tolerated dose (MTD) if observed. Inclusion Criteria:

* KRAS/NRAS mutated (G12D or G12R) solid tumor
* Positive for circulating tumor DNA (ctDNA) and/or elevated serum tumor biomarker despite prior standard therapy including surgery and chemotherapy/radiation therapy where applicable
* Screening CT is negative for recurrent disease
* Eastern Cooperative Oncology Group (ECOG) performance status of 0 or 1

Exclusion Criteria:

* Presence of tumor mutations where specific therapy is approved, and the patient is able to receive the approved therapy
* Known brain metastases
* Use of immunosuppressive drugs",Elicio Therapeutics,ClinicalTrials.gov,2021,"[""INTERVENTIONAL""]","[""Minimal Residual Disease"", ""KRAS G12D"", ""KRAS G12R"", ""NRAS G12D"", ""NRAS G12R"", ""Pancreatic Ductal Adenocarcinoma"", ""Colorectal Cancer"", ""Non-small Cell Lung Cancer"", ""Ovarian Cancer"", ""Cholangiocarcinoma"", ""Bile Duct Cancer"", ""Gallbladder Carcinoma""]","[{""type"": ""DRUG"", ""name"": ""ELI-002 2P""}]",COMPLETED,https://clinicaltrials.gov/study/NCT04853017
ClinicalTrials.gov,NCT04037150,,NCT04037150,,,,"Circulating DNA in Non-small Cell Lung Cancer Patients: Relation to Tumor Burden, Disease Prognosis and Risk for Cancer Recurrence, With Emphasis on Tumor Heterogeneity and Treatment Response","* The investigators will prospectively recruit 100 NSCLC patients. The cfDNA samples will be gathered before the surgery and postoperatively 4-6 weeks after surgery and at 6 and 12 months follow-up visits.
* This study aims to investigate the role of ctDNA in NSCLC patients treated with curative intent surgery.
* Preoperative ctDNA will be compared to primary tumor DNA to investigate the concordance of mutations and gained mutations from possible primary tumor cancer stem cell.
* Preoperative ctDNA findings will be tested for associations with baseline characteristics as well as clinically important factors such as TNM stage, histopathological findings, and tumor volume.
* The investigators aim to identify molecular residual disease (MRD) using multiple ctDNA samples after the surgery and search the associations with clinical recurrence and survival, with possible correlation to palliative chemotherapy response
* Using multiple ctDNA samples, the investigators will gather information about tumor heterogeneity, diversity of disease genotypes, and dynamic changes in ctDNA.
* If additional data from palliative immunotherapy (PD-L1 inhibitors) is available, the effect of this will be evaluated in the study. Plasma liquid biopsy is rapidly emerging non-invasive diagnostic tool that could be used as a surrogate for tumor biopsy or disease activity. Circulating cell-free DNA (cfDNA) is short fragment double stranded DNA that is present in blood. Ultrasensitive mutation specific techniques based on polymerase-chain-reaction (PCR) analysis are required to detect mutations and alterations in circulating tumor cells. Early studies based on a small number of patients indicate that ctDNA analyses could be used for molecular testing, cancer detection, surrogate for tumor burden or activity, and treatment monitoring in solid tumors.

In the current study the role of ctDNA from plasma in surgically treated early stage NSCLC patients will be investigated. The investigators aim to collect a prospective cohort of a hundred patients with preoperative and follow-up samples as well as diagnostic tissue specimen. The investigators hypothesize that longitudinal ctDNA-samples could be used as prognostic marker for recurrence and survival. Finding postsurgical positive ctDNA could aid us to identify patients who would benefit from adjuvant chemotherapy before clinical recurrence.

Study design and ethical considerations

This is a prospective, non-interventional, single arm study that will be conducted in collaboration with Helsinki Biobank. It is estimated that cohort of 100 patients will provide with ample sample size, as 30-40% will develop a recurrence during the 5 year follow up. A preliminary agreement with Helsinki Biobank about the sample collection and storage has been made. There will be no additional study appointments as all the control visits and study samples are scheduled according to normal clinical protocol. The patients will be recruited from 1.5.2019 to 31.12.2020. The recruited patients will provide both a written informed consent for this study and a Helsinki Biobank consent that covers plasma and surgical samples. Participants can withdraw the consent at any time of the study. The Biobank samples will be taken simultaneously with clinical samples, minimizing the additional harm to participants. A Helsinki University Hospital (HUS) institution review board permission (HUS 60/2019) and ethical statement has been granted (455/2019). The study will be conducted in accordance with the Declaration of Helsinki.

Patients

The patients are recruited prior to surgery from preoperative multidisciplinary team (MDT) meeting. The inclusion criteria into this study is histologically confirmed NSCLC eligible for surgical treatment and naïve for systemic oncological treatments with either formalin-fixed paraffin-embedded tissue or fresh frozen tissue sample available.

The clinical patient data will be collected from electronic medical records (EMR) at each point of time (e.g. preoperative, operative, follow-up). Each patient is evaluated in MDT meetings before and after the surgery, where the both the clinical and the pathological stage is determined. In addition, radiological consolidation/tumor ratio will be calculated from preoperative computerized tomography (CT) scans. This data will be transferred to a secure, certified electronic database (Granitics Unify Med) with access only by group researchers.

Blood and tissue sample collection

The blood and tissue samples will be taken simultaneously with clinical samples. The investigators aim to collect surgically removed tissue samples as well as preoperative and follow-up cfDNA samples from all patients. In addition to surgical samples, tissue samples will be collected from metastatic lesions including autopsy samples in deceased patients. If not already taken, the standard Biobank blood sample will be taken simultaneously to preoperative samples.

Plasma samples will be taken at the time of the patient's clinical blood samples. A preoperative sample will be taken 1-2 day before the surgery. The first post-operative follow-up sample will be taken at the surgical visit 4-6 weeks after the operation. The second and third follow-up samples will be taken at 6 and 12 months during clinical follow-up visit. At each time point, cfDNA samples will be collected into duplicate specialized collection tubes containing fixatives to stabilize DNA from fragmentation (2 x 10ml Streck cfDNA BCT). Blood sample will be centrifuged to extract plasma. Plasma and tissue samples will be stored at -80 celsius in Helsinki Biobank.

Study outcomes Preoperative ctDNA mutations will be matched to clinically important endpoints such as disease-free survival, tumor size, histology, TNM-stage, and overall survival. The clinical cancer recurrence will be obtained from radiological or tumor tissue samples. Disease free survival will be assessed from surgery to disease recurrence in MDT meetings or death. Overall survival is assessed from surgery to death as a result of any cause.

Genetic analysis

Quantitative and mutation specific ctDNA analysis will be made via tumor/somatic exome genome panel that includes 23.000 gene panel with 50 million bases. Germline DNA isolation will be done from buffy coat taken from patients' blood sample (B-Bio-0). Firstly, to achieve true somatic mutations the germline variation is deleted from the ctDNA. Secondly, ctDNA will be compared to tumor tissue DNA mutations to exclude false positive findings. Thirdly, similar or new mutations collected from follow-up samples will be used to detect postsurgical residual disease or cancer recurrence.

The sequencing will be done in collaboration with Institute for Molecular Medicine Finland (FIMM), with their proprietary gene paneling. Inclusion Criteria:

* The inclusion criteria into this study is histologically confirmed NSCLC eligible for surgical treatment and naïve for systemic oncological treatments with either formalin-fixed paraffin-embedded tissue or fresh frozen tissue sample available.

Exclusion Criteria:

* prior metastatic solid cancer, hematological malignancy, known hereditary cancer syndrome, and pregnancy",Helsinki University Central Hospital,ClinicalTrials.gov,2019,"[""OBSERVATIONAL""]","[""Non-small Cell Lung Cancer""]","[{""type"": ""DIAGNOSTIC_TEST"", ""name"": ""Circulating tumor DNA""}]",UNKNOWN,https://clinicaltrials.gov/study/NCT04037150
ClinicalTrials.gov,NCT06745882,,NCT06745882,,,,Prospective Trial to Assess Real-world Outcomes and Predictive Biomarkers of Response to Pembrolizumab With or Without Chemotherapy in Black Patients With NSCLC,"This is a non-registrational, cohort study enrolling eligible Black patients diagnosed with histologically or cytologically, advanced/metastatic NSCLC without known EGFR/ALK/ROS1 tumor mutations, and who are ≥ 18 years of age, ECOG performance status 0-2, and may have detectable ctDNA at baseline. Inclusion Criteria:

* Be willing and able to provide written informed consent/assent.
* Must be ≥ 18 years of age on day of signing informed consent.
* Be Black / African American per self-report.
* Have an ECOG performance status of 0- 2.
* Have histologically or cytologically confirmed, advanced/metastatic NSCLC.
* Be treatment naïve in the advanced/metastatic/recurrent disease setting.
* No known EGFR/ALK/ROS1 tumor mutations. Liquid biopsies are acceptable.
* Patients who received platinum-containing adjuvant chemotherapy, neoadjuvant chemotherapy or definitive chemoradiation and/or neoadjuvant and/or adjuvant immunotherapy and/or consolidation immunotherapy therapy given for locally advanced disease and developed recurrent (local or metastatic) disease ≥ 6 months of completing therapy are eligible.
* Be planned/eligible to receive first-line therapy in the advanced/metastatic setting.
* Have testing status for PDL1 tissue status.
* Participants who have AEs due to previous anticancer therapies must have recovered to ≤Grade 1 or baseline. Participants with any grade endocrine-related AEs who are adequately treated with hormone replacement or participants who have ≤Grade 2 neuropathy are eligible.
* Adequate organ function.
* Female subjects of childbearing potential should have a negative urine or serum pregnancy within 72 hours prior to receiving the first dose of study medication. If the urine test is positive or cannot be confirmed as negative, a serum pregnancy test will be required.
* Female subjects of childbearing potential should be willing to use 2 methods of birth control or be surgically sterile or abstain from heterosexual activity for the course of the study through 180 days after the last dose if treated with pembrolizumab plus chemotherapy, or 120 days after the last dose if treated with pembrolizumab monotherapy. Subjects of childbearing potential are those who have not been surgically sterilized or have not been free from menses for \> 1 year.
* Male subjects should agree to use an adequate method of barrier contraception starting with the first dose of study therapy through 180 days after the last dose if treated with pembrolizumab plus chemotherapy.

Cohorts 1, 2a and b: Exclusion Criteria:

* Does not plan or is ineligible to receive pembrolizumab with or without chemotherapy per institutional standard/treating provider.
* History of allogenic tissue/solid organ transplant.

Cohort 2a and b Only: Exclusion Criteria:

* Received prior treatment chemotherapy and/or immune checkpoint inhibitor therapy in the advanced/metastatic setting for lung cancer.
* Has a diagnosis of immunodeficiency or is receiving systemic steroid therapy at doses

  ≥ 10 mg prednisone or any other form of systemic immunosuppressive therapy at C1D1. Subjects are permitted to use topical, ocular, intra-articular, intranasal, and inhalational corticosteroids (with minimal systemic absorption). Physiologic replacement doses of systemic corticosteroids are permitted (i.e., ≤ 10 mg/day prednisone equivalents). A brief course (≤ 7 days) of corticosteroids for prophylaxis (e.g., contrast dye allergy) or for treatment of non-autoimmune conditions (e.g., delayed-type hypersensitivity reaction caused by contact allergen) is permitted.
* Has active autoimmune disease that has required active systemic treatment in the past 2 years \[i.e., with use of disease modifying agents, corticosteroids in doses greater than 10 mg of prednisone daily (or equivalent) or immunosuppressive drugs\]. Replacement therapy (e.g., thyroxine, insulin, or physiologic corticosteroid replacement therapy for adrenal or pituitary insufficiency, etc.) is not considered a form of systemic treatment.
* Subjects are permitted to enroll if they have vitiligo, type I diabetes mellitus, residual hypothyroidism due to autoimmune condition only requiring hormone replacement, psoriasis not requiring systemic treatment, or conditions not expected to recur in the absence of an external trigger.
* Has an active infection requiring systemic therapy.
* Has a history or current evidence of any condition, therapy, or laboratory abnormality that might confound the results of the trial, that would substantially increase the risk of incurring adverse events (AEs) from the study medications, that would interfere with the subject's participation for the full duration of the study or is not in the best interest of the subject to participate, in the opinion of the treating investigator.
* Has received a live vaccine within 30 days of planned start of study therapy.

Cohorts 1, 2a and b: Exclusion Criteria:

* Has received an investigational agent or has used an investigational device within 3 weeks prior to study intervention administration.
* History of (noninfectious) pneumonitis/interstitial lung disease that required steroids or has current pneumonitis/interstitial lung disease.
* Has known untreated central nervous system (CNS) metastases and/or carcinomatous meningitis. Participants with previously treated brain metastases may participate provided they have completed radiation therapy (where applicable), are clinically stable and have not required steroid treatment at ≥ 10 mg of prednisone for at least 3 days prior to the first dose of study intervention.
* Severe hypersensitivity (≥ Grade 3) to pembrolizumab and/or any of its excipients or has a known sensitivity as applicable to carboplatin, cisplatin, taxane or pemetrexed.",H. Lee Moffitt Cancer Center and Research Institute,ClinicalTrials.gov,2024,"[""INTERVENTIONAL""]","[""Non-small Cell Lung Cancer""]","[{""type"": ""DRUG"", ""name"": ""Cisplatin""}, {""type"": ""DRUG"", ""name"": ""Carboplatin""}, {""type"": ""DRUG"", ""name"": ""Pemetrexed""}, {""type"": ""DRUG"", ""name"": ""Pembrolizumab""}, {""type"": ""DRUG"", ""name"": ""Abraxane""}, {""type"": ""DRUG"", ""name"": ""Paclitaxel""}]",RECRUITING,https://clinicaltrials.gov/study/NCT06745882
ClinicalTrials.gov,NCT06529822,,NCT06529822,,,,Phase 1 Clinical Trial of a Personalized Cancer Vaccine (PCV) Strategy in Patients With Solid Tumors and Molecular Residual Disease,"This is a phase 1 clinical trial to evaluate the safety, feasibility and immunogenicity of a personalized cancer vaccine strategy in patients with solid tumors and molecular residual disease. The hypothesis of the trial is that synthetic long peptide personalized cancer vaccines will be safe and capable of generating measurable neoantigen-specific T-cell responses enabling ctDNA clearance. The personalized cancer vaccines are composed of synthetic long peptides corresponding to prioritized cancer neoantigens and will be co-administered with poly-ICLC. Inclusion Criteria Cohort #1:

* Age ≥ 18 years.
* ECOG performance status ≤ 2 (Karnofsky ≥ 60%).
* Histologically confirmed muscle-invasive bladder cancer (MIBC) or upper tract urothelial carcinoma (renal pelvis and/or ureter).
* Patients with carcinomas showing mixed histologies are required to have a dominant transitional cell pattern.
* Complete surgical resection of MIBC (R0) or upper tract urothelial carcinoma (renal pelvis and/or ureter). Tumor, nodes, metastases (TNM) classification (based on the American Joint Committee on Cancer (AJCC) Cancer Staging Manual 8th ed.) at pathological examination of surgical resection specimen as follows: pT2-4aN0M0 or pT0-4aN+M0.
* Patient must have fully recovered from surgical resection in the opinion of the treating MD.
* ctDNA positive result as identified by Signatera.
* Radiologic confirmation (by conventional imaging) of absence of residual disease and absence of metastasis.
* Adequate bone marrow and organ function as defined below:

  * WBC ≥ 1.5 K/cumm
  * Absolute neutrophil count ≥ 1.0 K/cumm
  * Platelets ≥ 50 K/cumm
  * Hemoglobin ≥ 8.0 g/dL
  * Total bilirubin ≤ 1.5 x IULN
  * AST(SGOT)/ALT(SGPT) ≤ 3.0 x IULN
  * Creatinine clearance \> 30 mL/min by Cockcroft-Gault
* The effects of synthetic long peptide personalized cancer vaccines and Hiltonol on the developing human fetus are unknown. For this reason, women of childbearing potential and men must agree to use adequate contraception prior to study entry, for the duration of study participation, and for 5 months after completion of study interventions. Should a woman become pregnant or suspect she is pregnant while participating in this study or should a man suspect he has fathered a child, s/he must inform her treating physician immediately.
* No concurrent investigational therapies outside of this protocol are allowed.
* Ability to understand and willingness to sign an IRB approved written informed consent document. Legally authorized representatives may sign and give informed consent on behalf of study participants.

Exclusion Criteria Cohort #1:

* Receiving any other investigational agents, or planning to receive other investigational agents as part of neoadjuvant therapy. Patients who have received perioperative neoadjuvant chemotherapy and immunotherapy are allowed.
* Known allergy, or history of serious adverse reaction to vaccines such as anaphylaxis, hives, or respiratory difficulty.
* A psychiatric illness or social situations that would limit compliance with study requirements as determined by the investigator from the medical history, physical exam, and/or medical record.
* Prior or currently active autoimmune disease requiring management with immunosuppression. This includes inflammatory bowel disease, ulcerative colitis, Crohn's disease, systemic vasculitis, scleroderma, psoriasis, multiple sclerosis, hemolytic anemia, immune-mediated thrombocytopenia, rheumatoid arthritis, systemic lupus erythematosus, Sjögren's syndrome, sarcoidosis, or other rheumatologic disease or any other medical condition or use of medication (e.g., corticosteroids) which might make it difficult for the patient to complete the full course of treatments or to generate an immune response to vaccines. In the case of asthma or chronic obstructive pulmonary disease taking inhaled corticosteroids that does not require daily systemic corticosteroids is acceptable. Additionally, local acting steroids (topical, inhaled, or intraarticular) will be allowed. Patients on intermittent or short course steroids will be allow if the dose does not exceed 4 mg of dexamethasone (or equivalent) per day for \> 7 consecutive days. Premedication for chemotherapy does not apply to this criterion and may be administered as per SOC practice. Any patients receiving steroids should be discussed with the PI to determine if eligible.
* Known HIV-positive status.
* History of positive test for Hepatitis B virus surface antigen (HBsAg) and/or positive Hepatitis C antibody result with detectable hepatitis C virus (HCV) ribonucleic acid (RNA) indicating acute or chronic infection
* Patients who have not recovered from adverse events due to prior anti-cancer therapy (i.e., have residual toxicities \> Grade 1) with the exception of alopecia. For treatment enrollment the patient must have completed all prior cancer treatments \> 28 days prior to vaccine administration with the exception of adjuvant SOC immunotherapy.
* Prior or concurrent malignancy whose natural history has the potential to interfere with the safety or efficacy assessment of the investigational regimen. Patients with prior or concurrent malignancy that does NOT meet that definition are eligible for this trial per discussion with the PI.
* Currently receiving any other investigational agents.
* Live vaccine administered within 30 days prior to enrollment.
* Immunodeficiency, systemic steroid therapy, or any other immunosuppressive therapy within 30 days of enrollment.
* Active autoimmune disease (excluding diabetes mellitus and/or vitiligo), solid organ or allogeneic bone marrow transplant, or other known contraindications to receiving immunotherapy.
* Severe hypersensitivity (grade ≥ 3) to checkpoint inhibitors and/or any of its excipients.
* Current pneumonitis, a history of (non-infectious) pneumonitis requiring steroids, or history of clinically significant interstitial lung disease.
* Active tuberculosis test within 3 months prior to treatment initiation.
* Pregnant and/or breastfeeding. Women of childbearing potential must have a negative serum/urine pregnancy test within 14 days of prior to the first dose of vaccine.

Inclusion Criteria Cohort #2:

* Age ≥ 18 years.
* ECOG performance status ≤ 2 (Karnofsky ≥ 60%)
* Histologically confirmed gastroesophageal adenocarcinoma
* Stage II or III gastroesophageal adenocarcinoma (GEC).
* Complete surgical resection of GEC (R0). Full recovery from surgery and enrollment within 52 weeks following surgery with curative intent. Tumor, nodes, metastases (TNM) classification (based on the American Joint Committee on Cancer (AJCC) Cancer Staging Manual 8th ed.) at pathological examination of surgical resection specimen as follows:

  * Esophageal and Esophagogastric junction adenocarcinoma T1 N1-3 M0 or T2-4 N0-2M0.
  * Gastric adenocarcinoma T1-2 N1-3 M0 or T3-4 N0-3 M0.
* Patient must have fully recovered from surgical resection in the opinion of the treating MD.
* ctDNA positive result as identified by Signatera.
* Radiologic confirmation (by conventional imaging) of absence of residual disease and absence of metastasis.
* Adequate bone marrow and organ function as defined below:

  * WBC ≥ 1.5 K/cumm
  * Absolute neutrophil count ≥ 1.0 K/cumm
  * Platelets ≥ 50 K/cumm
  * Hemoglobin ≥ 8.0 g/dL
  * Total bilirubin ≤ 1.5 x IULN
  * AST(SGOT)/ALT(SGPT) ≤ 3.0 x IULN
  * Creatinine clearance \> 30 mL/min by Cockcroft-Gault
* The effects of synthetic long peptide personalized cancer vaccines and Hiltonol and on the developing human fetus are unknown. For this reason, women of childbearing potential and men must agree to use adequate contraception prior to study entry, for the duration of study participation, and for 5 months after completion of study interventions. Should a woman become pregnant or suspect she is pregnant while participating in this study or should a man suspect he has fathered a child, s/he must inform her treating physician immediately.
* No concurrent investigational therapies outside of this protocol are allowed.
* Ability to understand and willingness to sign an IRB approved written informed consent document. Legally authorized representatives may sign and give informed consent on behalf of study participants.

Exclusion Criteria Cohort #2:

* Receiving any other investigational agents or planning to receive other investigational agents as part of neoadjuvant therapy. Patients who have received perioperative neoadjuvant chemotherapy and immunotherapy are allowed.
* Known allergy, or history of serious adverse reaction to vaccines such as anaphylaxis, hives, or respiratory difficulty.
* A psychiatric illness or social situations that would limit compliance with study requirements as determined by the investigator from the medical history, physical exam, and/or medical record.
* Prior or currently active autoimmune disease requiring management with immunosuppression. This includes inflammatory bowel disease, ulcerative colitis, Crohn's disease, systemic vasculitis, scleroderma, psoriasis, multiple sclerosis, hemolytic anemia, immune-mediated thrombocytopenia, rheumatoid arthritis, systemic lupus erythematosus, Sjögren's syndrome, sarcoidosis, or other rheumatologic disease or any other medical condition or use of medication (e.g., corticosteroids) which might make it difficult for the patient to complete the full course of treatments or to generate an immune response to vaccines. In the case of asthma or chronic obstructive pulmonary disease taking inhaled corticosteroids that does not require daily systemic corticosteroids is acceptable. Additionally, local acting steroids (topical, inhaled, or intraarticular) will be allowed. Patients on intermittent or short course steroids will be allow if the dose does not exceed 4 mg of dexamethasone (or equivalent) per day for \> 7 consecutive days. Premedication for chemotherapy does not apply to this criterion and may be administered as per SOC practice. Any patients receiving steroids should be discussed with the PI to determine if eligible.
* Known HIV-positive status.
* History of positive test for Hepatitis B virus surface antigen (HBsAg) and/or positive Hepatitis C antibody result with detectable hepatitis C virus (HCV) ribonucleic acid (RNA) indicating acute or chronic infection.
* Patients who have not recovered from adverse events due to prior anti-cancer therapy (i.e., have residual toxicities \> Grade 1) with the exception of alopecia. For treatment enrollment the patient must have completed all prior cancer treatments \> 28 days prior to vaccine administration with the exception of adjuvant SOC immunotherapy.
* Prior or concurrent malignancy whose natural history has the potential to interfere with the safety or efficacy assessment of the investigational regimen. Patients with prior or concurrent malignancy that does NOT meet that definition are eligible for this trial per discussion with the PI.
* Currently receiving any other investigational agents.
* Live vaccine administered within 30 days prior to enrollment.
* Immunodeficiency, systemic steroid therapy, or any other immunosuppressive therapy within 30 days of enrollment.
* Active autoimmune disease (excluding diabetes mellitus and/or vitiligo), solid organ or allogeneic bone marrow transplant, or other known contraindications to receiving immunotherapy.
* Severe hypersensitivity (grade ≥ 3) to checkpoint inhibitors and/or any of its excipients.
* Current pneumonitis, a history of (non-infectious) pneumonitis requiring steroids, or history of clinically significant interstitial lung disease.
* Active tuberculosis test within 3 months prior to treatment initiation.
* Pregnant and/or breastfeeding. Women of childbearing potential must have a negative serum/urine pregnancy test within 14 days prior to the first dose of the vaccine.

Inclusion Criteria Cohort #3:

* Age ≥ 18 years.
* ECOG performance status ≤ 1.
* Histologically or cytologically confirmed diagnosis of Melanoma. Stage IIB/C or IIIB-C (per AJCC 8th edition). Completed R0 resection within 36 months prior to enrollment and have fully recovered from surgery.
* Planning to receive or have received adjuvant immunotherapy for 1 year.
* Availability of a SignateraTM ctDNA report within 28 days prior to enrollment demonstrating ctDNA-positivity (MRD+). Note: Patients may be pre-screened prior to obtaining ctDNA results to facilitate assay design.
* Ability to understand and willingness to sign an IRB approved written informed consent document. Legally authorized representatives may sign and give informed consent on behalf of study participants.
* Radiologic confirmation (by conventional imaging) of absence of residual disease and absence of metastasis.
* Adequate bone marrow and organ function as defined below:

  * WBC ≥ 1.5 K/cumm
  * Absolute neutrophil count ≥ 1.0 K/cumm
  * Platelets ≥ 50 K/cumm
  * Hemoglobin ≥ 8.0 g/dL
  * Total bilirubin ≤ 1.5 x IULN
  * AST(SGOT)/ALT(SGPT) ≤ 3.0 x IULN
  * Creatinine clearance \> 30 mL/min by Cockcroft-Gault
* Ability to understand and willingness to sign an IRB approved written informed consent document. Legally authorized representatives may sign and give informed consent on behalf of study participants.

Exclusion Criteria Cohort #3:

* Receiving any other investigational agents or planning to receive other investigational agents in the neoadjuvant or adjuvant setting.
* Known allergy, or history of serious adverse reaction to vaccines such as anaphylaxis, hives, or respiratory difficulty.
* A psychiatric illness or social situation that would limit compliance with study requirements as determined by the investigator from the medical history, physical exam, and/or medical record.
* Prior or currently active autoimmune disease requiring management with immunosuppression. This includes inflammatory bowel disease, ulcerative colitis, Crohn's disease, systemic vasculitis, scleroderma, psoriasis, multiple sclerosis, hemolytic anemia, immune-mediated thrombocytopenia, rheumatoid arthritis, systemic lupus erythematosus, Sjögren's syndrome, sarcoidosis, or other rheumatologic disease or any other medical condition or use of medication (e.g., corticosteroids) which might make it difficult for the patient to complete the full course of treatments or to generate an immune response to vaccines. In the case of asthma or chronic obstructive pulmonary disease, taking inhaled corticosteroids that do not require daily systemic corticosteroids is acceptable. Additionally, local acting steroids (topical, inhaled, or intraarticular) will be allowed. Patients on intermittent or short course steroids will be allowed if the dose does not exceed 4 mg of dexamethasone (or equivalent) per day for \> 7 consecutive days. Systemic steroids must be discontinued at least 7 days prior to the first dose of SLP-01. Premedication for chemotherapy does not apply to this criterion and may be administered as per SOC practice. Any patients receiving steroids should be discussed with the PI to determine if they are eligible for this investigational treatment.
* History of allogeneic stem cell transplant of solid organ transplant.
* History of grade ≥3 immune-related adverse events with prior checkpoint inhibitors that, in the investigator's opinion, preclude further IO or vaccine therapy.
* Untreated or unstable CNS metastases.
* Known HIV-positive status.
* History of positive test for Hepatitis B virus surface antigen (HBsAg) and/or positive Hepatitis C antibody result with detectable hepatitis C virus (HCV) ribonucleic acid (RNA) indicating acute or chronic infection.
* Pregnant and/or breastfeeding. Women of childbearing potential must have a negative serum/urine pregnancy test within 14 days prior to first dose of vaccine.

Inclusion Criteria Cohort #4:

* Age ≥ 18 years.
* ECOG performance status ≤ 1.
* Histological diagnosis of non-small cell lung carcinoma, stages II, IIIA or IIIB with complete R0 resection. Completed R0 resection within 9 months of surgery.
* Planned to receive or have received adjuvant immunotherapy for 1 year.
* Availability of a SignateraTM ctDNA report within 28 days prior to enrollment demonstrating ctDNA-positivity (MRD+). Note: Patients may be pre-screened prior to obtaining ctDNA results to facilitate assay design.
* Ability to understand and willingness to sign an IRB approved written informed consent document. Legally authorized representatives may sign and give informed consent on behalf of study participants.
* Radiologic confirmation (by conventional imaging) of absence of residual disease and absence of metastasis.
* Adequate bone marrow and organ function as defined below:

  * WBC ≥ 1.5 K/cumm
  * Absolute neutrophil count ≥ 1.0 K/cumm
  * Platelets ≥ 50 K/cumm
  * Hemoglobin ≥ 8.0 g/dL
  * Total bilirubin ≤ 1.5 x IULN
  * AST(SGOT)/ALT(SGPT) ≤ 3.0 x IULN
  * Creatinine clearance \> 30 mL/min by Cockcroft-Gault
* Ability to understand and willingness to sign an IRB approved written informed consent document. Legally authorized representatives may sign and give informed consent on behalf of study participants.

Exclusion Criteria Cohort #4:

* Receiving any other investigational agents or planning to receive other investigational agents in the neoadjuvant or adjuvant setting.
* Known allergy, or history of serious adverse reaction to vaccines such as anaphylaxis, hives, or respiratory difficulty.
* A psychiatric illness or social situation that would limit compliance with study requirements as determined by the investigator from the medical history, physical exam, and/or medical record.
* Prior or currently active autoimmune disease requiring management with immunosuppression. This includes inflammatory bowel disease, ulcerative colitis, Crohn's disease, systemic vasculitis, scleroderma, psoriasis, multiple sclerosis, hemolytic anemia, immune-mediated thrombocytopenia, rheumatoid arthritis, systemic lupus erythematosus, Sjögren's syndrome, sarcoidosis, or other rheumatologic disease or any other medical condition or use of medication (e.g., corticosteroids) which might make it difficult for the patient to complete the full course of treatments or to generate an immune response to vaccines. In the case of asthma or chronic obstructive pulmonary disease, taking inhaled corticosteroids that do not require daily systemic corticosteroids is acceptable. Additionally, local acting steroids (topical, inhaled, or intraarticular) will be allowed. Patients on intermittent or short course steroids will be allowed if the dose does not exceed 4 mg of dexamethasone (or equivalent) per day for \> 7 consecutive days. Systemic steroids must be discontinued at least 7 days prior to the first dose of SLP-01. Premedication for chemotherapy does not apply to this criterion and may be administered as per SOC practice. Any patients receiving steroids should be discussed with the PI to determine if they are eligible for this investigational treatment.
* Known EGFR activating mutations (exon 19 deletion or L858R) or ALK, RET, or ROS1 gene rearrangements in subjects for whom adjuvant targeted therapy is planned.
* History of allogeneic stem cell transplant or solid organ transplant.
* History of grade ≥3 immune-related adverse events with prior checkpoint inhibitors that, in the investigator's opinion, preclude further IO or vaccine therapy.
* Known HIV-positive status.
* History of positive test for Hepatitis B virus surface antigen (HBsAg) and/or positive Hepatitis C antibody result with detectable hepatitis C virus (HCV) ribonucleic acid (RNA) indicating acute or chronic infection.
* Pregnant and/or breastfeeding. Women of childbearing potential must have a negative serum/urine pregnancy test within 14 days prior to the first dose of vaccine.",Washington University School of Medicine,ClinicalTrials.gov,2024,"[""INTERVENTIONAL""]","[""Muscle-Invasive Bladder Carcinoma"", ""Gastroesophageal Adenocarcinoma"", ""Melanoma"", ""Non-small Cell Lung Cancer""]","[{""type"": ""BIOLOGICAL"", ""name"": ""Synthetic long peptide personalized cancer vaccine""}, {""type"": ""DRUG"", ""name"": ""Poly ICLC""}, {""type"": ""DEVICE"", ""name"": ""Signatera assay""}]",RECRUITING,https://clinicaltrials.gov/study/NCT06529822
ClinicalTrials.gov,NCT05236114,,NCT05236114,,,,TEMPUS GEMINI NSCLC STUDY: A Longitudinal Multi-Omic Biomarker Profiling Study of Patients With Non-Small Cell Lung Cancer (NSCLC),"GEMINI NSCLC Study is a non-interventional study that will be collecting clinical and molecular health information from patients with NSCLC who will receive longitudinal blood collection in addition to their standard of care therapy and disease surveillance with the goals of identifying the molecular evolution of lung cancer with standard of care therapy, and determining the utility of ctDNA dynamics to predict risk of recurrence and therapeutic outcomes. For Cohort 1 Inclusion, the participant has/is:

* A known or suspected NSCLC treated with curative intent -(surgery with or without perioperative (neoadjuvant or adjuvant) therapy).

  * Suspected NSCLC - Patients with a high index of suspicion for the diagnosis of NSCLC that is resectable may sign informed consent prior to undergoing diagnostic procedure at the discretion of the physician. NCCN Guidelines allow for clinical stage IA cancers to proceed directly to definitive surgery. Per NCCN Guidelines, if a preoperative tissue diagnosis has not been obtained, then an intraoperative diagnosis will be obtained. If a diagnosis of NSCLC is not confirmed and/or the tumor is not resectable, then the patient will be a screen failure.
* Undergone or planning to undergo a surgical resection - (Patients with stages I-IIIB who are resectable - per NCCN guidelines of resectability)
* Both patients who lack molecular abnormalities and those with identified molecular abnormalities may enroll. Choice of perioperative therapy is to follow SOC therapeutic guidelines for the participant's molecular and PD-L1 profile.
* 18 years old or older
* Willing and able to provide informed consent
* Willing to have additional blood samples collected during routine surveillance visits
* Must submit tumor sample representative of current disease

For Cohort 1 Exclusion, the participant has/is:

* Patients with superior sulcus tumors who are candidates for preoperative concurrent chemoradiation.
* Stage III locally advanced and unresectable patients who are candidates for chemoradiation followed by immunotherapy.
* It is expected that all patients on the cohort will be treated with a definitive surgical resection. Thus, clinical stage IIIB and IIIC patients who subsequently demonstrate pathologically confirmed N3 nodal disease or T4 N2 or 3 per any confirmatory procedure listed in NCCN guidelines for which definitive chemoradiotherapy rather than surgery is recommended per NCCN Guidelines are not eligible.
* Patients who receive primary radiation (in lieu of surgery if they are not surgical candidates).

For Cohort 2 Inclusion, the participant has/is:

* Histologically documented Stage IV NSCLC (de novo metastatic or relapse setting) not amenable to curative surgery or radiation therapy. Palliative radiation (for instance for impending bony fracture or to control pain) is allowed at any time during the protocol at the physician's discretion.
* Intended to receive first line immunotherapy (as monotherapy or in combination with chemotherapy). Patients who have had previous exposure to immunotherapy in the neoadjuvant or adjuvant setting are allowed to enroll as long as 12 months have elapsed since the prior exposure.

  * Patients in surveillance on Cohort 1 are eligible to roll over to Cohort 2 at the time of recurrence as long as they have had histologic confirmation of recurrence and have been off immunotherapy for 12 months or greater and meet all other inclusion/exclusion criteria.
* Tumors that lack activating EGFR mutations (e.g., exon 19 deletion or exon 21 L858R, exon 21 L861Q, exon 18 G719X, or exon 20 S768I mutation) and ALK fusions. Also, per NCCN Guideline recommended testing, tumors must also lack ROS1, BRAF, NTRK 1/2/3, METex14 skipping mutations, and RET for which there is available front-line targeted therapy. Only those patients with KRAS G12C mutations and ERBB2 (HER2) mutations with no contraindications to immunotherapy (PD-L1 1) for which there are no approved front-line targeted therapies and for whom immunotherapy would be the preferred front-line therapy are eligible.
* Patients may be enrolled with local molecular testing and those results will be provided.

  * Patients may be enrolled with local molecular testing and those results will be provided.
* 18 years and older
* Willing and able to provide informed consent
* Willing to have additional blood samples collected during routine surveillance visits
* Must submit tumor sample representative of current disease

Exclusion Criteria (both Cohorts):

* Patients without a known or suspected NSCLC diagnosis, or other disease processes such as sarcoidosis, lymphoma, or metastatic cancer from other sites.
* Not willing to have additional blood samples collected
* Patients with a secondary malignancy must have been both diagnosed \> 2 years from the lung cancer of interest and have completed all therapy for that malignancy (including extended adjuvant therapy) \> 2 years prior to diagnosis of the lung cancer of interest with the exception of the following:
* Patients with superficial basal cell carcinoma of low-risk histology per NCCN Guidelines (Low-risk histologic subtypes include nodular, superficial, and other non-aggressive growth patterns such as keratotic, infundibulocystic, and fibroepithelioma of Pinkus) and low-risk for recurrence per NCCN Guidelines (location on trunk or extremities, size \< 2 cm, primary (not recurrent), with well-defined borders) can be included even if they are diagnosed \< 2 years from the lung cancer of interest.
* Patients with superficial squamous cell carcinoma of low-risk pathology per NCCN Guidelines (verrucous, keratoacanthomatous) and low-risk for recurrence per NCCN Guidelines (located on trunk or extremities; 2 cm in size; primary lesion (vs. recurrent); well to moderately differentiated; \< 2 mm thick and no invasion beyond subcutaneous fat; negative for perineural invasion; and negative for lymphatic or vascular involvement) can be included even if they are diagnosed \< 2 years from the lung cancer of interest.",Tempus AI,ClinicalTrials.gov,2022,"[""OBSERVATIONAL""]","[""Non-Small Cell Lung Cancer""]","[{""type"": ""OTHER"", ""name"": ""Observation""}]",RECRUITING,https://clinicaltrials.gov/study/NCT05236114
ClinicalTrials.gov,NCT04966663,,NCT04966663,,,,From Liquid Biopsy to Cure: Using ctDNA Detection of Minimal Residual Disease to Identify Patients for Curative Therapy After Lung Cancer Resection,"This is a study to look at whether the presence of circulating tumour DNA (ctDNA) in the blood can help to predict whether giving adjuvant treatment after surgery can decrease the chance of the cancer coming back in people with lung cancer. For people who have early stage non-small cell lung cancer (NSCLC), the usual treatment is surgery. For many people, surgery is enough to get rid of all the cancer. However, for some people, there may be a little bit of cancer remaining. If there is some cancer left over, it may lead to the cancer regrowing. This is called relapse.

Many cancers shed little bits of their DNA (deoxyribonucleic acid, molecules that contain instructions for how cells develop and function) into the bloodstream. A blood test can be used to test for the amount of circulating tumour DNA (ctDNA). Some studies have shown that the presence of ctDNA in the blood may predict cancer recurrence.

The purpose of this research study is to see if adjuvant treatment (additional treatment given after primary treatment) can help decrease the risk of the cancer recurring in people with lung cancer who have ctDNA detected in their blood after surgery. Inclusion Criteria:

1. Age ≥ 18 years at the time of screening
2. Written informed consent obtained from the subject prior to performing any protocol-related procedures
3. Eastern Cooperative Oncology Group (ECOG) performance status of 0 or 1
4. Weight ≥ 35 kg
5. Must have a life expectancy of at least 24 months
6. Complete surgical resection of T1-2N0M0 NSCLC or T3/T4 multifocal NSCLC
7. Any pathologic subtype of NSCLC is eligible, including adenocarcinoma and squamous carcinoma. Patients with targetable genomic alterations without approved or available targeted adjuvant therapy options are eligible
8. Patients with detectable plasma ctDNA before or after complete surgical resection are eligible (RaDaR TM assay, Inivata Morrisville, North Carolina, USA).
9. No prior chemotherapy or radiotherapy is allowed for the current diagnosis of resected NSCLC.
10. Adequate organ and marrow function as defined in Table 4 (3.1.1)
11. Females of childbearing potential who are sexually active with a non-sterilized male partner must use at least one highly effective method of contraception from screening to 180 days after the final dose of study treatment. A serum pregnancy test within 72 hours prior to the initiation of therapy will be required for women of childbearing potential. It is strongly recommended for the male partner of a female subject to also use male condom plus spermicide throughout this period
12. Non-sterilized male subjects who are sexually active with a female partner of childbearing potential must use a male condom with spermicide from screening to 180 days after receipt of the final dose of study treatment. It is strongly recommended for the female partner of a male subject to also use a highly effective method of contraception throughout this period. In addition, male subjects must refrain from sperm donation while on study and for 180 days after the final dose of study treatment.

4.1.2 Exclusion Criteria

1. Participants that should receive adjuvant chemotherapy per standard of care (resected N1 or N2 disease, primary tumour \>=4 cm).
2. Receipt of any conventional or investigational anticancer therapy within 21 days or radiotherapy within 14 days prior to the scheduled first dose of study treatment;
3. Prior receipt of any immune-mediated anti-cancer therapy including, but not limited to, anti-CTLA-4, anti-PD-1, anti-PD-L1 antibodies including nivolumab and agents targeting CD73, CD39, or adenosine receptors;
4. Incomplete surgical resection;
5. Concurrent enrolment in another therapeutic clinical study of systemic anti-cancer treatment. Enrolment in observational or supportive studies will be allowed;
6. Subjects with a recent history of myocardial infarction, congestive heart failure ≥ Class 3 based on New York Heart Association Functional Classification or stroke within the past 3 months prior to the scheduled first dose of study treatment;
7. Active autoimmune disorders within the past 3 years prior to the scheduled first dose of study treatment. The following are exceptions to this criterion:

   1. Subjects with vitiligo or alopecia.
   2. Subjects with hypothyroidism (e.g., following Hashimoto syndrome) not requiring systemic treatment or stable on hormone replacement.
   3. Subjects with psoriasis not requiring systemic treatment.
   4. Any chronic skin condition that does not require systemic therapy.
   5. Subjects with celiac disease controlled by diet alone;
8. Have known uncontrolled human immunodeficiency virus (HIV)-1/2 infection.

   • Participants with HIV (known HIV 1/2 antibodies positive) are allowed if all of the following conditions are met: CD4+ T-cell counts ≥350 cells/uL; no opportunistic infection within the past 12 months; on established anti-retroviral therapy for at least 4 weeks; and an HIV viral load less than 400 copies/mL.
9. History of primary immunodeficiency, solid organ transplantation, or active tuberculosis (by clinical evaluation that includes clinical history, physical examination and radiographic findings, and TB testing in line with local practice). In settings where there is clinical or radiographic evidence of tuberculosis, active disease must be excluded prior to enrolment. Subjects who have had adequately treated tuberculosis may be enrolled upon discussion with the coordinating Principal Investigator.
10. Other invasive malignancy within 2 years. Non-invasive malignancies (i.e., cervical carcinoma in situ, in situ prostate cancer, non-melanomatous carcinoma of the skin, ductal carcinoma in situ of the breast that has been surgically cured) are permitted.
11. Known allergy or hypersensitivity to investigational product formulations.
12. History of more than one event of infusion related reactions (IRR) requiring permanent discontinuation of IV drug treatment.
13. Uncontrolled intercurrent illness including, but not limited to ongoing or active infection requiring antibiotic therapy, uncontrolled hypertension, bleeding diatheses, or psychiatric illness/social situations that would limit compliance with study requirements, substantially increase risk of incurring AEs, or compromise the ability of the subject to give written informed consent.
14. Current or prior use of immunosuppressive medication within 14 days prior to the scheduled first dose of study treatment. The following are exceptions to this criterion:

    1. Intranasal, topical, inhaled corticosteroids or local steroid injections (e.g., intra articular injection).
    2. Systemic corticosteroids at physiologic doses not to exceed 10 mg/day of prednisone or equivalent.
    3. Steroids as premedication for hypersensitivity reactions (e.g., computed tomography \[CT\] scan premedication).
15. Receipt of live, attenuated vaccine within 30 days prior to the scheduled first dose of study treatment (Note: Subjects, if enrolled, should not receive live vaccine during the study and 180 days after the last dose of study treatment). Vaccination with an inactivated vaccine is permitted at any time.
16. Major surgery (as defined by the investigator) within 28 days prior to the scheduled first dose of study treatment or still recovering from prior surgery. Local procedures (e.g., placement of a systemic port, core needle biopsy, etc) are allowed without needing to wait for the 28-day recovery period.
17. Females who are pregnant, lactating, or intend to become pregnant during their participation in the study.
18. Subjects who are involuntarily incarcerated or are unable to willingly provide consent or are unable to comply with the protocol procedures.

    Any condition that, in the opinion of the investigator, would interfere with safe administration or evaluation of the investigational products or interpretation of subject safety or study results
19. Any condition that, in the opinion of the investigator, would interfere with safe administration or evaluation of the investigational products or interpretation of subject safety or study results.
20. History of allergic reactions attributed to compounds of similar chemical or biologic composition to Nivolumab or other agents used in the study.","University Health Network, Toronto",ClinicalTrials.gov,2021,"[""INTERVENTIONAL""]","[""Non Small Cell Lung Cancer"", ""Complete Surgical Resection"", ""Circulating Tumor DNA""]","[{""type"": ""DRUG"", ""name"": ""Nivolumab""}, {""type"": ""DRUG"", ""name"": ""Pemetrexed""}, {""type"": ""DRUG"", ""name"": ""Gemcitabine""}, {""type"": ""DRUG"", ""name"": ""Cisplatin""}, {""type"": ""DRUG"", ""name"": ""Carboplatin""}, {""type"": ""PROCEDURE"", ""name"": ""ctDNA blood test""}]",RECRUITING,https://clinicaltrials.gov/study/NCT04966663
ClinicalTrials.gov,NCT05338619,,NCT05338619,,,,"A Phase II, Multicenter Study of Lazertinib as Consolidation Therapy in Patients With Locally Advanced, Unresectable, EGFR Mutation Positive Non-Small Cell Lung Cancer (Stage III) Who Have Not Progressed Following Definitive, Platinum-based, Chemoradiation Therapy (PLATINUM Trial)","The ""PACIFIC"" trial confirmed that the consolidation therapy with durvalumab in patients with stage III, locally advanced, unresectable NSCLC that had not progressed after definitive platinum-based chemoradiation therapy improved the progression-free survival (PFS) by about 17 months. However, in PACIFIC, no significant differences between durvalumab and placebo were observed in PFS. Unmet need remains in development of successful consolidation therapy following chemoradiation therapy in patients with EGFR-mutant stage III unresectable NSCLC.

A recent ""ADAURA"" study showed that Osimertinib as an adjuvant therapy after surgery significantly prolonged disease-free survival in EGFR mutation-positive patients. Lazertinib, like Osimertinib, is a third-generation EGFR TKI agent and has shown excellent anticancer effects in preclinical studies and in early clinical settings. Based on these results of the 3rd generation EGFR TKI, Lazertinib, it is expected that there is a clinical benefit Lazertinib as consolidation therapy.

This study aims to investigate the clinical benefits of Lazertinib (Trade name: LECLAZA Tab) consolidation therapy for patients with EGFR mutation-positive, unresectable stage III NSCLC after definitive platinum-based chemoradiation therapy. This study is designed as a prospective, open-label, single-arm, multicenter, phase II, investigator-initiated trial. A total of 77 patients will participate in the study who have undergone definitive platinum-based concurrent chemoradiation therapy and have no disease progression. Patients are to be enrolled within 1 to 42 days after concurrent chemoradiation therapy and to be administrated with lazertinib 240mg oral once daily until disease progression, or unacceptable toxicity. Patients will visit every 8 weeks and perform CT/MRI tumor evaluation by investigator, and will be followed up for survival every 3 months by phone thereafter. Patients will be followed up till maximum of appropriately 4 years of which 3 years since the last patient enrollment must be. Inclusion Criteria:

1. 18 years and older
2. Histologically and cytologically confirmed diagnosis of non-small cell lung cancer (NSCLC) non-squamous cell carcinoma who present with locally advanced, unresectable, Stage III disease
3. ECOG PS 0,1
4. Expected life expectancy of 6 months and more
5. Patients who have received at least 2 cycles of definitive platinum-based concurrent chemoradiation therapy (CCRT) and who must be within 1 to 42 days after completion of radiation therapy
6. Patients must not have had disease progression during or following CCRT
7. Patients with adequate organ and bone marrow function
8. Patients who give in written consent voluntarily to participate in this study

Exclusion Criteria:

1. History of interstitial lung disease, drug-induced interstitial lung disease, or radiation interstitial pneumonia
2. History of other primary malignancy
3. Mixed small cell and NSCLC histology
4. Prior treatment with EGFR-TKI Therapy
5. Unresolved toxicity of CTCAE grade 2 or higher following chemoradiation
6. Current history of CTCAE grade 2 or higher pneumonia prior to chemoradiation therapy
7. Patients with severe hypersensitivity to active ingredient or excipient of the investigational medicinal product
8. Pregnant or breastfeeding patients
9. Patients who do not agree to contraception with medically acceptable method for at least 6 months after the end of study intervention treatment
10. Patients who participated in clinical trials within 4 weeks before participating in this study
11. Judgment by the investigator that the patient is unsuitable to participate in this study",Korea University Guro Hospital,ClinicalTrials.gov,2022,"[""INTERVENTIONAL""]","[""Non-small Cell Lung Cancer Stage III"", ""EGFR Positive Non-small Cell Lung Cancer"", ""Non-squamous Non-small-cell Lung Cancer""]","[{""type"": ""DRUG"", ""name"": ""Lazertinib""}]",UNKNOWN,https://clinicaltrials.gov/study/NCT05338619
ClinicalTrials.gov,NCT04585477,,NCT04585477,,,,Adjuvant ctDNA-Adapted Personalized Treatment in Early Stage NSCLC (ADAPT-E),"In this study circulating tumor DNA (ctDNA) blood testing is used to detect the residual blood cancer. If residual cancer using this blood test is detected there may be at higher risk of having the cancer return. The study is going to test whether or not the number of circulating cancer cells detected in the blood can be reduced by administration durvalumab after the standard treatment if you are tested positive for the residual cancer. Primary Objective:

The primary objective of this study is to measure the change in ctDNA from trial enrollment to after 2 cycles of adjuvant durvalumab in subjects with stage I to III NSCLC who had positive ctDNA following definitive treatment with surgery or radiation and completion of adjuvant standard of care chemotherapy. Secondary Objectives

1. To compare disease free survival (DFS)
2. To compare overall survival (OS)
3. To evaluate the frequency and severity of toxicity
4. To evaluate the severity of toxicity Inclusion Criteria

1. Pathologically (histologically or cytologically proven) NSCLC. Tumors with any component of small cell lung cancer are not allowed.

   Adenocarcinoma patients must NOT be positive for EGFR Exon 19 deletion or L858R mutation, or ALK or ROS1 rearrangement.
2. AJCC 8th edition clinical or pathological stage IA2 to IIIC or locoregionally recurrent disease. Stage IA1 tumors are excluded unless recurrent with radiographic solid component -or- pathologic invasive component of \> 10 mm.
3. Received curative intent therapy with surgery and/or radiation. Note: May have received chemotherapy.
4. Completed all intended therapy (surgery, radiation, and/or chemotherapy) - AND- no more than 32 weeks has elapsed after the last day of this therapy.
5. No known current radiographic or pathologic residual/recurrent disease (in the investigator's opinion) after completion of all intended therapy (for example, positive margins after surgery without adjuvant radiotherapy, or unequivocal radiographic evidence of residual or recurrent disease)
6. Pre-treatment tumor tissue or tumor DNA sample is believed to be available for analysis
7. Not received immunotherapy (PD-1, PD-L1, or CTLA-4 antibodies) or be intended to receive immunotherapy, apart from this study.
8. Not received another systemic anti-cancer investigational product during the 4 weeks prior to enrollment.
9. Aged 18 years or older
10. ECOG Performance Status of 0 or 1 (Appendix B)
11. Life expectancy ≥ 12 weeks
12. Acceptable laboratory parameters:
13. Absolute neutrophil count \> 1.0 x 109/L
14. Platelets \> 75 x 109/L
15. Hemoglobin ≥ 9.0 g/dL
16. Creatinine ≤ 1.5 x ULN; or Measured creatinine clearance (CL) \>40 mL/min; or Calculated creatinine CL\>40 mL/min by the Cockcroft-Gault formula (Cockcroft and Gault 1976)
17. Serum bilirubin ≤ 1.5 x upper limit of normal (ULN). This will not apply to subjects with confirmed Gilbert's syndrome (persistent or recurrent hyperbilirubinemia that is predominantly unconjugated in the absence of evidence of hemolysis or hepatic pathology) who will be allowed in consultation with their physician.
18. AST (SGOT)/ALT (SGPT) ≤ 2.5 x institutional upper limit of normal (ULN)
19. Ability to understand and the willingness to sign the written IRB approved informed consent document.
20. Women of childbearing potential or their male partner must agree to use a highly effective method of contraception from enrollment until 8 months after final study therapy. (see section 4.6.1)
21. Body weight \>30kg

Exclusion Criteria

1. Involvement in the planning and/or conduct of the study
2. History of Grade 3 or higher pneumonitis from prior radiation; patients with grade 2 radiation pneumonitis may be considered for enrollment with permission from the Protocol Director or Co-Director.
3. History of another primary malignancy and currently undergoing active treatment Exception: May participate if receiving adjuvant endocrine therapy for breast or prostate cancer.
4. Expected to require ongoing chronic treatment with systemic immunosuppressive medication after enrollment.

   Exceptions: intranasal, inhaled, or topical corticosteroids or systemic corticosteroids at physiological doses, not to exceed 10 mg/day of prednisone equivalent
5. Any unresolved toxicity CTCAE \> Grade 2 from prior therapy with the exception of alopecia, vitiligo, and the laboratory values defined in the inclusion criteria.

   * Subjects with Grade \> 2 neuropathy will be evaluated on a case by case basis after consultation with the Protocol Director / Principal Investigator
   * Subjects with irreversible toxicity that is not reasonably expected to be exacerbated by treatment with durvalumab may be included (ie, hearing loss) with permission from the Protocol Director / Co-Director.
6. Active or prior documented autoimmune or inflammatory disorders which could limit the subjects ability to receive durvalumab on the study (including inflammatory bowel disease \[eg, colitis or Crohn's disease\], diverticulitis \[with the exception of diverticulosis\], systemic lupus erythematosus, Sarcoidosis syndrome, or Wegener syndrome \[granulomatosis with polyangiitis; Graves' disease; rheumatoid arthritis; hypophysitis; uveitis; etc\]). The following may be taken in to considerations as exceptions to this criterion:

   1. Vitiligo or alopecia
   2. Hypothyroidism (eg, following Hashimoto syndrome) stable on hormone replacement
   3. Chronic skin condition not requiring systemic therapy
   4. Those without active disease in the last 5 years may be included with permission from the Protocol Director / Co-Director.
   5. Celiac disease controlled by diet alone
7. History of primary immunodeficiency
8. History of organ transplant requiring therapeutic immunosuppression
9. Active infection including:

   * Grade 3 or higher clinically significant infection
   * Active known Hepatitis B \[known positive results for HBV surface antigen (HBsAg) within 2 months prior to enrollment\]. EXCEPTION: Subjects with a past or resolved HBV infection, defined as the presence of hepatitis B core antibody (anti HBc) and absence of HBsAg are eligible.
   * Active known Hepatitis C (HCV) EXCEPTION: Subjects positive for HCV antibody are eligible only if polymerase chain reaction is negative for HCV RNA
   * Active known tuberculosis infection (clinical evaluation that may include clinical history, physical examination and radiographic findings, or tuberculosis testing in line with local practice).
   * Active known HIV: tested positive for human immunodeficiency virus (HIV) (positive HIV 1/2 antibodies)
10. Receipt of live (growth/replication competent) attenuated vaccine within 30 days prior to enrollment.

    Note: Subjects, if enrolled, should not receive live vaccine while receiving the investigational product (IP), and through 30 days after the last dose of IP.
11. Uncontrolled intercurrent illness, including but not limited to clinically significant:

    * Symptomatic congestive heart failure
    * Uncontrolled hypertension
    * Unstable angina pectoris
    * Cardiac arrhythmia
    * Interstitial lung disease (presence of radiation pneumonitis on CT scan is allowed)
    * Serious chronic gastrointestinal conditions associated with diarrhea
    * Psychiatric illness/social situations that would limit compliance with study requirement, substantially increase risk of incurring AEs or compromise the ability of the subject to give written informed consent.
12. Female subjects who are pregnant or breast feeding.
13. Any other medical condition that, in the investigator's opinion, makes the subject unsuitable for enrollment and study procedures.
14. Female subjects who are pregnant or breast-feeding; or subjects of reproductive potential of any gender who are not employing or who do not agree to employ an effective method of birth control (see Section 4.7) prior to trial enrollment.",Stanford University,ClinicalTrials.gov,2020,"[""INTERVENTIONAL""]","[""Non-small Cell Lung Cancer"", ""Non-small Cell Lung Cancer Stage I"", ""Non-small Cell Lung Cancer Stage II"", ""Non-small Cell Lung Cancer Stage III""]","[{""type"": ""DEVICE"", ""name"": ""AVENIO ctDNA Surveillance Kit""}, {""type"": ""DRUG"", ""name"": ""Durvalumab""}, {""type"": ""DRUG"", ""name"": ""Durvalumab (Imfinzi) alone or in combination with platinum-based chemotherapy""}]",SUSPENDED,https://clinicaltrials.gov/study/NCT04585477
ClinicalTrials.gov,NCT03512847,,NCT03512847,,,,Predictive Gene Profiles and Dynamic Measurement of Treatment Response in Metastatic Non-small Cell Lung Cancer,"The study aims include:

* Exploring potential predictive molecular profiles to immunotherapy/chemotherapy
* Investigating the role of circulating tumor DNA as a dynamic biomarker during immunotherapy/chemotherapy
* Identifying possible resistance mechanisms to immunotherapy/chemotherapy

Materials and methods:

Approximately 150 patients diagnosed with metastatic NSCLC assigned for immunotherapy or chemotherapy will be candidates for inclusion during a 1-2 years period.

A comprehensive molecular profiling will be made from the diagnostic biopsy. Before every treatment-cycle a blood sample will be taken to quantify ctDNA. At time of progressive disease during/after first line treatment, patients will be asked to participate in a new biopsy and a comprehensive molecular profiling will be performed.

The tissue and blood samples collected will be stored in a biobank. Clinical data will be collected to perform a comprehensive database.

Analysis:

Potentially predictive molecular profiles for immunotherapy/chemotherapy will be found by comparison of treatment outcome for patients with specific molecular characteristics.

Through quantification of ctDNA during treatment and upon progression, the role of ctDNA as a dynamic biomarker will be further strengthened.

Differences in molecular profiles pre- and post-treatment may reveal resistance mechanisms to treatment. Molecular profiling on progression can be valuable in second-line treatment guidance. Inclusion Criteria:

* Age \> 18 years
* Able to understand and read Danish
* WHO Performance status 0-2
* Acceptable organ function (liver/kidney/heart) for treatment
* The disease has to be:

evaluable or measurable according to RECIST/iRECIST accessible for biopsy metastatic or not suitable for curative intended treatment

Exclusion Criteria:

* Other active cancers
* Contraindications for systemic therapy
* ALK-positive, ROS-1 or EGFR mutations",Zealand University Hospital,ClinicalTrials.gov,2018,"[""OBSERVATIONAL""]","[""Metastatic Nonsmall Cell Lung Cancer""]",[],COMPLETED,https://clinicaltrials.gov/study/NCT03512847
ClinicalTrials.gov,NCT04158440,,NCT04158440,,,,"A Randomized, Double-Blind, Placebo-Controlled, Multicenter, Phase III Clinical Study on Toripalimab Combined With Platinum-Based Doublet Drug Chemotherapy for Resectable, Stage II-III, Non-Small Cell Lung Cancer","This is a randomized, double-blind, placebo-controlled, multi-center, phase III clinical study to evaluate the efficacy and safety of Toripalimab injection (JS001) combined with platinum-based doublet drug chemotherapy versus placebo combined with platinum-based doublet drug chemotherapy for subjects with resectable, stage II-III NSCLC. Subjects who meet all the inclusion criteria but do not meet any exclusion criteria are randomized into two groups at a ratio of 1:1: according to the stratification factors as below:

* Disease stage: II vs IIIA vs IIIB
* PD-L1 status: PD-L1 expression ≥1% vs. PD-L1 \<1% or not evaluable
* Planned surgical operation: pneumonectomy vs. lobectomy
* Pathological type: non-squamous cell carcinoma vs. squamous cell carcinoma Neoadjuvant therapy should be started within 3 days after randomization. Toripalimab IV 240 mg Q3W /plaecbo will be given combined with platinum-based doublet drug chemotherapy for three cycles in the preoperative neoadjuvant therapy period for trial group; Every 3 weeks of treatment is regarded as one cycle, in which combined therapy is given in the first day of every cycle.

All the subjects will receive preoperative radiological and surgical evaluation 3-5 weeks after neoadjuvant therapy.

After 3 cycles of preoperative neoadjuvant therapy, all the subjects who still have surgical indications will receive radical excision based on the surgical operation criteria of the World Association for Lung Cancer Research within 4-6 weeks after 3 cycles of preoperative neoadjuvant therapy. The pTNM will be staged in accordance with AJCC Cancer Staging Manual (version 8). All the specimens taken during the operation will be evaluated by local pathologists for the surgical margin. The tumor tissue samples collected from subjects during the study will be submitted to the authorized central laboratory for blinded evaluation of pathological response and translational research.

All the subjects who have completed the radical operation will receive one cycle of postoperative adjuvant therapy, i.e., Toripalimab IV 240 mg/placebo + platinum-based doublet drug chemotherapy in 30 days after the operation. If there is no adjuvant radiotherapy plan, it will proceed to consolidation treatment period three weeks after adjuvant therapy; if adjuvant radiotherapy is planned then the consolidation treatment period will start 30 days after adjuvant radiotherapy. In the consolidation treatment period, Toripalimab IV 240 mg/placebo is given in each cycle of every 3 weeks for a total of 13 cycles . Adverse events (AEs) will be monitored throughout the study, and the severity will be graded to the guidelines listed in National Cancer Institute (NCI) common terminology criteria for adverse events (CTCAE) version 5.0 or above. The safety will be followed up in the subjects who have received study treatment and discontinued the drug prematurely. All the subjects will be followed up for overall survival, until death, withdrawal of informed consent or end of study. Inclusion criteria：

1. Having sufficient understanding of this study and being willing to sign the informed consent form (ICF);
2. Aged 18-70 years, male or female;
3. Treatment-naive, histologically confirmed resectable, stage II, IIIA, IIIB (N2) (AJCC staging system, version 8) NSCLC; cTNM stage can be confirmed through PET-CT or pathological biopsy; resectable stage II non-small cell lung cancer is defined as eligible for radical resection evaluated by a qualified thoracic surgeon; resectable stage III is defined as the resectable and potential resectable according to the Chinese expert consensus on the multidisciplinary diagnosis and treatment for stage III non-small cell lung cancer (2019)in which resectable includes IIIA(N0-1), partial N2 with single-station mediastinal lymph node metastasis and the short diameter of lymph node\<2 cm， partial T4 (satellite nodules in the adjacent lobe) N1 and potential resectable includes partial stage IIIA and IIIB with the short diameter of single-station N2 mediastinal lymph node\<3 cm, other potentially resectable T3 or T4 central tumor ; Any suspected lesions which could change the TNM stage, such as contralateral mediastinal lymph node, supraclavicular lymph mode, solid/sub-solid pulmonary node and non-isolated ground glass opacity (GGO), pathological confirmation is strongly recommended.
4. Measurable lesions based on the response evaluation criteria in solid tumors version 1.1;
5. Tumor tissue specimens available for pathological diagnosis, detection of PD-L1 expression and biomarkers prior to randomization (the tumor tissue specimens must be freshly obtained or archived samples within 3 months prior to enrollment; tumor tissue specimens must be the samples of histological category, including but not limited to the tissue punctured by core needle and hollow needle, tissue acquired by bronchoscopic clamp, surgically resected samples; the samples acquired by fine needle puncture and bronchial brushing are not acceptable);
6. ECOG score 0-1;
7. Good organ function:
8. Being willing and able to comply with the visits, treatment plan, laboratory examinations and other study procedures scheduled in the study;
9. pulmonary function test being able to withstand the planned pneumonectomy evaluated by surgeons; Women of childbearing potential must undergo serum pregnancy test within 3 hours prior to the first dose and the result must be negative. Female subjects of childbearing potential and male subjects whose partners are women of childbearing potential must agree to use highly effective contraceptive methods during the study period and within 180 days after the last dose of study drug.
10. Women of childbearing potential must undergo serum pregnancy test within 3 days prior to the first dose and the result must be negative. Female subjects of childbearing potential and male subjects whose partners are women of childbearing potential must agree to use highly effective contraceptive methods during the study period and within 180 days after the last dose of study drug

Exclusion criteria：

1. Presence of locally advanced, unresectable or metastatic disease; unresectable includes the unresectable defined in the Chinese expert consensus on the multidisciplinary diagnosis and treatment for stage III non-small cell lung cancer (2019), including partial stage IIIA and IIIB and all the stage IIIC; N2: single station mediastinal lymph node metastasis with short diameter ≥3cm; N2: multiple station mediastinal lymph node metastasis with lymph node fusion and the short diameter of lymph node ≥2cm on CT; ALL the N3; T4: invading esophagus, heart, aorta;
2. NSCLC involving superior sulcus, large cell neuroendocrine carcinoma (LCNEC), sarcomatoid tumor;
3. Participants with known EGFR sensitive mutations or ALK translocation, EGFR and ALK mutation status needs to be identified for the subjects with non-squamous cell carcinoma;
4. Previous treatment with systemic antitumor therapy for early NSCLC, including investigational product;
5. History of (non-infectious) pneumonitis/interstitial lung disease requiring steroid treatment, or ongoing pneumonitis/interstitial lung disease requiring steroid treatment;
6. Active tuberculosis;
7. Active infection requiring systemic treatment;
8. Subjects with any known or suspected autoimmune disorder or immunodeficiency, with the following exceptions: hypothyroidism, hormone therapy is not needed, or well controlled at physiological dose; controlled type I diabetes;
9. Uncontrolled active hepatitis B (defined as positive hepatitis B surface antigen \[HBsAg\] in screening period with HBV-DNA detected higher than the upper limit of normal at the clinical laboratory of the study center); (the subjects with HBV-DNA assay \<500 IU/mL within 28 days prior to randomization who have received local standard antiviral therapy for at least 14 days and are willing to receive antiviral therapy continuously during the study can be enrolled); active hepatitis C (defined as positive hepatitis C surface antibody \[HCsAb\] in screening period and positive HCV-RNA);
10. Known human immunodeficiency virus (HIV) infection (known positive HIV antibody);
11. Vaccination of live vaccine within 30 days prior to the first dose. Including but not limited to the following: parotitis, rubella, measles, varicella/ herpes zoster (varicella), yellow fever, Rabies, Bacille Calmette-Guérin (BCG) and typhoid vaccine (inactivated virus vaccine allowed);
12. ≥ Grade 2 peripheral neuropathy;
13. Previous use of PD-1/PD-L1 agent or the drug acting on another targeted T cell receptor (e.g., CTLA-4, OX-40);
14. Severe allergic reaction to other monoclonal antibodies;
15. History of serious allergy to Pemetrexed, paclitaxel or docetaxel, cisplatin, carboplatin or its preventive medications;
16. Known serious or uncontrolled pre-existing diseases; including but not limited to cardiovascular events with hemodynamic instability, symptomatic cerebrovascular events, and hepatic cirrhosis above Child-Pugh A within 6 months;
17. History or current evidence of any disease, therapy or abnormal laboratory examination that may confuse the study results, interfere with subject's participation in the full course of the study or not meet the best interest of subject's participation in the study, as judged by investigators;
18. Other malignant tumors within 5 years prior to the first dose, except non-small cell lung cancer. The malignant tumors with negligible risk of metastasis or death (e.g., expected disease-free survival \> 5 years) and expected to achieve radical outcomes after treatment (e.g., sufficiently treated carcinoma in situ of cervix, basal or squamous cell skin cancer, ductal carcinoma in situ treated for radical surgery) can be excluded.","Shanghai Junshi Bioscience Co., Ltd.",ClinicalTrials.gov,2019,"[""INTERVENTIONAL""]","[""Stage II-III Non-small Cell Lung Cancer""]","[{""type"": ""DRUG"", ""name"": ""4cycles(Toripalimab IV 240mg + platinum-based doublet chemotherapy)+13 cycles(Toripalimab IV 240mg); Biological: Toripalimab""}, {""type"": ""DRUG"", ""name"": ""4cycles(Placebo + platinum-based doublet chemotherapy)+13 cycles(Placebo )""}]",COMPLETED,https://clinicaltrials.gov/study/NCT04158440
ClinicalTrials.gov,NCT05965557,,NCT05965557,,,,A Biomarker Study for Predicting the Response of Neoadjuvant Immunotherapy in Non-Small Cell Lung Cancer Based on Circulating Tumor DNA and Homologous Recombination Deficiency Analysis,"Neoadjuvant immunotherapy has become the standard perioperative treatment in lung cancer, but its effective predictive biomarkers are lacking. A small cohort reported that homologous recombination deficiency (HRD) can be used as a reliable biomarker to predict the efficacy of neoadjuvant immunotherapy, but the findings need to be validated in larger cohorts. Moreover, circulating tumor DNA (ctDNA) has the potential to predict the therapeutic efficacy of neoadjuvant immunotherapy.

This study intends to prospectively collect patients with driver-negative stage II-IIIB NSCLC who are scheduled to receive neoadjuvant immunotherapy and surgical resection and verify the value of HRD in predicting the efficacy of neoadjuvant immunotherapy. Meanwhile, the blood samples before and after neoadjuvant immunotherapy were collected for high-depth ctDNA detection to explore the correlation between the dynamic changes of ctDNA and the efficacy and prognosis of neoadjuvant immunotherapy. Inclusion Criteria:

* Stage II-IIIB NSCLC
* EGFR/ALK negative
* The subjects voluntarily joined the study, signed informed consent, had good compliance, and cooperated with follow-up

Exclusion Criteria:

* A history of other malignancies within the past 5 years
* Patients with autoimmune disease are not suitable for PD1 monoclonal antibody therapy",Geneplus-Beijing Co. Ltd.,ClinicalTrials.gov,2023,"[""OBSERVATIONAL""]","[""Lung Cancer""]",[],RECRUITING,https://clinicaltrials.gov/study/NCT05965557
ClinicalTrials.gov,NCT06743555,,NCT06743555,,,,Surgery After Verifying Existing Disease in Locally Advanced Operable Lung Cancer (SAVED LUNG Study): A Pilot Study,"The SAVED LUNG study is a pilot Phase I trial evaluating safety and feasibility of observation versus standard-of-care surgery in operable Stage II-III (excluding N3) NSCLC patients (PD-L1 ≥50%) who achieve complete clinical response following neoadjuvant platinum-doublet chemotherapy and immunotherapy. Participants are randomized to observation or surgery after rigorous restaging, with primary endpoints focusing on safety and feasibility. Secondary objectives include rates of cross-over to surgery, event-free survival, and overall survival, while exploratory endpoints examine ctDNA clearance and its association with clinical response. After neoadjuvant therapy, all participants undergo intensified re-staging invasive and non-invasive modalities to assess for complete clinical response:

* Chest CT;
* PET/CT scan;
* Bronchoscopy;
* EBUS;
* EUS;
* Re-biopsy of lesions that were deemed to be positive for cancer; this includes re-biopsies of all positive lymph nodes and transthoracic needle aspiration of tumors.

Participants with complete clinical response defined by absence of disease as measured by all the above modalities will be randomized 1:1 to either observation or surgery.

Only patients with complete clinical response will proceed to the randomization stage of the trial. Block randomization will occur 1:1 with two participants per block. All other patients will remain on study and undergo therapy as per standard-of-care and will have follow-up on study. Both groups will have blood collected for ctDNA at this stage. For participants in the surgery arm, the blood sample will be 3 weeks after surgery, while participants in surveillance only arm will have the blood sample 3 weeks after randomization. Inclusion Criteria:

* \> 18 years of age
* The participant has provided documented informed consent for the trial.
* Histologically confirmed (by core biopsy) NSCLC and confirmed clinical stages II-III (excluding N2) NSCLC (AJCC 8th edition) amenable to receive neoadjuvant chemo-immunotherapy defined by: nivolumab 3mg/kg Q3W in combination with platinum doublet chemotherapy (cisplatin or carboplatin with paclitaxel or pemetrexed Q3W) for 3 cycles.
* PD-L1 tumor proportion score \>50%
* Has no history of immunodeficiency, HBV, HCV, HIV.
* For female participants:

  1. Has no active pregnancy (Refer to ""Female participants"").
  2. For a woman of child-bearing potential (WOCBP), use of a contraceptive method that is highly effective (with a failure rate of \<1% per year), with low user dependency, or be abstinent from heterosexual intercourse as their preferred and usual lifestyle (abstinent on a long-term and persistent basis) during the intervention period and for at least 180 days after the last dose of study intervention and agrees not to donate eggs (ova, oocytes) to others or freeze/store for her own use for the purpose of reproduction during this period.
  3. A WOCBP must have a negative highly sensitive pregnancy test (\[urine or serum\] as required by local regulations) within either 24 hours (urine) or 72 hours (serum) before the first dose of study intervention.
  4. If a urine test cannot be confirmed as negative (eg, an ambiguous result), a serum pregnancy test is required. In such cases, the participant must be excluded from participation if the serum pregnancy result is positive.
* Has an Eastern Cooperative Oncology Group (ECOG) performance status of 0 to 1.
* Has adequate hematological, renal and hepatic function per Investigator discretion required for platinum-doublet chemotherapy plus immunotherapy.
* Has signed the written consent.

Exclusion Criteria:

* Has one of the following tumor locations/types:

  1. NSCLC involving the superior sulcus
  2. Large cell neuro-endocrine cancer (LCNEC)
  3. Sarcomatoid tumor
* Has a history of (non-infectious) pneumonitis/interstitial lung disease that required steroids or has current pneumonitis/interstitial lung disease.
* Has an active infection requiring systemic therapy.
* Has had an allogenic tissue/solid organ transplant.
* Has a history or current evidence of any condition, therapy, or laboratory abnormality that might confound the results of the trial, interfere with the participant's participation for the full duration of the trial, or is not in the best interest of the participant to participate, in the opinion of the treating investigator.
* Has known psychiatric or substance abuse disorders that would interfere with cooperating with the requirements of the trial.
* Has a known additional malignancy that is progressing or requires active treatment within the past (5 years). Note: Participants with basal cell carcinoma of the skin, squamous cell carcinoma of the skin, bladder carcinoma, or carcinoma in situ (eg, in situ cervical cancer or breast carcinoma) that have undergone potentially curative therapy are not excluded.",Centre hospitalier de l'Université de Montréal (CHUM),ClinicalTrials.gov,2024,"[""INTERVENTIONAL""]","[""Non-Small Cell Lung Cancer"", ""Immunotherapy"", ""Neoadjuvant Therapy"", ""Thoracic Surgery"", ""Complete Response""]","[{""type"": ""OTHER"", ""name"": ""Observation without surgery""}, {""type"": ""PROCEDURE"", ""name"": ""Standard-of-care surgery""}]",NOT_YET_RECRUITING,https://clinicaltrials.gov/study/NCT06743555
ClinicalTrials.gov,NCT04966676,,NCT04966676,,,,Beyond Chemotherapy: Nivolumab-Ipilimumab With cfDNA-guided Treatment Intensification as a Chemotherapy-sparing Strategy in Metastatic Non-small Cell Lung Cancer,"The purpose of this research study is to look at how effective two drugs, nivolumab and ipilimumab, are for people with non-small lung cancer that has metastasized (has spread to other parts of the body) and to see what effects these drugs have on these tumors. The study will use a special blood test to evaluate the response of the cancer to treatment. This blood test will analyze tumor DNA present in the blood (deoxyribonucleic acid, molecules that contain instructions for the development and function of cells). Patients that do not have evidence of a good response using this blood test will also undergo a short course of chemotherapy in addition to nivolumab and ipilimumab. Inclusion Criteria:

* Age ≥ 18 years at the time of screening or age of consent.
* Written informed consent obtained from the subject prior to performing any protocol-related procedures, including screening evaluations.
* Eastern Cooperative Oncology Group (ECOG) performance status of 0 or 1.
* Weight ≥ 35 kg.
* Must have a life expectancy of at least 12 weeks.
* Recurrent or newly diagnosed metastatic non-small cell lung cancer
* Tumor PDL1 status \<50%.
* Non-Squamous and squamous histologies are eligible
* Histologies with targetable mutations (EGFR, ALK, ROS1) are not eligible, regardless of prior treatment with tyrosine kinase inhibitors
* No prior radiation, surgery or chemotherapy is allowed for the current diagnosis of non-small cell lung cancer
* Adequate organ and marrow function

Exclusion Criteria:

* Receipt of any conventional or investigational anticancer therapy within 21 days or palliative radiotherapy within 14 days prior to the scheduled first dose of study treatment.
* Prior receipt of any immune-mediated therapy.
* Incomplete surgical resection
* Concurrent enrolment in another therapeutic clinical study. Enrolment in observational studies will be allowed.
* Any toxicity (excluding alopecia) from prior standard therapy that has not been completely resolved to baseline at the time of consent.
* Participants with prior history of myocardial infarction, transient ischemic attack, congestive heart failure ≥ Class 3 based on New York Heart Association Functional Classification or stroke within the past 3 months prior to the scheduled first dose of study treatment.
* Active or prior documented autoimmune disorders within the past 3 years prior to the scheduled first dose of study treatment with exceptions.
* Participants with confirmed human immunodeficiency virus (even if viral load is undetectable), chronic or active hepatitis B or C, or active hepatitis A.
* History of primary immunodeficiency, solid organ transplantation, or active tuberculosis (by clinical evaluation that includes clinical history, physical examination and radiographic findings, and tuberculosis testing in line with local practice).
* Other invasive malignancy within 2 years. Non-invasive malignancies (i.e., cervical carcinoma in situ, in situ prostate cancer, non-melanomatous carcinoma of the skin, ductal carcinoma in situ of the breast that has been surgically cured) are excluded from this definition.
* Known allergy or hypersensitivity to investigational product formulations.
* History of more than one event of infusion related reactions requiring permanent discontinuation of intravenous drug treatment.
* Uncontrolled intercurrent illness including, but not limited to ongoing or active infection requiring antibiotic therapy, uncontrolled hypertension, bleeding diatheses, or psychiatric illness/social situations that would limit compliance with study requirements, substantially increase risk of incurring adverse events, or compromise the ability of the subject to give written informed consent.
* Current or prior use of immunosuppressive medication within 14 days prior to the scheduled first dose of study treatment with exceptions.
* Receipt of live, attenuated vaccine within 30 days prior to the scheduled first dose of study treatment - Major surgery within 28 days prior to scheduled first dose of study treatment or still recovering from prior surgery.
* Females who are pregnant, lactating, or intend to become pregnant during their participation in the study.
* Participants who are involuntarily incarcerated or are unable to willingly provide consent or are unable to comply with the protocol procedures.
* Any condition that, in the opinion of the investigator, would interfere with safe administration or evaluation of the investigational products or interpretation of subject safety or study results.","University Health Network, Toronto",ClinicalTrials.gov,2021,"[""INTERVENTIONAL""]","[""Non Small Cell Lung Cancer""]","[{""type"": ""DIAGNOSTIC_TEST"", ""name"": ""cfDNA blood test""}, {""type"": ""DRUG"", ""name"": ""Nivolumab""}, {""type"": ""DRUG"", ""name"": ""Ipilimumab""}, {""type"": ""COMBINATION_PRODUCT"", ""name"": ""Platinum-based Chemotherapy""}]",TERMINATED,https://clinicaltrials.gov/study/NCT04966676
ClinicalTrials.gov,NCT05027165,,NCT05027165,,,,"Prospective Evaluation of Immunological, Molecular-genetic, Image-based and Microbial Analyzes to Characterize Tumor Response and Control in Patients With Inoperable Stage III NSCLC Treated With Chemoradiotherapy Followed by Consolidation Therapy With Durvalumab (PRECISION)","This non-interventional single-center explorative biomarker study aims at longitudinal comprehensive characterization (molecular genetics, immunological, morphological, image-based and microbial features) of the patient (host) and tumor as well as changes during standard treatment and in case of recurrent disease in inoperable stage III non-small cell lung cancer (NSCLC). Comprehensive analysis will include peripheral blood cellular and humoral immunophenotyping, circulating tumor DNA and gut/saliva microbiota analyses. 18F-FDG-PET/CT before, 6 weeks, 6- and 12-months after chemoradiotherapy as well as daily in course of radiation treatment cone-beam-CT and/or MRI imaging are included for morphological analysis. This study will provide valuable information of predictive biomarkers in patients with stage III NSCLC treated with durvalumab maintenance treatment after concurrent chemoradiotherapy. The study will enrol 40 patients with stage III inoperable non-small cell lung cancer (NSCLC) who received standard chemoradiotherapy followed by maintenance therapy with PD-L1 inhibition (durvalumab) according to the current European Medicines Agency (EMA) approval.

The oncological treatment is carried out according to the international standards of radiation oncology/medical oncology. These are implemented by the department of radiation oncology at the University Hospital Munich (LMU) in their SOPs. Therefore, all patients will be treated with concurrent platinum-based chemoradiotherapy followed by durvalumab maintenance treatment 12 months after the end of chemoradiotherapy at the department of radiation oncology (University Hospital Munich (LMU)). Comprehensive characterization of all patients includes immunophenotyping of peripheral blood mono-nuclear cells, ctDNA as well as gut/saliva microbiome analyses and will be performed before, after 15 fractions of radiotherapy, at the end of concurrent chemoradiotherapy as well as 3-, 6- and 12 months after start of durvalumab.

18F-FDG-PET/CT will be performed 5-10 d before start of radiotherapy, 6 weeks, 6 months,12 and 24 months after the end of chemoradiotherapy. Lung function will be assessed before start of radiotherapy, at the end and 6 weeks after chemoradiotherapy as well as 3-, 6- and 12, 18, 24 months after start of durvalumab.

Follow-up will be performed by the department of radiation oncology at the University Hospital Munich (LMU) according to the clinical SOPs. Inclusion Criteria:

* Patient age ≥ 18 years
* Histologically/cytologically confirmed diagnosis of non-small-cell lung cancer (NSCLC)
* Patients with non-operable NSCLC in tumor stage III A/B/C after UICC 8
* Eligible for platinum-based concurrent chemoradiotherapy followed by durvalumab maintenance treatment
* No invasive carcinoma in the last five years.
* ECOG Performance Status 0-2
* Lung function parameters (before or after bronchodilation): FEV1 ≥ 1.0 L and/or DLCO-SB ≥ 40%
* A maximum of two cycles of induction chemotherapy are permissible before start of chemoradiotherapy

Exclusion Criteria:

* Simultaneous participation in another clinical trial
* Mixed histology of small-cell and non-small-cell lung cancer
* Brain metastases confirmed by a contrast enhanced cMRI
* Prior receipt of an immunotherapy or investigational medicinal product
* Previous exposure to an anti-PD-1 or anti-PD-L1 antibody
* Pneumonitis ≥ Grade 2 as a result of prior radio-/chemoradiotherapy
* Patients with a non-active disease in the last 5 years can be included, but only after consultation with the responsible investigator of the study or his representative
* Primary immunodeficiencies in previous history
* Prior Interstitial lung disease (ILD)
* Prior autoimmune disease
* Previous organ transplantation with subsequent therapeutic immunosuppression",LMU Klinikum,ClinicalTrials.gov,2021,"[""OBSERVATIONAL""]","[""Oncology"", ""Biomarker"", ""NSCLC, Stage III"", ""Durvalumab"", ""Chemoradiotherapy""]","[{""type"": ""OTHER"", ""name"": ""Non-interventional""}]",UNKNOWN,https://clinicaltrials.gov/study/NCT05027165
ClinicalTrials.gov,NCT04585490,,NCT04585490,,,,Personalized Escalation of Consolidation Treatment Following Chemoradiotherapy and Immunotherapy in Stage III NSCLC,"The purpose of this study is to test whether or not number of circulating cancer cells detected in the blood can be decreased the by combining the standard treatment (durvalumab) with Tremelimumab and additional chemotherapy Primary objective is to measure the change in the levels of circulating tumor DNA (ctDNA) in Cohort 1 (MRD+) due to the addition of Tremelimumab and platinum doublet chemotherapy in subjects with stage III unresectable disease with positive DNA treated with consolidation chemotherapy and immunotherapy.

Secondary Objectives:

To determine the proportion of subjects in Cohort 1 MRD+ for whom ctDNA becomes undetectable after adding chemotherapy and tremelimumab to consolidation durvalumab

To describe compare overall survival (OS) of subjects with baseline detectable ctDNA (Cohort 1 MRD+) vs baseline undetectable ctDNA (Cohort 2 MRD ) ·To compare progression free survival (PFS) between subjects with baseline detectable (Cohort 1 MRD+) vs baseline undetectable ctDNA (Cohort 2 MRD ) Inclusion Criteria:

1. Histologically- or cytologically-documented NSCLC presenting with locally-advanced, unresectable stage III disease (Version 8 of AJCC Staging Manual) or NSCLC with locoregional recurrence after previous definitive treatment.
2. For stage III or recurrent disease, must have completed platinum-based chemotherapy and radiation therapy to all known tumor sites (60 Gy +/- 10%). Must not have known progression of disease.
3. Must be receiving consolidation durvalumab following completion of radiation and chemotherapy, and less than 32 weeks has elapsed from their first dose of durvalumab. (Patients may sign consent for study before start of durvalumab, but confirm eligibility and enroll only after first dose of durvalumab is received).
4. Able to potentially receive further consolidation chemotherapy plus durvalumab and tremelimumab, but not be currently intended to receive additional systemic consolidation chemotherapy apart from this durvalumab.
5. Pre-treatment tumor tissue or tumor DNA sample is believed to be available for analysis
6. Aged 18 years or older
7. Weight \> 30kg
8. Life expectancy ≥ 12 weeks
9. Eastern Cooperative Oncology Group (ECOG) Performance Status of 0 or 1
10. Absolute neutrophil count \> 1.0 x 109/L (1000/mm3)
11. Platelets \> 75 x 109/L (100,000/mm3)
12. Hemoglobin ≥ 9.0 g/dL (5.59 mmol/L)
13. Measured creatinine clearance \> 40 mL/min, by either 24 hour urine collection or the Cockcroft Gault formula

    Males:

    Mass(kg) x (140-Age) / 72 x serum creatinine (mg/dL)

    Females:

    Mass(kg) x (140-Age) x 0.85 / 72 x serum creatinine (mg/dL)
14. Serum bilirubin ≤ 1.5 x upper limit of normal (ULN). This will not apply to subjects with confirmed Gilbert's syndrome (persistent or recurrent hyperbilirubinemia that is predominantly unconjugated in the absence of evidence of hemolysis or hepatic pathology) who will be allowed in consultation with their physician.
15. aspartate aminotransferase (AST) (SGOT)/Alanine Aminotransferase (ALT) (SGPT) ≤ 2.5 x institutional upper limit of normal (ULN) unless liver metastases are present, in which case it must be ≤ 5 x ULN
16. Ability to understand and the willingness to sign the written IRB approved informed consent document.

Exclusion Criteria:

Involvement in the planning and/or conduct of the study

2\. Previous enrollment or randomization in the present study

3\. Received Investigational product as part of another clinical study

4\. Mixed small cell and non small cell lung cancer histology

5\. History of another primary malignancy and currently undergoing active treatment.

Exception: May participate if receiving adjuvant endocrine therapy for breast or prostate cancer.

6\. Current or prior use of immunosuppressive medication within 14 days before enrollment, with the exceptions of intranasal and inhaled corticosteroids or systemic corticosteroids at physiological doses, which are not to exceed 10 mg/day of prednisone, or an equivalent corticosteroid. Systemic steroid administration required to manage toxicities arising from radiation therapy delivered as part of the chemoradiation therapy for locally advanced NSCLC is allowed.

7\. Any unresolved toxicity CTCAE \> Grade 2 from the prior chemoradiation therapy with the exception of alopecia, vitiligo, and the laboratory values defined in the inclusion criteria.

* Subjects with Grade ≥ 2 neuropathy will be evaluated on a case by case basis after consultation with the Protocol Director / Principal Investigator
* Subjects with irreversible toxicity that is not reasonably expected to be exacerbated by treatment with durvalumab may be included (ie, hearing loss) only after consultation with the Protocol Director / Principal Investigator.

  8\. Any prior Grade ≥ 3 immune related adverse event (irAE) while receiving any previous immunotherapy agent, or any unresolved irAE \> Grade 1) that may limit subject from continuing durvalumab during the study

  9\. Recent major surgery within 4 weeks prior to entry into the study (excluding the placement of vascular access) that would prevent administration of study drug.

  10\. Active or prior documented autoimmune or inflammatory disorders which is likely to limit the subjects ability to continue durvalumab on the study (including inflammatory bowel disease \[eg, colitis or Crohn's disease\], diverticulitis \[with the exception of diverticulosis\], systemic lupus erythematosus, Sarcoidosis syndrome, or Wegener syndrome \[granulomatosis with polyangiitis; Graves' disease; rheumatoid arthritis; hypophysitis; uveitis; etc\]). Those with history of autoimmune or inflammatory disorders who are currently tolerating durvalumab may be eligible to participate with approval from the PI. The following are also exceptions to this criterion:
  1. Vitiligo or alopecia
  2. Hypothyroidism (eg, following Hashimoto syndrome) stable on hormone replacement
  3. Chronic skin condition not requiring systemic therapy
  4. Celiac disease controlled by diet alone

     11\. History of primary immunodeficiency

     12\. History of organ transplant requiring therapeutic immunosuppression

     13\. History of hypersensitivity to carboplatin, pemetrexed, paclitaxel, or nab-paclitaxel that is likely to prevent re-administration of these agents

     14\. Active infection including but not limited to:
* Grade 3 or higher clinically significant infection
* Active known Hepatitis B \[known positive results for HBV surface antigen (HBsAg) within 2 months prior to enrollment\]. EXCEPTION: Subjects with a past or resolved HBV infection, defined as the presence of hepatitis B core antibody (anti-HBc) and absence of HBsAg are eligible
* Active known Hepatitis C (HCV). EXCEPTION: Subjects positive for HCV antibody are eligible only if polymerase chain reaction is negative for HCV RNA
* Active known tuberculosis infection (clinical evaluation that may include clinical history, physical examination and radiographic findings, or tuberculosis testing in line with local practice).
* Active known HIV infection

  15\. Receipt of live attenuated vaccine within 30 days prior to the first dose of concurrent chemotherapy and durvalumab. Note: Subjects, if enrolled, should not receive live vaccine through 30 days after the last dose of chemotherapy concurrent with durvalumab.

  16\. Uncontrolled intercurrent illness, including but not limited to:
  * Ongoing or active infection
  * Symptomatic congestive heart failure
  * Uncontrolled hypertension
  * Unstable angina pectoris
  * Cardiac arrhythmia
  * Interstitial lung disease
  * Serious chronic gastrointestinal conditions associated with diarrhea
  * Psychiatric illness/social situations that would limit compliance with study requirement, substantially increase risk of incurring AEs or compromise the ability of the subject to give written informed consent.

    17\. Female subjects who are pregnant or breast feeding; or subjects of reproductive potential of any gender who are not employing or who do not agree to employ an effective method of birth control prior to trial enrollment.ollment.",Stanford University,ClinicalTrials.gov,2020,"[""INTERVENTIONAL""]","[""Non Small Cell Lung Cancer"", ""NSCLC, Stage III"", ""Nsclc""]","[{""type"": ""DRUG"", ""name"": ""Durvalumab""}, {""type"": ""DRUG"", ""name"": ""Carboplatin""}, {""type"": ""DRUG"", ""name"": ""Pemetrexed""}, {""type"": ""DRUG"", ""name"": ""Paclitaxel""}, {""type"": ""DRUG"", ""name"": ""Cisplatin""}, {""type"": ""DEVICE"", ""name"": ""AVENIO ctDNA Surveillance Kit""}, {""type"": ""DRUG"", ""name"": ""Tremelimumab""}]",RECRUITING,https://clinicaltrials.gov/study/NCT04585490
ClinicalTrials.gov,NCT06917573,,NCT06917573,,,,Phase II Clinical Trial With an Adaptive Design According to Response to Cemiplimab Monotherapy Using ctDNA and Subsequent Treatment With Chemotherapy (CT) and Cemiplimab or Cemiplimab Monotherapy in First Line Advanced NSCLC Patients,"This is an open-label, non-randomised, phase II, multicenter clinical trial. 63 stage IV or stage IIIB/C not candidates for definitive chemo/radiotherapy or surgical resection non-small cell lung cancer (NSCLC) per the 8th edition TNM with no prior systemic anti-cancer therapy will be enrolled in this trial to determine whether therapy decision making based on ctDNA analysis improves overall survival. This is an open-label, non-randomised, phase II, multicenter clinical trial. The total sample size is 63 patients. The population to be included are stage IV or stage IIIB/C not candidates for definitive chemo/radiotherapy or surgical resection non-small cell lung cancer (NSCLC) per the 8th edition TNM with no prior systemic anti-cancer therap.

Patients will be treated with Cemiplimab for 2 cycles and after response evaluation and ctDNA levels analysis, patients will be treated with Cemiplimab plus chemotherapy or cemiplimab monotherapy depending on response and ctDNA levels.

The primary research goal is to determine whether therapy decision making based on ctDNA analysis improves overall survival.

Patient accrual is expected to be completed within 1.5 years excluding a run-in-period of 4-6 months. An estimated treatment period of 2 years, 2 years of follow-up and the preparation of the final report and the close out visit are expected to extend the study duration to a total of 6.5 years. Inclusion Criteria:

* Histologically confirmed stage IV or stage IIIB/C not candidates for definitive chemo/radiotherapy or surgical resection non-small cell lung cancer (NSCLC) per the 8th edition TNM with no prior systemic anti-cancer therapy
* PDL1 ≥50%
* ECOG performance status 0-1
* Patients aged ≥ 18 years
* Prior adjuvant or neoadjuvant chemotherapy for early stage is permitted if completed at least 6 months prior to enrolment
* Presence of at least one measurable lesion by CT-scan per RECIST version 1.1
* Anticipated life expectancy \>12 weeks
* Correct hematological, hepatic and renal function
* Patient consent must be obtained in the appropriate manner as established in the applicable local and regulatory requirements
* Patients must be accessible for treatment and follow-up
* Women of childbearing potential, including women who had their last menstrual period in the last 2 years, must have a negative serum or urine pregnancy test within 3 days before enrolment.
* All sexually active men and women of childbearing potential must use a highly effective contraceptive method during the study treatment and for a period of at least 4 months following the last administration of trial drugs

Exclusion Criteria:

* Patients whose tumors harbor an activating mutation in EGFR, ALK translocation, or ROS Proto-Oncogene 1 (ROS1) rearrangements sensitive to available targeted inhibitor therapy
* Patients with grade ≥2 neuropathy
* Pregnant or breastfeeding women
* Patients with a weight loss \>10% within the previous 3 months
* Patients with carcinomatous meningitis
* Patients with a history of other malignant diseases within the past 3 years
* Patients must have recovered from a major surgery at least 14 days prior to enrolment
* Patients with active or uncontrolled infections or with serious medical conditions or disorders that may not allow patient management as established in the protocol
* Prior treatment with antineoplasic drugs or thoracic radiotherapy for any reason different from the ones specific in the inclusion criteria
* Patients who have received prior neo-adjuvant, adjuvant chemotherapy, radiotherapy, or chemo-radiotherapy with curative intent for non-metastatic disease less than 6 months before enrollment since the last chemotherapy, radiotherapy, or chemo-radiotherapy
* Patients with a combination of small cell lung cancer and non-small cell lung cancer, a carcinoid lung tumor or large cell neuroendocrine carcinoma
* Has known allergy or hypersensitivity to components of study drug
* Significant comorbidities that preclude the administration of chemotherapy according to the investigator's criteria
* Ongoing or recent evidence of significant autoimmune disease that required treatment with systemic immunosuppressive treatments
* Untreated brain metastasis(es) that may be considered active
* Immunosuppressive corticosteroid doses within 4 weeks prior to the first dose of cemiplimab
* Uncontrolled infection with hepatitis B or hepatitis C or human immunodeficiency virus; or diagnosis of immunodeficiency
* History of interstitial lung disease or active, noninfectious pneumonitis that required immune-suppressive doses of glucocorticoids to assist with management.
* History of documented allergic reactions or acute hypersensitivity reactions attributed to antibody treatments
* Patients with a history of solid organ transplant
* Receipt of live vaccines within 30 days of first study treatment
* Women of childbearing potential, or sexually active men, who are unwilling to practice highly effective contraception prior to the initial dose/start of the first treatment prior to the start of the first treatment, during the study, and for at least 4 months after the last dose.",Fundación GECP,ClinicalTrials.gov,2025,"[""INTERVENTIONAL""]","[""Non Small Cell Lung Cancer Metastatic"", ""Lung Diseases"", ""Stage IV Non-small Cell Lung Cancer"", ""Stage III Non-small Cell Lung Cancer"", ""Respiratory Tract Neoplasms"", ""Thoracic Neoplasms""]","[{""type"": ""DRUG"", ""name"": ""Cemiplimab""}, {""type"": ""DRUG"", ""name"": ""Carboplatin""}, {""type"": ""DRUG"", ""name"": ""Paclitaxel""}]",RECRUITING,https://clinicaltrials.gov/study/NCT06917573
ClinicalTrials.gov,NCT04302025,,NCT04302025,,,,"NAUTIKA1: A Multicenter, Phase II, Neoadjuvant and Adjuvant Study of Multiple Therapies in Biomarker-selected Patients With Resectable Stages IB-III Non-small Cell Lung Cancer","This trial will evaluate the efficacy and safety of various therapies in participants with Stage IB, IIA, IIB, IIIA, or selected IIIB resectable and untreated NSCLC tumors that meet protocol-specified biomarker criteria. Inclusion Criteria for Neoadjuvant Therapy:

* Pathologically documented NSCLC:
* Newly diagnosed early-stage NSCLC stages IB, IIA, IIB, IIIA, or selected IIIB (T3N2 only) NSCLC of squamous or non-squamous histology. Staging should be based on the 8th edition of the American Joint Committee on Cancer (AJCC)/Union Internationale Contre le Cancer (UICC) NSCLC staging system
* T4 primary NSCLC will be allowed only on the basis of size. Invasion of the diaphragm, mediastinum, heart, great vessels, trachea, recurrent laryngeal nerve, esophagus, vertebral body, carina, and separate tumor nodules in a different ipsilateral lobe is not permitted
* All participants will undergo clinical staging using computed tomography (CT) and positron emission tomography (PET) scanning, as well as brain imaging using magnetic resonance imaging (MRI). Invasive mediastinal staging by either mediastinoscopy or endo-bronchial ultrasonography is highly encouraged for participants with radiographically suspected mediastinal nodal disease (i.e., N2) but not mandated if the CT or PET scans showed no evidence of N2 disease
* Molecular testing results from clinical laboratory improvement amendments (CLIA)-certified laboratories and showing at least one of the following abnormalities: ALK fusion, ROS1 fusion, NTRK1/2/3 fusion; BRAF V600 mutation, RET fusion, PD-L1 expression in ≥ 1% tumor cells as determined by Food and Drug Administration (FDA)-approved test, KRAS G12C mutation
* Measurable disease, as defined by RECIST v1.1
* NSCLC must have a solid or subsolid appearance on CT scan and cannot have a purely ground glass opacity appearance. For subsolid lesions, the tumor size (i.e., clinical T stage) should be measured based on the solid component only, exclusive of the ground glass opacity component
* Evaluated by the attending surgeon prior to study enrollment to verify that the primary tumor and any involved lymph nodes are technically completely resectable and verify that the participant is medically operable
* Adequate pulmonary function to be eligible for surgical resection with curative intent
* Adequate cardiac function to be eligible for surgical resection with curative intent
* Eastern Cooperative Oncology Group (ECOG) Performance Status of 0 or 1
* Adequate hematologic and end-organ function
* Negative hepatitis B surface antigen (HBsAg) test at screening for cohort
* Negative total hepatitits B core antibody (HBcAb) test at screening for cohort, or positive total HBcAb test followed by a negative hepatitis B virus (HBV) deoxyribonucleic acid (DNA) test at screening
* Negative hepatitis C virus (HCV) antibody test at screening, or positive HCV antibody test followed by a negative HCV ribonucleic acid (RNA) test at screening
* Male participants must be willing to use acceptable methods of contraception
* Female participants of childbearing potential must agree to use acceptable methods of contraception

Inclusion Criteria for Adjuvant Therapy (TKI Cohorts and KRAS G12C cohort \[if continuing on Divarasib\]):

* Participants whose tumors lack radiographic progression
* ECOG Performance Status of 0 or 1
* Adequate hematologic and end-organ function

Exclusion Criteria

* NSCLC that is clinically T4 by virtue of mediastinal organ invasion or Stage IIIB by virtue of N3 disease
* Any prior therapy for lung cancer, including chemotherapy, targeted therapy, immunotherapy, or radiotherapy, within 2 years
* Participants with prior lung cancer
* Major surgical procedure within 28 days prior to Cycle 1, Day 1
* Malignancies other than the disease under study within 3 years prior to Cycle 1, Day 1, with the exception of participants with a negligible risk of metastasis or death and with expected curative outcome
* Treatment with an investigational agent for any condition within 4 weeks prior to Cycle 1, Day 1
* Participants known to be positive for human immunodeficiency virus (HIV) are excluded if they meet any of the following criteria: cluster of differentiation 4 (CD4)+ T-cell count of \<350 cells/microliters (cells/µL); detectable HIV viral load; history of an opportunistic infection within the past 12 months; on stable antiretroviral therapy for \<4 weeks
* Severe infection within 4 weeks prior to initiation of study treatment, including but not limited to hospitalization for complications of infections, or any active infection that, in the opinion of the investigator, could impact participant safety
* Pregnant or lactating, or intending to become pregnant during the study","Genentech, Inc.",ClinicalTrials.gov,2020,"[""INTERVENTIONAL""]","[""Non-small Cell Lung Cancer""]","[{""type"": ""DRUG"", ""name"": ""Alectinib""}, {""type"": ""DRUG"", ""name"": ""Entrectinib""}, {""type"": ""DRUG"", ""name"": ""Vemurafenib""}, {""type"": ""DRUG"", ""name"": ""Cobimetinib""}, {""type"": ""DRUG"", ""name"": ""Pralsetinib""}, {""type"": ""DRUG"", ""name"": ""Atezolizumab""}, {""type"": ""DRUG"", ""name"": ""SBRT""}, {""type"": ""PROCEDURE"", ""name"": ""Resection""}, {""type"": ""DRUG"", ""name"": ""Chemotherapy""}, {""type"": ""DRUG"", ""name"": ""Divarasib""}]",RECRUITING,https://clinicaltrials.gov/study/NCT04302025
ClinicalTrials.gov,NCT06977074,,NCT06977074,,,,Prospective Phase II Proof-of-Concept Trial on Circulating Tumor DNA (ctDNA)-Optimized Induction Immunochemotherapy Cycle Reduction for Resectable Non-Small Cell Lung Cancer,"The goal of this clinical trial is to evaluate the clinical value of ctDNA testing in guiding the optimization of immunochemotherapy cycles during induction treatment for resectable patients with NSCLC. The main questions it aims to answer are:

* Does ctDNA clearance indicate pathological complete response?
* Are additional cycles of immunochemotherapy necessary for patients who have ctDNA clearance after initial cycles of treatment? Researchers will use ctDNA dynamics to guide the cycles of induction treatment to see if some patients can avoid excessive cycles of treatment. Advances in precision medicine have highlighted the potential of circulating tumor DNA (ctDNA) detection in NSCLC diagnosis, treatment efficacy monitoring, and prognosis evaluation. Induction immunotherapy combined with chemotherapy is now a standard treatment for patients with resectable NSCLC, but optimizing the number of immunochemotherapy cycles to enhance efficacy and reduce toxicity remains a critical clinical challenge. In this Phase II, proof-of-concept trial, around 83 patients with AJCC stage IIA-IIIB NSCLCs who are deemed resectable by an MDT team will participate to evaluate the potential role of dynamic ctDNA changes in guiding the cycle reduction of induction immunotherapy combined with chemotherapy while maintaining overall efficacy.

Eligible patients will receive 2 cycles (21-day intervals) of PD-1 inhibitor + platinum-based chemotherapy. Subsequent cycles (1-2 additional cycles) are determined by ctDNA status via tumour-agnostic strategies:

1. For patients with ctDNA clearance: Randomized (1:1) to surgery or continued therapy.
2. For patients with ctDNA persistence: Sequential 1-2 additional cycles. For all patients who are available to undergo surgery, the operation will be performed 4-6 weeks following the last cycle of treatment. Inclusion Criteria:

1. Histologically/cytologically confirmed, untreated stage IIA-IIIB NSCLC (IASLC 8th edition).
2. Deemed resectable by MDT.
3. EGFR/ALK wild-type (non-squamous patients; squamous patients exempt).
4. ECOG PS 0-1.
5. Adequate organ function (neutrophils ≥1.5×10⁹/L, platelets ≥100×10⁹/L, Hb \>9 g/dL, Cr ≤1.5×ULN, AST/ALT ≤3×ULN).
6. Measurable lesions (RECIST 1.1).

Exclusion Criteria:

1. Active autoimmune diseases (exceptions: vitiligo, type I diabetes, stable hypothyroidism).
2. Systemic corticosteroids (\>10 mg prednisone equivalent/day) within 14 days.
3. Grade 3-4 interstitial lung disease.
4. Concurrent malignancies requiring treatment.
5. Prior anti-PD-1/PD-L1/CTLA-4 therapy.
6. Active HBV/HCV, HIV/AIDS, or pregnancy.",Sun Yat-sen University,ClinicalTrials.gov,2025,"[""INTERVENTIONAL""]","[""Non-small Cell Lung Cancer (NSCLC)""]","[{""type"": ""DRUG"", ""name"": ""PD-1 inhibitor""}, {""type"": ""DRUG"", ""name"": ""Platinum Doublet""}]",RECRUITING,https://clinicaltrials.gov/study/NCT06977074
ClinicalTrials.gov,NCT06250829,,NCT06250829,,,,Analysis of Variables Predicting Pathological Complete Response and Immune Related Adverse Events in Patients With Resectable Non-Small Cell Lung Cancer Receiving Neoadjuvant Immunotherapy With Chemotherapy - A Prospective Cohort Study,"Lung cancer is the chief cause of cancer death. The new standard-of-care (SOC) in operable lung cancer combines chemotherapy and an immune-stimulating drug before the surgery (neoadjuvant approach). This results in a large increase in complete cancer clearance rates compared to chemotherapy alone (±30% with combination vs ±4% with chemotherapy alone), leading to much better long-term survival and probably many more cures. However, most still don't achieve complete clearance, and a few have increases in, or spread of, their tumors while on treatment. Therefore, we need to understand why some patients benefit (responders) and others don't benefit (non-responders) on an immunotherapy-based treatment. Also, some patients unpredictably develop severe immune-type side effects related to the immunotherapy drug, although such side effects may be associated with improved anti-cancer effects. In short, the same treatment can result in complete cancer clearance in one patient, and in a worst-case scenario may result in severe toxicity or fail to control spread/growth thus precluding surgery. The immune system obviously plays a key role in both benefit and harm, yet most of the research in this field has focused only on the cancer. We plan an in-depth study in 60 patients, focusing on the cancer as well as the patient's immune system, pre-surgery. This will enable us to identify factors predicting complete cancer clearance, and the occurrence of immune-type side effects. Using highly sophisticated resources available to us here in London, we will develop predictive models enabling better patient management (including possible avoidance of surgery), and identification of key biological differences between major responders and non-responders, to highlight important new targets for the development of even newer and better therapies. RATIONALE: For patients (pts) with stage I-IIIA NSCLC, surgical resection is the SOC. Adjuvant chemotherapy (chemo) offers modest survival benefit and there remains equipoise in the relative value of adjuvant vs neo-adjuvant chemo. Recently, Health Canada approved neo-adjuvant immunotherapy (nivolumab) with platinum-based chemo (chemo/nivo) in pts with resectable (IB-IIIA) non-small cell lung cancer (NSCLC), based on a prospective trial (CM816), showing better event-free (EFS) and overall survival (OS), and pathological complete responses (pCR), making this approach as the new SoC. pCR rates in CM816 were 24% neoadjuvant nivo/chemo compared to 2.2% neoadjuvant chemo alone. In these trials, OS benefit was especially seen in pts with tumors expressing programmed death-ligand 1 (PD-L1) and those with pCR.

We propose a prospective single cohort study to analyze the predictors of pCR in a similar-sized cohort of our pts on the same neo-adjuvant chemo/nivo but employing a range of parameters that are both broader and, in some cases, more sophisticated. We intend to make use of parameters that reflect both the tumor itself as well as the integrity of immune system of the host, obviously a critical determinant of immune-mediated efficacy, yet strangely neglected in the literature. We will then seek to develop an initial predictive model for pCR with a good sensitivity/specificity, as a prelude to refining/testing the model in future work, with a much larger sample.

Noting that immune-related adverse events (IrAE's) are strongly associated with efficacy with immunotherapy, we will not only be including the emergence of early on-treatment IrAE's in our pCR modeling, but also develop an additional model as a subsidiary aim to predict IrAE's themselves. Note the incidence of ≥ grade3 AE's was 33.5% in CM816, and there is currently no available way to predict their occurrence. This is not to suggest such a model, if successful, should be used to deny such pts immune checkpoint inhibitors, but it would allow a more informed consent process, as well as more intensive pro-active monitoring to avoid the worst outcomes of serious IrAE's (which are occasionally fatal) by early intervention.

Major Aim: Development of a model predicting pCR after neo-adjuvant chemo/nivo in pts with resectable NSCLC.

Hypothesis: That an initial model, combining predictive variables from baseline tumor characteristics, baseline factors likely to be associated with host immunity, as well as treatment-emergent events, in pts with resectable NSCLC on neoadjuvant chemo/nivo, can predict a pCR with an area under the Receiver Operator Characteristic (ROC) curve of at least 0.8.

Objectives: Primary Objectives: (1) To explore the feasibility of acquiring a combination of baseline and treatment-emergent potentially predictive variables in pts with early-stage NSCLC subject to neoadjuvant chemo/nivo; (2) To curate these variables and by uni-and multi-variate analyses, to identify those independently useful in predicting pCR in these pts; (3) To combine these independently predictive factors into a model with adequate sensitivity and specificity.

Secondary Objectives: (1) To assess outcomes in patients with resectable NSCLC treated with neoadjuvant chemo/immuno; (2) To evaluate exploratory and potential biomarkers for predicting pCR, major pathological responses (MPR), overall response rate (ORR), event-free survival (EFS), overall survival (OS) and IrAE's; (3) To assess if a post-treatment (but pre-surgery) metabolic response by F18-Fluorodeoxyglucose(FDG)-Positron emission tomography(PET)/CT and a blood-only molecular residual disease assay (ctDNA clearance) can accurately predict a pCR added to or instead of a more complex model.

Endpoints: Primary: (1) To determine the predictive power (sensitivity, specificity, ROC characteristic curves) of a model, combining variables, in predicting pCR; (2) To determine whether a similar model can be constructed to predict IrAE's

Secondary Endpoints: (1) Assess pCR, MPR, clinical objective response rates (ORR), EFS and OS; and IrAE's; (2) Exploratory the feasibility of acquiring novel potential biomarkers - e.g., Lymphocyte-activation gene 3 (LAG3), Lysine-specific histone demethylase1A (LSD1), Leukemia inhibitory factor (LIF), Interleukin 6 (IL6), Interleukin 7 (IL7).

Study Population: Participants with histologically confirmed Stage IB-IIIA NSCLC who are considered to have a resectable disease; with available baseline tumor tissue for immunohistochemistry (IHC) and next-generation sequencing (NGS) except those with known epidermal growth factor receptor (EGFR) mutations, anaplastic lymphoma kinase (ALK) or receptor tyrosine kinase (ROS1) translocation; or active, known, or suspected autoimmune disease.

Study Design: A prospective single cohort (N=60) study.

Treatment Details: Patients with resectable stage Ib-IIIa NSCLC will be treated with new SoC, 3 cycles of neoadjuvant nivolumab immunotherapy plus platinum doublet chemo.

Sample Size: Our planned accrual of 60 patients will result in approximately 15 pCRs, assuming an event rate of 25%. This will allow us to explore our potential predictors and their univariable associations with pCR and/or no-pCR outcomes. The top predictors identified in univariable analyses could be used as candidate predictors in a multivariable prediction model. This framework would allow for an exploratory multivariable model predicting no-pCR with up to 9 of the top candidate predictors identified in univariable analyses, and/or up to 3- 4 of the top candidates predicting pCR. This assumes a two-sided type I error rate of 0.0516.

Feasibility: Our centre treats an average 60 patients per year with resectable NSCLC who are eligible for neoadjuvant therapy. As such, we should be able to meet our enrollment goal in approximately 12-14 months.

Significance: A model that can predict pCR could help in identifying pts most likely to benefit from neo-adjuvant chemo/nivo. If subsequently validated such a model would have several applications including pt selection for neo-adjuvant chemo/immuno; potential avoidance of surgery in reliably-predicted pCR pts of morbid thoracotomy; identification of pts needing additional treatments (e.g. CTLA4 inhibitors, or radiotherapy); acquisition of important insights into the biological underpinnings of resistance; and most crucially, identification of novel targets or strategies to overcome resistance. Inclusion Criteria:

* 1\. Participants with histologically confirmed Stage IB (≥ 4 cm), II, IIIA (N2) NSCLC (as per the 8th American Joint Committee on Cancer (AJCC)) who are considered to have resectable disease.

  2\. Measurable disease according to Response Evaluation Criteria in Solid Tumors version 1.1 (RECIST 1.1).

  3\. Participants must have tumor tissue available for PD-L1 immunohistochemical (IHC) testing.

  4\. Eastern Cooperative Group (ECOG) Performance Status 0-2. 5. Able to give informed consent.

Exclusion Criteria:

* 1\. Presence of locally advanced, unresectable, or metastatic disease. 2. Participants with known EGFR mutations, ALK or ROS1 translocation. 3. Subjects with active, known, or suspected autoimmune disease (except subjects with type I diabetes mellitus, residual hypothyroidism due to autoimmune thyroiditis only requiring hormone replacement, skin disorders (such as vitiligo, psoriasis, or alopecia) not requiring systemic treatment).

  4\. Subjects with a condition requiring systemic treatment with either corticosteroids (10 mg daily prednisone or equivalent) or other immunosuppressive medications within 14 days of study drug administration. Inhaled or topical steroids are permitted in the absence of active autoimmune disease.

  5\. Subjects with previous malignancies are excluded unless a complete remission was achieved at least 5 years prior to study entry and no additional therapy is required or anticipated to be required during the study (non-melanoma skin cancer and other indolent malignancies not requiring any treatment and that are unlikely to affect blood-based biomarkers are allowed).",London Health Sciences Centre Research Institute OR Lawson Research Institute of St. Joseph's,ClinicalTrials.gov,2024,"[""OBSERVATIONAL""]","[""Non-small Cell Lung Cancer Stage IB (Resectable)"", ""Non-small Cell Lung Cancer Stage II (Resectable)"", ""Non-small Cell Lung Cancer Stage ⅢA (Resectable)""]","[{""type"": ""OTHER"", ""name"": ""Observational""}]",UNKNOWN,https://clinicaltrials.gov/study/NCT06250829
ClinicalTrials.gov,NCT02630186,,NCT02630186,,,,A Phase 1b/2 Study of the Safety and Efficacy of Rociletinib (CO-1686) Administered in Combination With MPDL3280A in Patients With Activating EGFR Mutation-positive (EGFRm) Advanced or Metastatic Non-small Cell Lung Cancer (NSCLC),"This clinical research study is being carried out in two parts, Phase 1 and Phase 2. The primary purpose of the Phase 1 portion of the study is to observe the safety of the combination of rociletinib and MPDL3280A in EGFR-mutant NSCLC patients.

The primary purpose of the Phase 2 portion of the study is to evaluate the safety and anti-tumor effects of the combination of rociletinib and MPDL3280A, at the best doses for the combination determined in Phase 1, in patients with EGFR-mutant NSCLC. This is a Phase 1b/2, open-label, non-randomized, multicenter study evaluating the safety and efficacy of rociletinib administered in combination with MPDL3280A.

Phase 1: This will be the dose finding phase of the study. Patients will be enrolled to available Dosing Cohort. Patients who have progressed after prior first- or second-generation EGFR TKI, regardless of T790M mutation status, will be enrolled.

Phase 2: Patients will be enrolled into 2 groups. Group A will enroll eligible first-line patients who are EGFR TKI treatment-naïve and chemotherapy-naïve. Group B will enroll eligible patients who have progressed after prior first- or second-generation EGFR TKI, regardless of T790M mutation status. Inclusion Criteria:

* ECOG performance status of 0 or 1
* Adequate hematological and biological function, confirmed by defined laboratory values
* Histologically or cytologically documented metastatic or unresectable, locally advanced or metastatic NSCLC, with one or more activating EGFR mutation (eg, G719X, exon 19 deletion, L858R, L861Q) and absence of exon 20 insertion
* Measurable disease as defined by RECIST v1.1
* Biopsy of tumor tissue for central evaluation, within 60 days prior to the first day of study treatment
* For Phase 1 and Phase 2 Group B, progression after prior 1st or 2nd generation EGFR TKI (eg, erlotinib, gefitinib, afatinib). Previous chemotherapy for NSCLC is allowed.
* For Phase 2 Group A, EGFR TKI treatment-naïve and chemotherapy-naïve

Exclusion Criteria:

* Unresolved toxicities from prior therapy
* Symptomatic, untreated or unstable central nervous system or leptomeningeal metastases
* Previous treatment with rociletinib or MPDL3280A, or other 3rd generation EGFR TKI (eg, AZD-9291, HM61713), or PD 1 axis targeted therapy (eg, anti PD 1 or anti-PD L1)
* Prior treatment with CD137 agonists or other immune checkpoint blockade therapies, including anti-CTLA-4 therapeutic antibodies
* Uncontrolled pleural effusion, pericardial effusion or ascites requiring recurrent drainage procedures
* Uncontrolled hypercalcemia or symptomatic hypercalcemia requiring continued use of bisphosphonate therapy or denosumab (bisphosphonate use for prevention of skeletal events allowed)
* Known hypersensitivity to any component of the MPDL3280A or rociletinib formulations or history or hypersensitivity to chimeric humanized antibodies or fusion proteins
* History of autoimmune disease
* History of prior allogeneic hematopoietic stem cell transplantation or prior solid organ transplantation
* Treatment with systemic immunosuppressive medications within 2 weeks prior to first day of study treatment (inhaled corticosteroids and mineralocorticoids allowed)
* Live attenuated vaccine within 4 weeks prior to first day of study treatment
* Active tuberculosis, active hepatitis, or positive HIV status
* Class II to IV heart failure as defined by the New York Heart Association functional classification system
* Untreated or uncontrolled cardiovascular disease or other symptomatic cardiac dysfunction
* QTCF \> 450 ms, inability to measure QT interval on ECG, personal or family history of long QT syndrome, requirement for medications that have the potential to prolong the QT interval
* History of idiopathic pulmonary fibrosis, organizing pneumonia, drug-induced pneumonitis, idiopathic pneumonitis, or evidence of active pneumonitis on screening chest computerized tomography (CT) scan (history of radiation pneumonitis in radiation field may be allowed)
* Other malignancies within 5 years prior to enrollment, with the exception of carcinoma in situ of the cervix, basal or squamous cell skin cancer, localized prostate cancer, or ductal carcinoma in situ","Clovis Oncology, Inc.",ClinicalTrials.gov,2015,"[""INTERVENTIONAL""]","[""Non-small Cell Lung Cancer""]","[{""type"": ""DRUG"", ""name"": ""Rociletinib""}, {""type"": ""DRUG"", ""name"": ""MPDL3280A""}]",TERMINATED,https://clinicaltrials.gov/study/NCT02630186
ClinicalTrials.gov,NCT04180176,,NCT04180176,,,,"A Multicenter, Low-Interventional Study to Evaluate the Feasibility of a Prospective Clinicogenomic Program","The main purpose of this study is to evaluate the feasibility of a scalable, prospective research program for participants with metastatic non-small cell lung cancer (mNSCLC) or extensive-stage small-cell lung cancer (ES-SCLC) planning to start standard-of-care (SOC) systemic anti-cancer treatment. The study will also examine ctDNA status over the course of treatment as a predictor of response to therapy. Inclusion Criteria:

* Documented diagnosis of mNSCLC or ES-SCLC
* Planned initiation of SOC systemic anti-cancer treatment
* Front-Line Immunotherapy Cohort: Received front-line treatment of an immune blockade therapy including anti-CTLA-4, anti-PD-1, or anti-PD-L1 therapeutic antibody on Protocol GX41563

Exclusion Criteria:

\- Participant actively receiving investigational medicinal product(s) as part of an interventional trial at the time of signing informed consent","Genentech, Inc.",ClinicalTrials.gov,2019,"[""INTERVENTIONAL""]","[""Non-Small Cell Lung Cancer (NSCLC)"", ""Small-Cell Lung Cancer (SCLC)""]","[{""type"": ""OTHER"", ""name"": ""Blood Draw""}]",COMPLETED,https://clinicaltrials.gov/study/NCT04180176
ClinicalTrials.gov,NCT07538193,,NCT07538193,,,,A Study of Iparomlimab and Tuvonralimab in Combination With Chemotherapy as Neoadjuvant Therapy for Resectable Stage III-N2b Non-Small Cell Lung Cancer,"Background: For patients with resectable stage III-N2b non-small cell lung cancer (NSCLC), optimal perioperative treatment strategies remain an area of active investigation. Iparomlimab and tuvonralimab (QL1706) is a novel bifunctional antibody combination targeting PD-1 and CTLA-4, designed to enhance anti-tumor immunity.

Objective: This phase II, single-arm, multicenter study aims to evaluate the efficacy and safety of neoadjuvant iparomlimab and tuvonralimab (QL1706) in combination with platinum-based chemotherapy in patients with resectable stage III-N2b NSCLC.

Study Design and Methods: A total of 28 patients will be enrolled across approximately 4 centers in China. Eligible patients (aged ≥18 years, ECOG PS 0-1) with histologically or cytologically confirmed, resectable stage III-N2b NSCLC (AJCC 9th edition) will receive three cycles of neoadjuvant therapy every three weeks. Patients with non-squamous carcinoma will receive iparomlimab and tuvonralimab (5 mg/kg) plus pemetrexed (500 mg/m²) and carboplatin (AUC 5). Patients with squamous carcinoma will receive iparomlimab and tuvonralimab (5 mg/kg) plus nab-paclitaxel (260 mg/m²) and carboplatin (AUC 5). Surgical resection will be performed within 6 weeks following completion of neoadjuvant therapy. Subsequent adjuvant treatment is at the discretion of the investigator.

Key Eligibility Criteria: Key inclusion criteria include pathologically confirmed T\<sub\>any\</sub\>N2b disease with mediastinal nodal status confirmed by EBUS/EUS or mediastinoscopy, and the determination by multidisciplinary team (MDT) assessment that the tumor is completely resectable (R0). Key exclusion criteria include known EGFR or ALK positive mutations, prior anti-cancer therapy for current lung cancer, active autoimmune disease, or uncontrolled hepatitis B or C.

Study Endpoints: The primary endpoint is the pathological complete response (pCR) rate. Secondary endpoints include major pathological response (MPR) rate, objective response rate (ORR), R0 resection rate, event-free survival (EFS), overall survival (OS), impact on surgical outcomes, and safety. Exploratory endpoints involve biomarker analysis including ctDNA.

Sample Size Rationale: Assuming a null hypothesis pCR rate (P0) of 8.8% (based on historical data) and an expected pCR rate (P1) of 28%, with a two-sided α of 5% and 80% power, 24 patients are required. Factoring in a 15% inoperable rate, the total sample size is 28 patients.

Statistical Analysis: The primary endpoint, pCR rate, and other binary endpoints will be summarized with frequencies, percentages, and their 95% confidence intervals calculated using the Clopper-Pearson method. Time-to-event endpoints (EFS, OS) will be analyzed using the Kaplan-Meier method. Safety data will be summarized descriptively.

Clinical Trial Information: This study is sponsored by The Second Affiliated Hospital of Air Force Medical University, PLA. The Principal Investigator is Dr. Yan Xiaolong. As of September 20, 2024, a total of 16 clinical studies of the Iparomlimab/Tuvonralimab combination antibody had been initiated (see Investigator's Brochure for details). A total of 1,160 subjects had received treatment with the combination antibody, of whom 766 received monotherapy and 394 received combination therapy.

The safety profile of the Iparomlimab/Tuvonralimab combination antibody is consistent with its therapeutic class, with a relatively low incidence of treatment-related Grade 3 or higher toxicities. In monotherapy studies, more than half of the patients experienced treatment-emergent adverse events related to the combination antibody (77.5%), but the incidence of ≥Grade 3 events related to the combination antibody was low (25.4%). Any-grade immune-related adverse events (irAEs) were reported in 47.6% of patients; these were primarily low-grade, resolved after treatment, and considered manageable, with a ≥Grade 3 incidence of 11.9%. In studies of the combination antibody combined with chemotherapy, the AE profile was consistent with the established AE profiles of currently available immune checkpoint inhibitors and standard chemotherapy drugs. Based on the current safety information for the Iparomlimab/Tuvonralimab combination antibody, the safety profile of the investigational drug is considered generally consistent with that exhibited by currently marketed major PD-1 and CTLA-4 immune checkpoint inhibitors, with no unexpected serious safety risks observed. The investigational drug demonstrates a favorable safety and tolerability profile.

Four studies have been initiated independently in the lung cancer field, all with protocols involving combination with chemotherapy.

The DUBHE-L-201/QL1706-201 study is a single-arm, non-randomized, open-label, single-center Phase II clinical study evaluating the safety and efficacy of the Iparomlimab/Tuvonralimab combination antibody combined with chemotherapy ± bevacizumab as first-line treatment for advanced non-small cell lung cancer. The study was divided into five cohorts. Cohorts 1-4 focused on first-line treatment for stage IIIB-IV NSCLC without EGFR/ALK alterations: Cohort 1 enrolled 17 patients with squamous carcinoma, treated with the combination antibody combined with paclitaxel and carboplatin Q3W for 2 cycles, followed by maintenance with the combination antibody; Cohort 2 enrolled 11 patients with squamous carcinoma, treated with the combination antibody combined with paclitaxel and carboplatin Q3W for 4 cycles, followed by maintenance with the combination antibody; Cohort 3 enrolled 12 patients with non-squamous carcinoma, treated with the combination antibody combined with pemetrexed and carboplatin Q3W for 2 cycles, followed by maintenance with the combination antibody; Cohort 4 enrolled 20 patients with non-squamous carcinoma, treated with the combination antibody combined with pemetrexed, carboplatin, and bevacizumab Q3W for 4 cycles, followed by maintenance with the combination antibody, pemetrexed, and bevacizumab. Cohort 5 enrolled 31 patients with non-squamous carcinoma harboring EGFR-sensitive mutations who had progressed on EGFR-TKI therapy, treated with the combination antibody combined with pemetrexed, carboplatin, and bevacizumab Q3W for 4 cycles, followed by maintenance with the combination antibody, pemetrexed, and bevacizumab. The incidence of TRAEs leading to discontinuation was 8.3% in first-line cohorts 1-4 and 3.2% in the EGFR-TKI resistant cohort 5. In first-line treatment, the ORR was 45.0%, median PFS was 6.8 months, the incidence of ≥Grade 3 TRAEs was 31.7%, TRSAE incidence was 25.0%, the incidence of TRAEs leading to dose interruption was 63.3%, the incidence leading to study discontinuation was 8.3%, and no TRAEs led to death. In the EGFR-TKI resistant cohort 5, the ORR was 54.8%, median PFS was 8.5 months, and median OS was 26.5 months.

The DUBHE-L-209/QL1706-209 study is a single-arm, multicenter Phase II clinical study of the Iparomlimab/Tuvonralimab combination antibody combined with carboplatin and etoposide as first-line treatment for extensive-stage small cell lung cancer (ES-SCLC), designed to evaluate safety, tolerability, efficacy, PK characteristics, and immunogenicity. The study enrolled a total of 40 patients with untreated ES-SCLC. During the intensive treatment phase, patients received the combination antibody combined with carboplatin and etoposide Q3W for 4-6 cycles, followed by maintenance with the combination antibody alone. The incidence of ≥Grade 3 TEAEs was 90%, SAE incidence was 50%, irAE incidence was 15%, TEAEs leading to death occurred in 5%, and no TRAEs led to discontinuation or death. The ORR was 89.7%, and median PFS was 5.7 months.

The DUBHE-L-303/QL1706-303 study (NCT05690945 / CTR20223309) is a randomized, double-blind, active-controlled, multicenter Phase III clinical study designed to evaluate the efficacy and safety of the Iparomlimab/Tuvonralimab combination antibody combined with chemotherapy versus tislelizumab combined with chemotherapy in patients with PD-L1 negative, driver gene-negative locally advanced or metastatic NSCLC. The study plans to enroll 650 subjects, randomized 1:1 into two groups. The study includes a screening period (≤28 days from ICF signing to first dose), a treatment period (subjects receive study treatment until end of treatment), and a follow-up period (including safety follow-up and survival follow-up). Subjects will receive the following regimens until disease progression, intolerable toxicity, withdrawal of consent, non-compliance, investigator decision to withdraw, or other protocol-specified reasons (Iparomlimab/Tuvonralimab combination antibody/tislelizumab treatment for a maximum of 2 years \[35 cycles\]). Experimental Group: Iparomlimab/Tuvonralimab combination antibody + pemetrexed + carboplatin (non-squamous), or Iparomlimab/Tuvonralimab combination antibody + paclitaxel + carboplatin (squamous), for 4 cycles, then enter maintenance phase, continuing with Iparomlimab/Tuvonralimab combination antibody + pemetrexed (non-squamous) or Iparomlimab/Tuvonralimab combination antibody alone (squamous). Control Group: Tislelizumab + pemetrexed + carboplatin (non-squamous), or tislelizumab + paclitaxel + carboplatin (squamous), for 4 cycles, then enter maintenance phase, continuing with tislelizumab + pemetrexed (non-squamous) or tislelizumab alone (squamous).

The DUBHE-L-304/QL1706-304 study (NCT05487391/CTR20222281) is a randomized, double-blind, placebo-controlled, multicenter Phase III clinical study evaluating the safety and efficacy of the Iparomlimab/Tuvonralimab combination antibody combined with platinum-based chemotherapy versus placebo combined with platinum-based chemotherapy as adjuvant therapy in patients with completely resected stage I-IIIB NSCLC without EGFR-sensitive mutations and ALK fusion genes. This study randomizes subjects 1:1 into two groups, with approximately 316 subjects in each group (experimental and control). Subjects will receive either the Iparomlimab/Tuvonralimab combination antibody or placebo, concurrently with adjuvant chemotherapy for 2-4 cycles. The Iparomlimab/Tuvonralimab combination antibody or placebo will be administered for 16 cycles, unless: disease recurrence; intolerable adverse events; intercurrent illness preventing continued treatment; investigator decision to withdraw subject; subject withdrawal of consent; subject pregnancy; non-compliance with trial treatment or procedures; other administrative reasons.

In summary, based on relevant study results, perioperative immunotherapy can significantly improve EFS and pCR in patients with N2 stage disease without increasing surgical difficulty, providing a new treatment option for patients with resectable NSCLC, especially those with poorer prognosis stage III-N2 disease. Therefore, this study protocol aims to explore the efficacy and safety of the Iparomlimab/Tuvonralimab combination antibody combined with chemotherapy in the perioperative treatment of resectable stage III-N2b NSCLC, with the expectation of exploring a more effective and safer new perioperative immunotherapy regimen. Inclusion Criteria:

1. Voluntarily join the study and sign the Informed Consent Form (ICF).
2. ≥18 years old, male or female.
3. Histologically or cytologically confirmed T\<sub\>any\</sub\>N2b stage NSCLC (American Joint Committee on Cancer \[AJCC\] 9th edition). Lymph node status must be confirmed by endobronchial ultrasound (EBUS/EUS) or mediastinoscopy for mediastinal lymph nodes. For left-sided stations 5/6 lymph nodes, parasternal mediastinoscopy is recommended to confirm lymph node status; if mediastinoscopy is not performed, station 5/6 lymph node status is diagnosed based on imaging diagnostic criteria.
4. Based on MDT assessment (which must include a thoracic surgeon specialized in oncology), the primary NSCLC is deemed to be completely resectable (R0).
5. At least one measurable lesion as assessed by the investigator per RECIST v1.1.
6. Eastern Cooperative Oncology Group (ECOG) Performance Status score of 0 or 1.
7. Adequate organ function meeting the following requirements (no use of any blood components, cell growth factors, etc., within 14 days before the first dose):

   1. Absolute neutrophil count ≥1.5×10⁹/L;
   2. Platelet count ≥100×10⁹/L;
   3. Hemoglobin ≥90 g/L;
   4. Serum creatinine ≤1.5×upper limit of normal (ULN) or creatinine clearance (CLcr) ≥40 mL/min calculated by the Cockcroft-Gault formula;
   5. Total bilirubin ≤1.5×ULN (patients with Gilbert's syndrome may have ≤3×ULN);
   6. AST and ALT ≤3×ULN;
   7. International normalized ratio (INR) or activated partial thromboplastin time (APTT) ≤1.5×ULN, unless the subject is receiving anticoagulant therapy;
   8. Left ventricular ejection fraction (LVEF) ≥50%.
8. For female patients of non-surgical sterilized or childbearing potential, must agree to use a medically accepted contraceptive method (e.g., intrauterine device, contraceptive pills, or condoms) during the study treatment period and for 3 months after the study treatment period ends; female patients of childbearing potential who are not surgically sterilized must have a negative serum or urine HCG test within 72 hours before the first dose; and must be non-lactating; for male patients with partners of childbearing potential, must agree to use effective contraception during the trial and for 3 months after the last dose of Iparomlimab/Tuvonralimab.

Exclusion Criteria:

1. Known presence of EGFR or ALK positive mutations.
2. History of or concurrent other malignancy within the past 5 years (excluding adequately treated cervical carcinoma in situ, basal cell or squamous cell skin cancer, localized prostate cancer after radical surgery, ductal carcinoma in situ after radical surgery).
3. Prior receipt of any anti-tumor therapy for the current lung cancer (e.g., radiotherapy, chemotherapy, targeted therapy, ablation, or other systemic or local anti-tumor therapies).
4. Current use of immunosuppressants or systemic hormone therapy for immunosuppressive purposes (dose \>10 mg/day prednisone or equivalent) and continued use within 2 weeks before enrollment (Note: Inhaled or topical corticosteroids and adrenal replacement steroids are permitted in the absence of active autoimmune disease).
5. Any active autoimmune disease or history of autoimmune disease, including but not limited to: autoimmune hepatitis, interstitial pneumonia, pulmonary fibrosis, uveitis, enteritis, hepatitis, hypophysitis, vasculitis, nephritis, hyperthyroidism, hypothyroidism.

   1. Subjects with hypothyroidism controlled by hormone replacement therapy alone are eligible;
   2. Subjects with skin diseases not requiring systemic treatment such as vitiligo, psoriasis, alopecia, type 1 diabetes, or childhood asthma that has completely resolved and requires no intervention in adulthood are eligible;
   3. Patients with asthma requiring medical intervention with steroids are not eligible.
6. History of allogeneic hematopoietic stem cell transplantation or organ transplantation (except corneal transplantation).
7. Congenital or acquired immunodeficiency (e.g., HIV-infected individuals).
8. Uncontrolled active hepatitis B (defined as positive hepatitis B surface antigen \[HBsAg\] test at screening with concurrent HBV-DNA test value above the upper limit of normal of the research center's laboratory; subjects with HBV-DNA \<500 IU/mL measured within 28 days before study drug administration and who have received standard local antiviral therapy for at least 4 weeks and are willing to continue antiviral therapy during the study may be enrolled). Subjects with active hepatitis C (defined as positive hepatitis C virus antibody \[HCsAb\] test at screening and positive HCV-RNA).
9. History of severe allergic reactions to other monoclonal antibodies.
10. Vaccination with live vaccine within 30 days before the first dose of study treatment (continuing until 90 days after the last dose of study treatment). Note: Live vaccines include but are not limited to measles, mumps, rubella, varicella/zoster (chickenpox), yellow fever, rabies, BCG, and typhoid vaccines. Inactivated seasonal influenza vaccines, inactivated COVID-19 vaccines, etc., are permitted.
11. Clinically significant cardiovascular or cerebrovascular diseases, including but not limited to:

    1. Myocardial infarction or unstable angina pectoris within 6 months before the first dose;
    2. Stroke or transient ischemic attack within 6 months before the first dose;
    3. Hypertension not controlled with optimal antihypertensive therapy (systolic blood pressure ≥160 mmHg and/or diastolic blood pressure ≥100 mmHg);
    4. Clinically significant arrhythmia that has been stable for ≥14 days before the first dose may be enrolled;
    5. Congestive heart failure (New York Heart Association \[NYHA\] functional class III-IV);
    6. Myocarditis.
12. Systemic infection or other severe infection requiring intravenous antibiotics for \>7 days within 2 weeks before the first study treatment, or unexplained fever \>38.5°C during screening or before enrollment (fever due to tumor causes as judged by the investigator is excluded).
13. Any other condition that, in the investigator's judgment, might affect the study results or lead to premature termination of the study, such as alcoholism, drug abuse, other severe diseases (including mental illness) requiring concomitant treatment, severe laboratory abnormalities, or family or social factors, which could affect patient safety.",Tang-Du Hospital,ClinicalTrials.gov,2026,"[""INTERVENTIONAL""]","[""Carcinoma, Non-Small-Cell Lung (NSCLC)"", ""Neoplasm Staging"", ""Lymphatic Metastasis""]","[{""type"": ""DRUG"", ""name"": ""Iparomlimab and Tuvonralimab combined with Platinum-Based Chemotherapy (Pemetrexed/Carboplatin for Non-squamous; Nab-paclitaxel/Carboplatin for Squamous)""}]",NOT_YET_RECRUITING,https://clinicaltrials.gov/study/NCT07538193
ClinicalTrials.gov,NCT07489066,,NCT07489066,,,,"AN INTERVENTIONAL, OPEN-LABEL, PHASE 2 STUDY TO INVESTIGATE THE SAFETY AND EFFICACY OF PF-08634404 MONOTHERAPY OR IN COMBINATION IN ADULT PARTICIPANTS WITH EARLY-STAGE RESECTABLE OR LOCALLY ADVANCED UNRESECTABLE NON-SMALL CELL LUNG CANCER","This study is being done to learn more about a new medicine called PF-08634404. The study team wants to understand how well it works when given alone or with chemotherapy. The study is for adults with early stage or locally advanced non-small cell lung cancer (NSCLC) that may or may not be removable with surgery.

The study is seeking participants who:

* Are aged 18 years or older
* Have either:

  * Early-stage or locally advanced (Stage II or IIIA/B) NSCLC and are a candidate for neoadjuvant therapy, followed by surgical removal of the tumor. Neoadjuvant therapy is a treatment given as a first step to shrink the tumor before surgery.
  * Early-stage or locally advanced (Stage II or IIIA/B) NSCLC and are a candidate for adjuvant therapy and did not achieve a pathological complete response (pCR) from approved treatment that was administered before surgery. Adjuvant therapy is an additional cancer treatment given after the primary treatment to lower the risk that the cancer will come back. pCR is defined as absence of viable tumor in all surgically removed samples.
  * Locally advanced (Stage III) NSCLC that may not be removable with surgery, was treated with concurrent chemoradiotherapy (cCRT), and is a candidate for additional treatment, otherwise known as consolidation therapy. cCRT is chemotherapy and radiation given simultaneously.
* Be in good physical condition and have healthy organs based on medical tests.
* Do not have known actionable changes in DNA

The study has 3 parts and each participant will be assigned to one part by their doctor based on their disease diagnosis:

* Part A will test PF-08634404 given with chemotherapy in the neoadjuvant setting, followed by surgery.
* Part B will test PF-08634404 alone in adults who already were treated with neoadjuvant chemo-immunotherapy, underwent surgery, and did not achieve pCR per tumor tissue pathology analysis. Neoadjuvant chemo-immunotherapy refers to the combination of chemotherapy with immunotherapy per local standard-of-care, given before surgical removal of the tumor.
* Part C will test PF-08634404 alone in adults with unresectable disease who received cCRT and did not have progressive disease. Progressive disease refers to a condition that grows, spreads, or worsens.

All treatments will be done at clinical study sites, where a trained medical team will monitor adults during and after each visit. Inclusion Criteria:

* 18 years of age or older at screening.
* Have tumor tissue available, either paraffin block or slides from a core, excisional or fine needle biopsy
* PD-L1 status available based on local testing results
* Adequate organ function
* Eastern Cooperative Oncology Group performance status (ECOG) score of 0 or 1
* Part A only: Participants must have newly diagnosed, previously untreated, pathologically confirmed early-stage or LA (Stage II or IIIA/B), squamous or non-squamous NSCLC (according to the 9th edition of the Union for International Cancer Control and American Joint Committee on Cancer lung cancer TNM staging system) with disease that is considered resectable, as assessed by a multidisciplinary evaluation, which must include a thoracic surgeon who performs lung cancer surgery as a prominent part of his/her practice. The participant must be a candidate for neoadjuvant therapy followed by complete surgical resection.
* Part B only: Participants must have pathologically confirmed early-stage or LA (Stage II or IIIA/B), squamous or non-squamous NSCLC (according to the 9th edition of the Union for International Cancer Control and American Joint Committee on Cancer lung cancer TNM staging system) and have undergone complete surgical resection. The participant must be considered a candidate for adjuvant therapy and must not have achieved pCR with SOC neoadjuvant chemo-immunotherapy.
* Part C only: Participants must have pathologically confirmed LA, unresectable (Stage III) squamous or non-squamous NSCLC (according to the 9th edition of the Union for International Cancer Control and American Joint Committee on Cancer lung cancer TNM staging system) and have received ≥ 60 Gy of radiation and ≥ 2 cycles of definitive, platinum-based concurrent chemotherapy and achieved SD or better per RECIST 1.1.

Exclusion Criteria:

* Participants with known EGFR and ALK AGAs; documented negative results for EGFR and ALK AGAs are required for participants with non-squamous histology.
* Participants with CNS lesions, including leptomeningeal metastasis, brainstem, meningeal, or spinal cord metastases or compression.
* Participants with clinically significant risk of hemorrhage or fistula are excluded.
* Participants with any history of another malignancy within 3 years before the first dose of study intervention, or any evidence of residual disease from a previously diagnosed malignancy.
* Unresolved toxicities from prior anti-tumor therapy, that did not recover to NCI CTCAE v5.0 Grade 0 or 1.
* Known to have a history of a severe allergy to any component of the study intervention, or a history of severe allergic reaction to chimeric or humanized antibody.
* History of allogeneic organ / hematopoietic stem cell transplantation.
* Participants with any of the following respiratory conditions:

  * Evidence of noninfectious or drug-induced interstitial lung disease (ILD) or pneumonitis
  * Grade ≥3 pulmonary disease unrelated to underlying malignancy
* History of uncontrolled comorbidities within 6 months prior to the first dose including uncontrolled cardiac and cerebrovascular conditions, hypertension, diabetes, significant vascular disease or arterial/severe venous thromboembolic events.
* Major surgery \< 4 weeks or minor surgery \< 3 days prior to first dose of study intervention.
* History of severe bleeding tendency or coagulation dysfunction
* History of esophageal varices, severe ulcers, unhealed wounds, gastrointestinal perforation, abdominal fistula, gastrointestinal obstruction, intra-abdominal abscess, or acute gastrointestinal bleeding within 6 months prior to the first dose.
* Participants with acute, chronic or symptomatic infections including participants positive for active HIV, hepatitis B virus (HBV), or Hepatitis C virus (HCV).
* Participants with history of immunodeficiency
* Any medical or psychiatric condition including recent (within the past year) or active suicidal ideation/behavior (in the past 5 years) or laboratory abnormality that may increase the risk of study participation or make the participant inappropriate for the study.
* Breastfeeding participants, participants of childbearing potential, and male participants who are unwilling to follow contraceptive measures.",Pfizer,ClinicalTrials.gov,2026,"[""INTERVENTIONAL""]","[""Carcinoma"", ""Non-Small-Cell Lung"", ""Lung Cancer (NSCLC)"", ""Lung Neoplasms"", ""Carcinoma, Non-Small-Cell Lung (NSCLC)"", ""Lung Disease"", ""Non-Small Cell Lung Cancer"", ""Non-small Cell Lung Cancer, Non-squamous"", ""Non-small Cell Lung Cancer, Squamous""]","[{""type"": ""BIOLOGICAL"", ""name"": ""PF-08634404""}, {""type"": ""DRUG"", ""name"": ""Chemotherapy Regimen 1""}, {""type"": ""DRUG"", ""name"": ""Chemotherapy Regimen 2""}]",RECRUITING,https://clinicaltrials.gov/study/NCT07489066
ClinicalTrials.gov,NCT04761783,,NCT04761783,,,,BESPOKE Study of ctDNA Guided Immunotherapy,"This is a prospective data collection study of patients with advanced solid tumors who will receive standard of care immunotherapy (IO) and will be monitored with SIGNATERA™ testing. SIGNATERA™ test will be performed at baseline and during routine care. The test results will be part of assessing tumor response. The correlation between SIGNATERA™ test results and subsequent treatment decisions will be examined to compare actual treatment delivered against treatment decisions potentially impacted by SIGNATERA™ results. Treatment administered, tumor assessment results, time to progression, overall survival, physician questionnaires, and patient-reported outcomes will be collected/recorded. Primary Objective:

● To examine the impact of SIGNATERA™ on clinical decision-making regarding continuation, discontinuation, escalation, or de-escalation of immunotherapy.

Secondary Objective:

● To prospectively evaluate the utility of SIGNATERA™ as a tool to detect early evidence of response or progression in patients with advanced solid tumors receiving immune checkpoint inhibitors. Prospective Inclusion Criteria:

1. Male or female patients 18 years of age or older at the time of signing informed consent form (ICF)
2. Any patient with documented metastatic or locally advanced, unresectable cancer of the types within the following cohorts:

   1. Melanoma
   2. Non-small cell lung cancer
   3. Colorectal cancer
3. Patients must be clinically eligible and planned to receive therapy with an anti-neoplastic agent that works by immune checkpoint blockade, anti-PD-1, anti-CTLA-4, or anti-PD-L1:

   1. Pembrolizumab (Keytruda)
   2. Nivolumab (Opdivo)
   3. Ipilimumab (Yervoy)
   4. Durvalumab (Imfinzi)
   5. Cemiplimab (Libtayo)
   6. Atezolizumab (Tecentriq)
   7. Avelumab (Bavencio)
4. Patients must have measurable disease according to RECIST criteria, and at least one lesion that can be accurately measured in at least one dimension as \>10 mm.
5. Patients must be able to follow study visit schedule and willing to provide up to 20 mL of peripheral blood samples at the indicated time points
6. ECOG Performance status 0,1, or 2
7. Able to read, understand and provide written informed consent
8. Willing and able to comply with the study requirements
9. Selected by their HCP to receive SIGNATERA testing according to the current evidence-informed schedule as part of their routine of practice

Prospective Exclusion Criteria:

1. Female patients that are pregnant
2. History of bone marrow or organ transplant
3. Medical condition that would place the patient at risk as a result of blood donation, such as bleeding disorder
4. Serious medical condition that may adversely affect ability to participate in the study
5. Has initiated Immunotherapy

Control Arm Inclusion Criteria:

1. Male or female patients 18 years of age or older at the time of signing informed consent form (ICF)
2. Any patient with documented metastatic or locally advanced, unresectable cancer of the types within the following cohorts:

   1. Melanoma
   2. Non-small cell lung cancer
   3. Colorectal cancer
3. Patients must be clinically eligible and planned to receive therapy with an anti-neoplastic agent that works by immune checkpoint blockade, anti-PD-1, anti-CTLA-4, or anti-PD-L1:

   1. Pembrolizumab (Keytruda)
   2. Nivolumab (Opdivo)
   3. Ipilimumab (Yervoy)
   4. Durvalumab (Imfinzi)
   5. Cemiplimab (Libtayo)
   6. Atezolizumab (Tecentriq)
   7. Avelumab (Bavencio)
4. Patients must have measurable disease according to RECIST criteria, and at least one lesion that can be accurately measured in at least one dimension as \>10 mm.
5. Patients must be able to follow study visit schedule and willing to provide up to 20 mL of peripheral blood samples at the indicated time points
6. ECOG Performance status 0,1, or 2
7. Able to read, understand and provide written informed consent
8. Willing and able to comply with the study requirements
9. Selected by their HCP to receive SIGNATERA testing according to the current evidence-informed schedule as part of their routine of practice

Control Arm Exclusion Criteria:

1. Female patients that are pregnant
2. History of bone marrow or organ transplant
3. Medical condition that would place the patient at risk as a result of blood donation, such as bleeding disorder
4. Serious medical condition that may adversely affect ability to participate in the study
5. Has initiated Immunotherapy","Natera, Inc.",ClinicalTrials.gov,2021,"[""OBSERVATIONAL""]","[""Colorectal Cancer"", ""Melanoma"", ""Non-small Cell Lung Cancer""]",[],COMPLETED,https://clinicaltrials.gov/study/NCT04761783
ClinicalTrials.gov,NCT05925530,,NCT05925530,,,,"A Multicentre, Phase II, Single-Arm, Interventional Study of Neoadjuvant Durvalumab and Platinum-based Chemotherapy (CT), Followed by Either Surgery and Adjuvant Durvalumab or Chemoradiotherapy (CRT) and Consolidation Durvalumab, in Participants With Resectable or Borderline Resectable Stage IIB-IIIB Non-small Cell Lung Cancer (NSCLC)","The purpose of this study is to assess efficacy and safety of neoadjuvant durvalumab in combination with platinum-based chemotherapy (CT) given as initial therapy after cancer diagnosis followed by either surgery and adjuvant durvalumab or chemoradiotherapy (CRT) and consolidation durvalumab given alone as further therapy in participants with resectable and borderline resectable stage IIB-IIIB NSCLC. This will be a multicentre, Phase II, single-arm, global study assessing the efficacy and safety of neoadjuvant durvalumab and platinum-based CT, given intravenously, followed by either surgery and adjuvant durvalumab or definitive CRT and consolidation durvalumab in participants with resectable and borderline resectable stage IIB-IIIB NSCLC.

Neoadjuvant Period A:

All participants will initially receive 2 cycles of neoadjuvant durvalumab + CT (investigator's choice platinum-based) every three weeks. Participants will be assessed for resectability by a multidisciplinary team.

Neoadjuvant Period B:

Cohort 1: Participants who are deemed eligible for surgery will receive study intervention every three weeks for an additional one and up to two cycles, followed by surgery.

CRT:

Cohort 2: Participants with unresectable tumours (according to MDT re-assessment) will receive definitive CRT (6 one-week cycles) for approximately six weeks.

Both cohorts will then go on to receive durvalumab every four weeks until disease progression or recurrence or up to one year. Inclusion Criteria:

* Deemed resectable or borderline resectable at baseline, confirmed by MDT evaluation at diagnosis.
* Previously untreated and pathologically confirmed Stage IIB to select \[i.e.N2\] Stage IIIB by AJCC v8.
* Nodal status confirmed with whole body FDG-PET and biopsy via endobronchial ultrasound, mediastinoscopy, or thoracoscopy.
* Mandatory brain MRI.
* EGFR and ALK wild-type.
* Medically operable: adequate cardiac and lung function to undergo resection.
* Participant must be ≥ 18 years, at the time of screening.
* Histologically or cytologically documented NSCLC.
* Minimum life expectancy of 12 weeks.
* Minimum body weight of 30 kg.
* Male and female participants must be willing to use acceptable methods of contraception.
* Female participants of childbearing potential must have negative pregnancy test.

Exclusion Criteria:

* Unresectable NSCLC confirmed by MDT evaluation at baseline
* Stage IIIC patients
* Participants whose planned surgery at enrollment is a wedge resection
* Known EGFR mutation or ALK translocation
* Participants contraindicated for surgical intervention due to comorbid conditions
* Participants who are allergic to study intervention.
* Participants with more than one primary tumour.
* Known active hepatitis infection, positive HCV antibody, HBsAg or HBV core antibody (anti-HBc), at screening.
* Female participants who are pregnant or breastfeeding.
* Judgement by the investigator that the participant should not participate in the study.
* Previously infected or tested positive for human immunodeficiency virus.",AstraZeneca,ClinicalTrials.gov,2023,"[""INTERVENTIONAL""]","[""Non-small Cell Lung Cancer""]","[{""type"": ""DRUG"", ""name"": ""Durvalumab""}]",ACTIVE_NOT_RECRUITING,https://clinicaltrials.gov/study/NCT05925530
ClinicalTrials.gov,NCT04490564,,NCT04490564,,,,"A Clinical Performance Study to Validate the Use of Novel Molecular Diagnostic Assays for the Detection of Cancer Biomarkers in Peripheral Blood and Primary Tumor Tissue of Patients With Recurrent/Metastatic HNSCC, NSCLC or Melanoma.","Conventional biopsy and surgical tumor resection are invasive procedures that capture only one instance of the progression of the tumor. However, the genome of tumor is not static, but it is constantly altered during treatment.

Liquid biopsy is a non-invasive approach based on the extraction of information through peripheral blood analysis. It makes it possible to characterize the development of a solid tumor in real time, through detailed molecular analysis of circulating genetic material in peripheral blood. Conventional biopsy and surgical tumor resection are invasive procedures that capture only one instance of the progression of the tumor. However, the genome of tumor is not static, but it is constantly altered during treatment.

Liquid biopsy is a non-invasive approach based on the extraction of information through peripheral blood analysis. It makes it possible to characterize the development of a solid tumor in real time, through detailed molecular analysis of circulating genetic material in peripheral blood.

Study procedure:

1. Initial Visit (V0-Baseline): For the purposes of the study the following information will be collected: the demographics, medical and social history, the characteristics of the disease (stage, molecular characterization e.t.c) and the treatment regimen that is followed. As part of the visit, 20 mL of peripheral blood will be drawn prior to their treatment according to physician's suggestion as per common clinical practice. Blood samples will be then sent to ACTC laboratory for plasma/CTC isolation, DNA and RNA extraction and subsequent test for biomarkers. Primary tumor tissue samples will be also collected.
2. Follow-up visit (V1): All patients will provide a 10 mL peripheral blood sample during their planned visit at the end of a series of immunotherapy cycles as per clinical practice and physician's judgment. More specifically:

   For HNSCC/NSCLC: at the end of four (4) treatment cycles with nivolumab (2 months) or at the end of three (3) treatment cycles with pembrolizumab (2 months) or on disease progress (PD) For melanoma: at 6 months after treatment initiation (antiPD-1) Blood samples will be then sent to laboratory for plasma/CTC isolation, DNA and RNA extraction and subsequent test for biomarkers. Clinical response (CR, PR, SD, PD) will be also documented.
3. Follow-up visit (V2): All patients will provide a 10 mL peripheral blood sample on progress of the disease or at the end of the observation period, as diagnosed during their planned visit as per clinical practice and physician's judgment. Blood samples will be then sent to laboratory Inclusion Criteria:

1. Male or female aged ≥ 18 years of age.
2. Patients with a diagnosis of

   1. recurrent or metastatic head and neck squamous cell carcinoma (HNSCC), who are going to receive PD-1 inhibitor nivolumab OR
   2. metastatic Non-Small Cell Lung Cancer (NSCLC), who are going to receive PD-1 inhibitor, e.g. nivolumab, pembrolizumab,OR
   3. metastatic melanoma, who are going to receive to receive PD-1 inhibitor, e.g. nivolumab, pembrolizumab.
3. Available tumor tissue sample for immunohistochemical and molecular analysis.
4. Life expectancy ≥ 4 months.
5. Signed informed consent form.

Exclusion Criteria:

1. Male or female younger than 18 years old.
2. History of another malignancy within 3 years or current 2nd primary malignancy.
3. Patients that have not signed the informed consent.",Pharmassist Ltd,ClinicalTrials.gov,2020,"[""OBSERVATIONAL""]","[""Head and Neck Squamous Cell Carcinoma"", ""Non Small Cell Lung Cancer"", ""Melanoma""]","[{""type"": ""DIAGNOSTIC_TEST"", ""name"": ""PD-L1 Kit""}]",COMPLETED,https://clinicaltrials.gov/study/NCT04490564
ClinicalTrials.gov,NCT06810609,,NCT06810609,,,,Prospective Randomized Phase II Trial on Induction Immunochemotherapy Followed by Surgery or Definitive Chemoradiation and Consolidation Durvalumab (MEDI4736) in Resectable and Borderline Resectable Stage IIIA/B NSCLC,"The hypothesis of the study is that induction immunochemotherapy, followed by surgery or chemoradiation and consolidation Durvalumab immunotherapy, can significantly improve event-free survival in patients with resectable or borderline resectable NSCLC at stage IIIA/B compared to existing treatment methods. Inclusion Criteria:

1\. Patient is capable of giving signed informed consent which includes compliance with the requirements and restrictions listed in the informed consent form (ICF) and in this protocol. Written informed consent and any locally required authorization (European Union \[EU\] Data Privacy Directive in the EU) obtained from the patient/legal representative prior to performing any protocol-related procedures, including screening evaluations.

2\. Patient is willing and able to comply with the protocol for the duration of the study 3. Age ≥ 18 years and \< 75 years. 4. All sex and gender. 5. Female patients of childbearing potential as well as male patients with partners of childbearing potential must agree to always use a highly effective form of contraception according to the Clinical Trials Facilitation and Coordination Group (CTFG) during the course of this study and for at least 90 days after the last dose of durvalumab or 6 months after the last dose of chemotherapy, whichever occurs last.

6\. Evidence of post-menopausal status or negative serum pregnancy test for female pre-menopausal patients. Women will be considered post-menopausal if they have been amenorrhoeic for 12 months without an alternative medical cause.

7\. Histologically and / or cytologically proven NSCLC (EGFRm-, ALK-). 8.

Selected patients with NSCLC stage IIIA/B:

1. IIIA: one or more lymph node levels involved at EBUS/mediastinoscopy T1/T2 N2.
2. IIIB: one or more lymph node levels involved at EBUS/mediastinoscopy T3/T4 N2. 9. Eastern Cooperative Oncology Group (ECOG) performance status of 0 or 1. 10. Given technical/oncologic complete resectability (R0) at the time of inclusion. 11. Sufficient functional reserves for the planned surgery 12. Fulfilment of adequate criteria for functional and medical resectability as described in the European Respiratory Society (ERS)/ European Society of Thoracic Surgeons (ESTS) guidelines (Brunelli et al. 2009) and acceptable general clinical condition for multimodality treatment (interdisciplinary committee).

   13\. Life expectancy of \> 12 weeks. 14. Body weight \> 30 kg. 15.

   Adequate normal organ and bone marrow function as defined below:

a. Hemoglobin ≥ 9.0 g/dL. b. Absolute neutrophil count (ANC) ≥ 1.5 × 109/L. c. Platelet count ≥ 100 × 109/L. d. Serum bilirubin ≤ 1.5 × institutional upper limit of normal (ULN). (This will not apply to patients with confirmed Gilbert's syndrome (persistent or recurrent hyperbilirubinemia that is predominantly unconjugated in the absence of hemolysis or hepatic pathology), who will be allowed only in consultation with their physician.

e. Alanine aminotransferase (ALT/SGPT) and aspartate aminotransferase (AST/SGOT) ≤ 2.5 × institutional ULN.

f. Measured creatinine clearance (CL) ≥ 60 mL/min or calculated creatinine CL ≥ 60 mL/min by the Cockcroft-Gault formula (Cockcroft and Gault 1976) or by 24-hour urine collection for determination of creatinine clearance.

16\. Stable cardiac function (no myocardial infarction (MI) within 6 months, no heart failure NYHA III-IV).

17\. Discussion in a multidisciplinary tumor board which supports participation in this clinical trial, indicating that both chemoradiotherapy and surgery are possible local treatments.

Patients should only be randomized if all of the following inclusion criteria are fulfilled at the time of randomization:

1. Given technical/oncologic complete resectability (R0) at the time of randomization.
2. Sufficient functional reserves for the planned surgery
3. Adequate normal organ and bone marrow function as defined before

   Exclusion Criteria:

1\. Unresectable disease. 2. Mixed histology with areas of small cell carcinoma (neuroendocrine markers). 3. ALK+/ EGFRm disease. 4. Clinically symptomatic vena cava superior syndrome. 5. Diffuse mediastinal involvement. 6. Patients with N3 tumors (IASLC/UICC 8). 7. Invasion of the thoracic aorta (T4 - aorta) or the heart (except left atrium - T4 - heart) or the esophagus (T4 - esophagus), or invasion of spine (T4 - spine) NOTE: T4 with invasion of diaphragm are eligible. 8. Pancoast-syndrome in tumors of the superior sulcus (T3-4 Nx). 9. Metastatic disease (M1). 10. Endobronchial tumor extension to the contralateral main stem bronchus. 11. Lung or heart function not allowing the intended surgical procedure at the time of inclusion.

12\. Prior treatments including prior mediastinal irradiation. 13. Insufficient patients' compliance (e.g., symptomatic psychiatric disorder) or missing written informed consent or definitive refusal for participation.

14\. Prior randomization of treatment in a previous durvalumab clinical study regardless of treatment arm assignment.

15\.

Patients who have received prior anti-PD-1, anti-PD-L1, or anti-CTLA-4:

1. Must not have experienced a toxicity that led to permanent discontinuation of prior immunotherapy.
2. All AEs while receiving prior immunotherapy must have completely resolved or resolved to baseline prior to screening for this study.
3. Must not have experienced a ≥ Grade 3 immune related AE or an immune related neurologic or ocular AE of any grade while receiving prior immunotherapy.

   NOTE: Patients with endocrine AE of ≤ Grade 2 are permitted to be enrolled if they are stably maintained on appropriate replacement therapy and are asymptomatic.
4. Must not have required the use of additional immunosuppression other than corticosteroids for the management of an AE, not have experienced recurrence of an AE if re-challenged, and not currently require maintenance doses of \> 10 mg prednisone or equivalent per day.

   16\. Participation in another clinical study with an investigational product during the last 12 months.

   17\. Concurrent enrollment in another clinical study, unless it is an observational (non-interventional) clinical study or during the follow-up period of an interventional study.

   18\. History of idiopathic pulmonary fibrosis, pneumonitis (including drug induced), organizing pneumonia (i.e., bronchiolitis obliterans, cryptogenic organizing pneumonia, etc.), or evidence of active pneumonitis on screening chest CT scan.

   19\. Any concurrent chemotherapy (other than study therapy), Investigational Product, biologic, or hormonal therapy for cancer treatment. Concurrent use of hormonal therapy for non-cancer-related conditions (e.g., hormone replacement therapy) is acceptable.

   20\. Major surgical procedure (as defined by the Investigator) within 28 days prior to the first dose of durvalumab.

   21\. History of allogenic organ transplantation or a stem cell transplantation. 22.

   Active or prior documented autoimmune or inflammatory disorders (including inflammatory bowel disease \[e.g., colitis or Crohn's disease\], diverticulitis \[with the exception of diverticulosis\], systemic lupus erythematosus, Sarcoidosis syndrome, or Wegener syndrome \[granulomatosis with polyangiitis, Graves' disease, rheumatoid arthritis, hypophysitis, uveitis, etc\]). The following are exceptions to this criterion:

a. Vitiligo or alopecia b. Hypothyroidism (e.g., following Hashimoto syndrome) stable on hormone replacement c. Any chronic skin condition that does not require systemic therapy d. Celiac disease controlled by diet alone e. Patients without active disease in the last 5 years may be included but only after consultation with the study physician 23. Uncontrolled intercurrent illness, including but not limited to, ongoing or active infection, symptomatic congestive heart failure, uncontrolled hypertension, unstable angina pectoris, cardiac arrhythmia, interstitial lung disease, serious chronic gastrointestinal conditions associated with diarrhea, or psychiatric illness/social situations that would limit compliance with study requirement, substantially increase risk of incurring AEs or compromise the ability of the patient to give written informed consent.

24\. History of another primary malignancy except for

a. Malignancy treated with curative intent and with no known active disease ≥ 5 years before the first dose of durvalumab and of low potential risk for recurrence b. Adequately treated non-melanoma skin cancer or lentigo maligna without evidence of disease c. Adequately treated carcinoma in situ without evidence of disease 25. History of active primary immunodeficiency. 26. History of leptomeningeal carcinomatosis. 27. Known active infection including tuberculosis (clinical evaluation that includes clinical history, physical examination and radiographic findings, and TB testing in line with local practice), hepatitis B, hepatitis C, or human immunodeficiency virus (positive HIV-1 or HIV-2). Patients with a past or resolved HBV infection (defined as the presence of hepatitis B core antibody \[anti-HBc\] and absence of HBsAg) are eligible. Patients positive for hepatitis C (HCV) antibody are eligible only if polymerase chain reaction is negative for HCV RNA.

28\.

Current or prior use of immunosuppressive medication within 14 days before the first dose of durvalumab. The following are exceptions to this criterion:

1. Intranasal, inhaled, topical steroids, or local steroid injections (e.g., intra articular injection)
2. Systemic corticosteroids at physiologic doses not to exceed 10 mg/day of prednisone or its equivalent
3. Steroids as premedication for hypersensitivity reactions (e.g., CT scan premedication) 29. Current or prior use of immunostimulatory agents within 14 days before the first dose of durvalumab 30. Receipt of live attenuated vaccine within 30 days prior to the first dose of durvalumab. Note: Patients, if enrolled, should not receive live vaccine whilst receiving study treatment and up to 90 days after the last dose of study treatment.

   31\. Female patients who are pregnant or breastfeeding or male or female patients of reproductive potential who are not willing to employ effective birth control from screening to 90 days after the last dose of durvalumab or 6 months after the last dose of chemotherapy, whichever occurs last.

   32\. Known allergy or hypersensitivity to any of the study drugs or any of the study drugs excipient.

   33\. Any medical contraindication to treatment with platin-based doublet chemotherapy as listed in the applying SmPCs.

   34\. Judgment by the investigator that the patient is unsuitable to participate in the study and the patient is unlikely to comply with study procedures, restrictions and requirements.

   Patients should not be randomized if any of the following exclusion criteria are fulfilled at the time of randomization:

   1\. Complete remission after induction immunochemotherapy. 2.

   Any unresolved toxicity NCI CTCAE Grade ≥ 2 from previous immunochemotherapy with the exception of alopecia, vitiligo, and the laboratory values defined in the inclusion criteria:

a. Patients with Grade ≥ 2 neuropathy will be evaluated on a case-by-case basis after consultation with the Study Physician.

b. Patients with irreversible toxicity not reasonably expected to be exacerbated by treatment with durvalumab may be included only after consultation with the Study Physician (exception: alopecia).

3\. Allergy or hypersensitivity to durvalumab or concurrent chemotherapy drugs or any excipient appearing for the first time during previous immunochemotherapy.","University Hospital, Bonn",ClinicalTrials.gov,2025,"[""INTERVENTIONAL""]","[""Lung Cancer Non-Small Cell Cancer (NSCLC)""]","[{""type"": ""PROCEDURE"", ""name"": ""surgery (any volume) and / or pharmaceuticals treatment initiated or planned or only dynamic observation, in accordance with current clinical guidelines""}, {""type"": ""RADIATION"", ""name"": ""Chemoradiotherapy""}, {""type"": ""DRUG"", ""name"": ""Immunotherapy""}]",RECRUITING,https://clinicaltrials.gov/study/NCT06810609
ClinicalTrials.gov,NCT03770299,,NCT03770299,,,,A Phase 2 Multi-Center Randomized Trial to Assess Early Intervention With Adjuvant Nivolumab in Non-Small Cell Lung Cancer Participants With ctDNA-detected Minimal Residual Disease After Surgical Resection,"The purpose of this study is to determine if nivolumab added to the standard of care therapy (SOC) given after surgery is more effective than SOC alone in prolonging disease free survival in NSCLC participants with minimal residual disease detected after surgery. Inclusion Criteria prior to Surgery:

* Suspected or histologically confirmed Stage IIA to IIIB NSCLC with disease that is considered resectable
* Must be deemed eligible for complete resection and must agree to undergo standard of care surgery for complete resection of NSCLC
* Treatment naive (no previous systemic treatment)

Inclusion Criteria prior to Treatment Randomization:

* Must have undergone complete surgical resection of their Stage IIA to IIIB NSCLC
* Must have adequately recovered from surgery at the time of randomization
* Minimal residual disease (MRD) positive results as detected by ctDNA

Exclusion Criteria prior to Surgery:

* Participants with known EGFR mutations which are sensitive to available targeted inhibitor therapy (Prior to treatment randomization in select sites)
* Active, known or suspected autoimmune disease
* Participants with a condition requiring systemic treatment with either corticosteroids (\> 10 mg daily prednisone equivalent) or other immunosuppressive medications within 14 days of randomization

Exclusion Criteria prior to Treatment Randomization:

* Must continue to meet Exclusion Criteria prior to Surgery
* Must have no evidence of metastatic disease after surgery
* Received a live/attenuated vaccine within 30 days of first treatment

Other protocol defined inclusion/exclusion criteria apply",Bristol-Myers Squibb,ClinicalTrials.gov,2018,"[""INTERVENTIONAL""]","[""Non-Small Cell Lung Cancer"", ""Non-Small-Cell Lung Carcinoma"", ""Circulating Tumor DNA""]","[{""type"": ""BIOLOGICAL"", ""name"": ""Nivolumab""}, {""type"": ""DRUG"", ""name"": ""Vinorelbine""}, {""type"": ""DRUG"", ""name"": ""Gemcitabine""}, {""type"": ""DRUG"", ""name"": ""Docetaxel""}, {""type"": ""DRUG"", ""name"": ""Pemetrexed""}, {""type"": ""DRUG"", ""name"": ""Cisplatin""}, {""type"": ""DRUG"", ""name"": ""Carboplatin""}, {""type"": ""DRUG"", ""name"": ""Paclitaxel""}, {""type"": ""OTHER"", ""name"": ""Observation""}]",WITHDRAWN,https://clinicaltrials.gov/study/NCT03770299
ClinicalTrials.gov,NCT03664024,,NCT03664024,,,,"A Phase II Trial to Investigate Genetic Markers of Response to Pembrolizumab (MK-3475, SCH 900475) Combined With Chemotherapy as a First-line Treatment for Non-Small Cell Lung Cancer (KEYNOTE-782)","Participants with Stage IV nonsquamous non-small cell lung cancer (NSCLC) without prior systemic treatment will be treated with standard of care pembrolizumab combined with platinum-doublet chemotherapy for 4 cycles, then pembrolizumab plus pemetrexed maintenance for up to 31 additional cycles. The platinum doublet would be pemetrexed plus the investigator's choice of either cisplatin or carboplatin. The primary objective is to evaluate if total baseline tumor mutation burden (TMB) in cell-free circulating tumor deoxyribonucleic acid (ctDNA) is predictive of objective response per Response Evaluation Criteria in Solid Tumors Version 1.1 (RECIST 1.1) by the investigator by estimating the level of association. Inclusion Criteria:

* Has a histologically-confirmed or cytologically-confirmed diagnosis of stage IV (M1a, M1b, or M1c \[AJCC 8th edition\]) nonsquamous NSCLC.
* Have confirmation that epidermal growth factor receptor- (EGFR-), anaplastic lymphoma kinase- (ALK-), c-ros oncogene 1 (ROS1), or B isoform of rapidly accelerated fibrosarcoma (BRAF) directed therapy is not indicated as primary therapy. Documentation of the absence of tumor activating EGFR mutations, BRAF mutations, ALK gene rearrangements, and ROS1 gene rearrangements is required.
* Has measurable disease based on RECIST 1.1 as determined by the local site investigator/radiology assessment. Target lesions situated in a previously irradiated area are considered measurable if progression has been demonstrated in such lesions.
* Has not received prior systemic treatment for their advanced/metastatic NSCLC. Participants who received adjuvant or neoadjuvant therapy are eligible if the adjuvant/neoadjuvant therapy was completed at least 12 months prior to the development of metastatic disease.
* Have provided sufficient evaluable Stage IV, archival, solid tumor tissue sample or newly obtained core or excisional biopsy of a tumor lesion (that was not previously irradiated) for biomarker analysis (Fine Needle Aspiration \[FNA\] samples will not be accepted). Formalin-fixed, paraffin embedded (FFPE) tissue blocks are preferred to slides. Newly obtained biopsies are preferred to archived tissue.
* Has an Eastern Cooperative Oncology Group (ECOG) performance status of 0 or 1 within 10 days prior to the first dose of study treatment.
* A male participant must agree to use contraception through the end of treatment and for at least 120 days, and refrain from donating sperm during this period.
* A female participant is eligible to participate if she is not pregnant, not breastfeeding, and if participant is a woman of childbearing potential (WOCBP), agrees to follow the contraceptive guidance as provided in the protocol through the end of treatment.
* Has adequate organ function.
* Has provided blood for cell-free ctDNA analysis that has been received and determined to be of sufficient quality and quantity by the designated laboratory for the primary endpoint.

Exclusion Criteria:

* Has predominantly squamous cell histology NSCLC. Mixed tumors will be categorized by the predominant cell type.
* Has small cell elements present in NSCLC tumor.
* A WOCBP who has a positive urine pregnancy test within 72 hours prior to treatment allocation.
* Has clinically active diverticulitis, intra-abdominal abscess, gastrointestinal (GI) obstruction, peritoneal carcinomatosis.
* Has a known history of prior malignancy except if the participant has undergone potentially curative therapy with no evidence of that disease recurrence for 2 years since initiation of that therapy.
* Has symptomatic ascites or pleural effusion. A participant who is clinically stable following treatment for these conditions (including therapeutic thoraco- or paracentesis) is eligible.
* If participant received major surgery, they must have recovered adequately from the toxicity and/or complications from the intervention prior to starting study intervention.
* Has received prior radiotherapy within 2 weeks of start of study intervention. Participants must have recovered from all radiation-related toxicities, not require corticosteroids, and not have had radiation pneumonitis. A 1-week washout is permitted for palliative radiation (≤2 weeks of radiotherapy) to non-central nervous system disease.
* Has received prior therapy with a multiple programmed cell death 1 (PD-1)/ (PD-1) receptor/programmed cell death ligand 1 (PD-L1) receptor inhibitor.
* Is expected to require any other form of antineoplastic therapy while on study (including maintenance therapy with another agent for NSCLC, radiation therapy, and/or surgical resection).
* Has received a live vaccine within 30 days prior to treatment.
* Has severe hypersensitivity (≥Grade 3) to pembrolizumab and/or any of its excipients or to another monoclonal antibody.
* Has a known sensitivity to any component of cisplatin, carboplatin or pemetrexed.
* Has active autoimmune disease that has required systemic treatment in past 2 years (i.e., with use of disease-modifying agents, corticosteroids, or immunosuppressive drugs).
* Is on chronic systemic steroids. Participants with asthma that require intermittent use of bronchodilators, inhaled steroids, or local steroid injections would not be excluded from the study.
* Is unable or unwilling to take folic acid or vitamin B12 supplementation.
* Is currently participating in or has participated in a study of an investigational agent or has used an investigational device within 4 weeks prior to the first dose of study intervention.
* Has a diagnosis of immunodeficiency or is receiving chronic systemic steroid therapy (in dosing exceeding 10 mg daily of prednisone equivalent) or any other form of immunosuppressive therapy within 7 days prior the first dose of study drug.
* Has a known additional malignancy that is progressing or has required active treatment within the past 2 years. Note: Participants with basal cell carcinoma of the skin, squamous cell carcinoma of the skin, or carcinoma in situ (eg, breast carcinoma, cervical cancer in situ) that have undergone potentially curative therapy are not excluded.
* Has known active central nervous system (CNS) metastases and/or carcinomatous meningitis.
* Has a history of (non-infectious) pneumonitis that required steroids or has current pneumonitis.
* Has an active infection requiring systemic therapy.
* Has a known history of human immunodeficiency virus (HIV) infection. No HIV testing is required unless mandated by local health authority.
* Has a known history of Hepatitis B (defined as Hepatitis B surface antigen \[HBsAg\] reactive) or known active Hepatitis C virus (defined as HCV ribonucleic acid (RNA) \[qualitative\] is detected) infection.
* Has a history or current evidence of any condition, therapy, or laboratory abnormality that might confound the results of the study, interfere with the participant's participation for the full duration of the study, or is not in the best interest of the participant to participate, in the opinion of the treating investigator.
* Has a known psychiatric or substance abuse disorder that would interfere with cooperating with the requirements of the study.
* Is pregnant or breastfeeding or expecting to conceive or father children within the projected duration of the study, starting with the screening visit through 120 days after the last dose of study intervention.
* Has had an allogenic tissue/solid organ transplant.",Merck Sharp & Dohme LLC,ClinicalTrials.gov,2018,"[""INTERVENTIONAL""]","[""Non-Small Cell Lung Cancer""]","[{""type"": ""DRUG"", ""name"": ""Pembrolizumab""}, {""type"": ""DRUG"", ""name"": ""Pemetrexed""}, {""type"": ""DRUG"", ""name"": ""Carboplatin""}, {""type"": ""DRUG"", ""name"": ""Cisplatin""}]",COMPLETED,https://clinicaltrials.gov/study/NCT03664024
ClinicalTrials.gov,NCT05157542,,NCT05157542,,,,"A Phase Ib Trial on the Safety and Feasibility of Neoadjuvant Low Dose Radiation, Chemotherapy and Durvalumab for Potentially Resectable Stage III Non-small Cell Lung Cancer (NSCLC)","Introduction: Although PACIFIC regimen definitive concurrent chemoradiotherapy (CRT) followed by Durvalumab consolidation therapy is considered the standard of care for most of stage III NSCLC patients, neoadjuvant immunotherapy combined with chemotherapy followed by surgery has shown the trend to be considered for some potentially resectable patients. The rationales for neoadjuvant treatment are tumor regression effect before surgery, early eradication of micrometastasis. Recently the investigators also find some clinical trials exploring the adding of 45 Gy in 25 fractions radiation to the combination of chemotherapy and immunotherapy neoadjuvant therapy and the investigators could see the safety is the most concern, especially the pneumonitis incidence. Low dose radiation could help control the toxicity induced by radiation and has synergic effect with immunotherapy. The aim of this phase Ib study is to assess the safety and feasibility of the combination of the concurrent low dose radiation, chemotherapy and Durvalumab neoadjuvant therapy, to explore which radiation dose is the best among our three-dose designs and evaluate if the combining neoadjuvant therapy could further improve MPR in the meantime no severe toxicities especially the grade 3-4 pneumonitis would happen.

Method: 9 eligible patients with histologically confirmed NSCLC (potentially resectable clinical stage III according to the American Joint Committee on Cancer 8th staging system) are enrolled. Patients receive Chemo (Day1 and 22 nanoparticle albumin-bound paclitaxel 260 mg/m2 and carboplatin AUC 5 ) and durvalumab (Day 1 and 22, 1500mg) and radiotherapy of 10 Gy in 5 fractions, 20 Gy in 10 fractions, 30 Gy in 15 fractions respectively in our three groups from Day1, followed by surgery. After surgery, patients are suggested to be treated with durvalumab for one year (every 4weeks, 1500 mg). The primary endpoints are safety and tolerability. The secondary endpoints are objective response rate (ORR), event-free survival EFS), overall survival (OS), pathologic complete response (pCR), and major pathologic response(MPR) in the primary tumor. biomarker analysis of PD-L1 using cancer tissue and LIPI, ctDNA using blood sample will be conducted pre-and post- neoadjuvant and post-surgery. Inclusion Criteria:

1. Aged 18 ≥ years.
2. Histological or cytological diagnosis of NSCLC by needle biopsy, and potentially resectable stage III confirmed by image logical examinations (CT, PET-CT or EBUS).
3. Eastern Cooperative Oncology Group (ECOG) performance-status score of 0 or 1.
4. Life expectancy is at least 12 weeks.
5. At least 1 measurable lesion according to RECIST 1.1.
6. With the feasibility or anticipated feasibility after neoadjuvant therapy to receive radical surgery;
7. Patients with good function of other main organs (liver, kidney, blood system, etc.):

1\) ANC count ≥1.5×10\^9/L, platelet count ≥100×10\^9/L，hemoglobin ≥90 g/L; 2) the international standard ratio of prothrombin time (INR) and prothrombin time (PT) \< 1.5 times of upper limit of normal (ULN); 3) Partial thromboplastin time (APTT) ≤1.5×ULN; 4) Total bilirubin ≤1.5×ULN; 5) Alanine aminotransferase (ALT) aspartate aminotransferase (AST) ≤2.5×ULN, or ALT and AST ≤5×ULN in the patients with liver metastatic tumor.

8\. Patients with normal lung function can tolerate surgery; 9. Without systematic metastasis (including M1a, M1b and M1c); 10. The patient shall sign the Informed Consent Form.

Exclusion Criteria:

1. Participants who have received any systemic anti-cancer treatment for thymic epithelial tumor, including surgical treatment, local radiotherapy, cytotoxic drug treatment, targeted drug treatment and experimental treatment;
2. Administration of any Chinese medicine against cancer before administration of the drug;
3. Participants with other cancer within five years before the start of this study;
4. Participants with any unstable systemic disease (including active infection, uncontrolled hypertension), unstable angina pectoris, angina pectoris starting in the last three months, congestive heart failure (\>= NYHA) Grade II), myocardial infarction (6 months before admission), severe arrhythmia requiring drug treatment, liver, kidney or metabolic diseases;
5. With activate or suspectable autoimmune disease, or autoimmune para cancer syndrome requiring systemic treatment;
6. Antibiotics were used to treat the infection for 4 weeks prior to the start of the trial;
7. Participants who were systemically treated with corticosteroids (prednisone or other corticosteroids \>10 mg/ day) or other immunosuppressive agents within 2 weeks prior to first administration. In the absence of active autoimmune disease, inhaled or topical corticosteroids and adrenal hormone replacement therapy with a dose of less than 10 mg/ day of prednisone are permitted;
8. Participants who are allergic to the test drug or any auxiliary materials;
9. Participants with active hepatitis B, hepatitis C or HIV;
10. The vaccine was administered within 4 weeks of the start of the trial;
11. Participants who have undergone major surgery or severe trauma in other systems within 2 months before the start of this trial;
12. Pleural effusion, pericardial effusion or ascites that are not clinically controlled and require pleural puncture or abdominal puncture drainage within 2 weeks before inclusion;
13. The patients have active pia meningioma, uncontrolled or untreated brain metastases;
14. Pregnant or lactating women;
15. Participants suffering from nervous system diseases or mental diseases that cannot cooperate;
16. Participated in another therapeutic clinical study;
17. Other factors that researchers think it is not suitable for enrollment.",Sichuan Cancer Hospital and Research Institute,ClinicalTrials.gov,2021,"[""INTERVENTIONAL""]","[""Stage III Non-small Cell Lung Cancer""]","[{""type"": ""DRUG"", ""name"": ""Durvalumab""}, {""type"": ""DRUG"", ""name"": ""nanoparticle albumin bound paclitaxel""}, {""type"": ""RADIATION"", ""name"": ""low dose radiation therapy""}]",UNKNOWN,https://clinicaltrials.gov/study/NCT05157542
ClinicalTrials.gov,NCT04566432,,NCT04566432,,,,Therapeutic ResistAnce and Clonal Evolution Assessed With Liquid Biopsy of NSCLC Patients Treated With Immune Checkpoint Inhibitors (ICIs) or Targeted Therapy,"To evaluate the predictive value of ctDNA in response, relapse for patients treated with immune checkpoint inhibitors or targeted therapy for ALK, ROS1, MET ex14 skipping. In the study, 250 advanced NSCLC patients will be recruited. All the patients will receive tissue biopsy and circultating tumor DNA (ctDNA) liquid biopsy before entry the study. Patients who have no actionable mutations in EGFR or ALK and receive ICIs treatment and patients who carry actionable ROS1 fusion, ALK fusion or MET exon 14 skipping mutation and receive TKI treatment according to guidelines will take liquid biopsy assay to monitor the mutation status. The study will be ended when over 70% of the patients had a progressive disease (PD) in their targeted lesion. Inclusion Criteria:

* Provision of informed consent
* Newly diagnosed and histological or cytological confirmed stage IIIB-IV lung adenocarcinoma or squamous cell carcinoma patients according to the AJCC staging system. The stage IV lung cancer and brain metastasis can be diagnosed by imaging and enhanced CT respectively
* No EGFR mutation in tissue and ctDNA
* Received immune checkpoint inhibitors as the first line therapy
* ECOG performance status 0-2 with expected more than 6 months of survival time
* Willingness to comply with required protocols and give permission to use the data for clinical research and products development

Exclusion Criteria:

* Patients have other primary cancers
* Patients have symptomatic brain metastasis, complications that are associated with brain metastasis or cognitive disorders
* Patients failed in either plasma or tissue sample QC",Geneplus-Beijing Co. Ltd.,ClinicalTrials.gov,2020,"[""OBSERVATIONAL""]","[""Lung Neoplasms"", ""Lung Cancer, Nonsmall Cell"", ""Adenocarcinoma of Lung"", ""Squamous Cell Lung Cancer""]","[{""type"": ""OTHER"", ""name"": ""Observation""}]",COMPLETED,https://clinicaltrials.gov/study/NCT04566432
ClinicalTrials.gov,NCT07703228,,NCT07703228,,,,A Multicenter Clinical Study Evaluating the Efficacy and Safety of Sacituzumab Tirumotecan Combined With Anlotinib as Second-Line Treatment for Patients With Driver Gene-Negative Locally Advanced or Metastatic Non-Squamous Non-Small Cell Lung Cancer,"The goal of this clinical trial is to evaluate whether sacituzumab govitecan (TROP2 antibody-drug conjugate) in combination with anlotinib (multi-target tyrosine kinase inhibitor) can improve treatment efficacy and safety in patients with driver gene-negative locally advanced or metastatic non-squamous non-small cell lung cancer (nsq-NSCLC) after failure of first-line immunotherapy combined with platinum-based chemotherapy.

The main questions it aims to answer are:

Can the combination of sacituzumab govitecan and anlotinib improve progression-free survival (PFS) compared to historical second-line chemotherapy outcomes? What is the objective response rate (ORR) and safety profile of this combination therapy in this patient population? Can baseline multi-omics biomarkers (metabolomics, proteomics, and ctDNA genomics) predict response or resistance to sacituzumab govitecan?

If there is a comparison group:

This is an exploratory single-arm study, and outcomes will be compared with historical controls of second-line chemotherapy in similar patient populations.

Participants will:

Receive sacituzumab govitecan combined with anlotinib according to the study treatment schedule Undergo routine imaging evaluations to assess tumor response Provide peripheral blood samples before treatment for metabolomic, proteomic, and ctDNA genomic analyses Be monitored regularly for treatment response and adverse events 1. Scientific Rationale and Hypotheses This study investigates the synergistic efficacy and safety of combining Lukang-sacituzumab (SKB264/MK-2870), a third-generation TROP2-directed antibody-drug conjugate (ADC), with Anlotinib, a multi-targeted tyrosine kinase inhibitor (TKI).

   Mechanism of Synergy: Preclinical data suggest that anti-angiogenic agents like Anlotinib can ""normalize"" the tumor vasculature. This process reduces tumor interstitial fluid pressure and improves blood perfusion, which is hypothesized to enhance the delivery and intra-tumoral penetration of large-molecule ADCs like Lukang-sacituzumab.

   Target Population Strategy: For driver-gene-negative non-squamous non-small cell lung cancer (nsq-NSCLC) patients who have progressed after first-line immuno-chemotherapy, there is a critical need for chemotherapy-free or novel cytotoxic-enhanced regimens. TROP2 is an ideal target due to its widespread overexpression in this histological subtype.
2. Detailed Statistical Methodology (Simon's Two-Stage Optimal Design) The study utilizes a Simon's Two-Stage Optimal Design to minimize the number of subjects exposed to an potentially ineffective treatment (Type I error rate $\\alpha$ = 0.05, Power $1-\\beta$ = 0.80).

   Stage 1 (Futility Assessment): Initially, 9 evaluable subjects will be enrolled. If 1 or 0 subjects achieve an objective response (CR or PR), the trial will be terminated early for lack of efficacy.

   Stage 2 (Expansion): If 2 or more objective responses are observed in the first 9 subjects, enrollment will continue until a total of 38 evaluable subjects is reached.

   Final Evaluation: At the completion of Stage 2, if 7 or more objective responses are observed across the total 38 subjects, the combination therapy will be considered to have sufficient clinical activity to warrant further phase III investigation.
3. Treatment Administration and Strategy Lukang-sacituzumab Administration: Administered at a dose of 4 mg/kg via intravenous infusion on Day 1 of every 2-week cycle (Q2W). Premedication (e.g., antipyretics and antihistamines) may be administered per institutional guidelines to mitigate infusion-related reactions (IRRs).

   Anlotinib Administration: Administered at a dose of 10 mg orally once daily, from Day 1 to Day 14 of every 3-week cycle (Q3W), followed by a 7-day rest period.

   Dose Intensity Management: If the dosing schedules of the two drugs (Q2W vs Q3W) lead to logistical misalignment, the investigator may adjust the administration window by ±3 days to ensure patient compliance and safety.
4. Safety Management and Toxicities of Interest

   The protocol includes predefined management algorithms for adverse events (AEs) of special interest:

   Hematologic Toxicities: Detailed protocols for the use of Granulocyte Colony-Stimulating Factor (G-CSF) are established for Grade 3/4 neutropenia. Lukang-sacituzumab will be delayed until the absolute neutrophil count (ANC) recovers to $\\geq 1.5 \\times 10\^9/L$.

   Anlotinib-Specific AEs: Mandatory blood pressure monitoring is required. For Grade 3 hypertension (refractory to medication), Anlotinib will be suspended and reduced by one dose level (e.g., 10mg $\\to$ 8mg).

   Immune/ADC-Related Events: Specific monitoring for Interstitial Lung Disease (ILD) or pneumonitis through high-resolution CT (HRCT) scans. Any Grade 2 or higher ILD attributed to the ADC will result in permanent discontinuation.
5. Exploratory Biomarker Research

To further understand the mechanisms of response and resistance, this study includes a mandatory translational research component:

Baseline and Longitudinal Testing: Collection of blood-based biomarkers (ctDNA, circulating proteins) at screening, Cycle 3, and at the time of disease progression (PD).

Correlation Analysis: Researchers will analyze the correlation between TROP2 expression levels (if archival tissue is available) and the depth of response, as well as the impact of multi-target inhibition on the tumor immune microenvironment. Inclusion Criteria:

1. Age ≥18 years, regardless of gender.
2. Histologically or cytologically confirmed locally advanced (Stage IIIB/IIIC) or metastatic (Stage IV) non-squamous NSCLC, progressing after prior anti-PD-1/L1 monoclonal antibody combined with platinum-based doublet chemotherapy.
3. No known driver gene alterations such as EGFR, ALK, ROS1, NTRK, BRAF, MET, KRAS, HER2, RET, etc.
4. At least one measurable target lesion not previously irradiated, assessed by the investigator per RECIST v1.1.
5. ECOG performance status score of 0 or 1.
6. Asymptomatic or locally treated and stable brain metastases are allowed.
7. Life expectancy ≥ 12 weeks.
8. Adequate organ and bone marrow function.
9. Agreement to use effective medical contraception from signing informed consent until 6 months after the last dose.
10. Voluntary participation, signed informed consent, and ability to comply with the protocol.

Exclusion Criteria:

1. Tumors histologically or cytologically confirmed with mixed small cell lung cancer, squamous cell carcinoma, neuroendocrine carcinoma, or carcinosarcoma components.
2. Prior treatment with TROP2-targeted therapy or any drug targeting topoisomerase I (including ADCs).
3. Known meningeal, brainstem, spinal cord metastases and/or compression, or active central nervous system (CNS) metastases.
4. Other malignancies within 3 years prior to dosing (except locally cured tumors like basal cell carcinoma, squamous cell carcinoma of the skin, cervical carcinoma in situ, etc.).
5. Presence of major cardiovascular diseases or risk factors within 6 months prior to dosing (e.g., myocardial infarction, severe arrhythmias, active myocarditis, major vascular disease requiring surgery).
6. Poorly controlled hypertension (systolic \> 160 mmHg and/or diastolic \> 100 mmHg).
7. History of (non-infectious) interstitial lung disease (ILD) or non-infectious pneumonitis requiring steroid treatment, or current active/suspected ILD/pneumonitis.
8. Documented severe dry eye syndrome, severe meibomian gland disease and/or blepharitis, or corneal disease preventing/delaying healing.
9. Active chronic inflammatory bowel disease, gastrointestinal obstruction, severe ulcer, gastrointestinal perforation, abdominal abscess, or acute gastrointestinal bleeding.
10. Risk of esophageal-tracheal or esophageal-pleural fistula.
11. Tumors invading major blood vessels or high risk of fatal bleeding.
12. Bleeding symptoms or any ≥CTCAE grade 3 bleeding event with unhealed wounds, ulcers, or fractures within 1 month prior to first dose.
13. Known active tuberculosis.
14. History of allogeneic organ transplant or allogeneic hematopoietic stem cell transplant.
15. HIV positive, history of AIDS, or active syphilis infection.
16. Major surgery within 4 weeks prior to dosing or planned major surgery during the study.
17. Current use of strong CYP3A4 inducers (must be avoided at least 3 weeks prior).
18. Live vaccine within 30 days prior to dosing or planned during the study.
19. Pregnant or lactating women.
20. Any condition that, in the investigator's opinion, interferes with the evaluation of the study drug or compromises subject safety.","Nanfang Hospital, Southern Medical University",ClinicalTrials.gov,2026,"[""INTERVENTIONAL""]","[""NSCLC (Advanced Non-small Cell Lung Cancer)"", ""NSCLC Stage IIIB~IV"", ""Second-line Therapy"", ""Metastases""]","[{""type"": ""DRUG"", ""name"": ""Sacituzumab tirumotecan""}, {""type"": ""DRUG"", ""name"": ""Anlotinib""}]",ACTIVE_NOT_RECRUITING,https://clinicaltrials.gov/study/NCT07703228
ClinicalTrials.gov,NCT05198154,,NCT05198154,,,,"A Multicenter, Prospective Clinical Study of Circulating Tumor DNA Analysis to Monitor the Risk of Progression After Long-term Benefit to First-line Immunotherapy in Patients With Advanced NSCLC (CR1STAL)","This study aims to explore the correlation of circulating tumor DNA(ctDNA) and the risk of progression in patients with advanced NSCLC who have long-term benefit from first-line immunotherapy (PFS 12 months) Evidence suggests that circulating tumor DNA (ctDNA) analysis can noninvasively identify minimal residual disease (MRD) in clinical oncology. The researches will be sharply increased about ctDNA potential clinical application in the near future. In the early stage of NSCLC, ctDNA has been indicated to identify those at high risk of recurrence after radical surgery. And this study will focus on those patients with advanced NSCLC who have long-term benefit from first-line immunotherapy (PFS 12 months). 10ml plasma will be collected every three months until disease progression to interrogate ctDNA by high-depth panel sequencing, exploring its prediction value about the risk of progression. Meanwhile, the investigators would like to explore the lead time of detectable ctDNA before regular imaging finding. Inclusion Criteria:

* Age ≥ 18 years old
* Advanced non-small cell lung cancer (stage IIIB-IV), pathological types limited to squamous cell carcinoma or non-squamous cell carcinoma, driver gene mutations (EGFR/ALK/ROS1) were negative
* General condition: ECOG score 0 or 1
* First-line monotherapy or combination immunotherapy
* The long-term benefit of immunotherapy was defined as PFS=12months
* Tumor tissue samples can be obtained at the time of enrollment, and at least 5 \~ 10 sections can be generated, and the pathological report indicates that the overall tumor content is not less than 10% or NGS testing with a fixed-panel is available; or no tumor tissue is available.
* At least one measurable lesion (except patients with CR after first-line treatment) can be evaluated according to RECIST1.1 standard.
* Have self-awareness, be able to understand the research scheme and voluntarily participate in the study, and can sign the informed consent form
* Have good compliance, be able to cooperate with the collection of specimens from each node and provide corresponding clinical information.

Exclusion Criteria:

* Serious primary diseases of the heart, liver and kidney
* Other malignant tumors within 3 years prior to diagnosis of NSCLC
* Women in pregnancy and lactation
* The active stage of human immunodeficiency virus (HIV) infection
* Patients with active systemic infection, pneumonia, tuberculosis, pericarditis
* Patients who cannot understand the content of the experiment and cannot cooperate and refuse to sign informed consent.",Second Xiangya Hospital of Central South University,ClinicalTrials.gov,2022,"[""OBSERVATIONAL""]","[""Advanced Lung Non-Small Cell Carcinoma""]","[{""type"": ""DIAGNOSTIC_TEST"", ""name"": ""ctDNA detection""}]",RECRUITING,https://clinicaltrials.gov/study/NCT05198154
ClinicalTrials.gov,NCT07748325,,NCT07748325,,,,"Adjuvant Immune Checkpoint Inhibitor Versus Observation in Patients With Completely Resected Non-Small Cell Lung Cancer at High Risk of Recurrence After Neoadjuvant Immunochemotherapy: A Multicenter, Randomized, Open-Label, Phase II Trial","This multicenter, randomized, open-label, phase II trial is designed to evaluate the efficacy and safety of adjuvant sintilimab in patients with completely resected non-small cell lung cancer who remain at high risk of recurrence after neoadjuvant immunochemotherapy.

Approximately 100 eligible participants will be randomly assigned in a 1:1 ratio to receive either adjuvant sintilimab or observation. Participants assigned to the experimental arm will receive sintilimab at a dose of 200 mg intravenously every 4 weeks for up to 1 year, unless disease recurrence or progression, unacceptable toxicity, withdrawal of consent, or another protocol-defined discontinuation criterion occurs.

The primary outcome is the 18-month disease-free survival rate. Secondary outcomes include disease-free survival, overall survival, and safety. Peripheral blood and tumor tissue samples will also be collected for exploratory analyses of ctDNA, antitumor immune responses, and tumor immune microenvironment biomarkers. Although perioperative immune checkpoint inhibitor therapy has improved outcomes in patients with resectable non-small cell lung cancer, the contribution of postoperative immunotherapy following neoadjuvant immunochemotherapy remains uncertain. In particular, it is unclear whether patients with residual high-risk clinicopathologic or molecular features after complete resection derive additional benefit from adjuvant immune checkpoint inhibition.

This prospective, multicenter, randomized, open-label, phase II trial will enroll patients with completely resected non-small cell lung cancer who previously received 2 to 4 cycles of neoadjuvant immune checkpoint inhibitor therapy combined with chemotherapy and who have at least one protocol-defined high-risk feature for postoperative recurrence.

High-risk features include pathologic lymph-node involvement, postoperative pathologic T2 or higher disease, failure to achieve a major pathologic response, pleural invasion, intravascular tumor emboli, high-risk histologic components, or detectable molecular residual disease.

Eligible participants will be randomly assigned in a 1:1 ratio to receive adjuvant sintilimab or observation. Sintilimab will be administered intravenously at a dose of 200 mg every 4 weeks for up to 1 year. Participants in both groups will undergo protocol-defined surveillance for disease recurrence, survival, and adverse events.

The primary objective is to compare the 18-month disease-free survival rate between the two groups. Secondary objectives include the evaluation of disease-free survival, overall survival, and safety. Exploratory objectives include assessment of peripheral and tumor-associated immune biomarkers, T-cell responses, molecular residual disease dynamics, and their associations with clinical outcomes. Inclusion Criteria:

1. Male or female participants aged 18 to 75 years.
2. Histologically or cytologically confirmed non-small cell lung cancer.
3. Completion of 2 to 4 cycles of neoadjuvant immune checkpoint inhibitor therapy combined with chemotherapy, followed by complete (R0) surgical resection.
4. At least one of the following protocol-defined high-risk features for postoperative recurrence:

   * Pathologic lymph-node involvement;
   * Postoperative pathologic T2 or higher disease;
   * Failure to achieve a major pathologic response, defined as more than 10% residual viable tumor cells in the primary tumor;
   * Pleural invasion;
   * Intravascular tumor emboli;
   * High-risk histologic components, including solid, micropapillary, or adenosquamous components;
   * Detectable molecular residual disease.
5. For participants with lung adenocarcinoma, absence of sensitizing EGFR mutations and ALK rearrangements. Molecular testing is not mandatory for participants with squamous cell carcinoma according to the current protocol.
6. Eastern Cooperative Oncology Group performance status of 0 or 1.
7. Adequate organ function within 7 days before randomization, as demonstrated by all of the following:

   * Hemoglobin of at least 90 g/L;
   * Absolute neutrophil count of at least 1.5 × 10\^9/L;
   * Platelet count of at least 75 × 10\^9/L;
   * Total bilirubin no greater than 1.5 times the upper limit of normal;
   * Alanine aminotransferase and aspartate aminotransferase no greater than 2.5 times the upper limit of normal;
   * Serum creatinine no greater than 1.5 times the upper limit of normal or creatinine clearance of at least 60 mL/min;
   * Left ventricular ejection fraction of at least 50%;
   * International normalized ratio or prothrombin time no greater than 1.5 times the upper limit of normal.
8. Women of childbearing potential must have a negative pregnancy test within 7 days before the first dose and must agree to use effective contraception during the study and for 3 months after the last dose of study treatment. Male participants with partners of childbearing potential must agree to use effective contraception during the study and for 8 weeks after the last dose.
9. Ability to understand the study requirements, willingness to provide written informed consent, and ability to comply with study treatment and follow-up procedures.

Exclusion Criteria:

1. Small cell lung cancer or non-small cell lung cancer containing a small cell carcinoma component.
2. Incomplete resection, including R1 or R2 resection, or salvage surgery.
3. Clinically significant malnutrition as determined by the investigator.
4. A history of clinically significant immune-related adverse events during prior treatment, including grade 3 or higher immune-mediated pneumonitis, myocarditis, or another serious immune-related adverse event that, in the investigator's judgment, makes further immune checkpoint inhibitor therapy unsafe.
5. Signs, symptoms, or a known history of clinically significant interstitial lung disease.
6. Any severe or uncontrolled concurrent medical condition, including:

   * Inadequately controlled hypertension;
   * Grade 2 or higher myocardial ischemia, myocardial infarction, clinically significant arrhythmia, corrected QT interval of at least 480 milliseconds, or New York Heart Association class II or higher heart failure;
   * Active or uncontrolled infection of grade 2 or higher;
   * Decompensated liver disease, active hepatitis, or chronic viral hepatitis requiring antiviral therapy;
   * Renal failure requiring hemodialysis or peritoneal dialysis;
   * Known human immunodeficiency virus infection, another acquired or congenital immunodeficiency disorder, or a history of organ transplantation;
   * Poorly controlled diabetes mellitus, defined as fasting blood glucose greater than 10 mmol/L;
   * Urine protein of 2+ or greater with a 24-hour urinary protein level greater than 1.0 g;
   * Clinically significant coagulation abnormalities or an increased risk of bleeding;
   * A seizure disorder requiring treatment.
7. A concurrent active malignancy, except for malignancies specifically permitted by the final protocol.
8. An active autoimmune disease or another immune-mediated disease requiring systemic treatment.
9. Long-term treatment with systemic immunosuppressive therapy or systemic corticosteroids, except for protocol-permitted physiologic replacement therapy.
10. An active psychiatric disorder, cognitive impairment, or another condition that would prevent provision of informed consent or adherence to study treatment and follow-up.
11. Any other condition that, in the investigator's judgment, makes the participant unsuitable for the study.",Sichuan University,ClinicalTrials.gov,2026,"[""INTERVENTIONAL""]","[""Non-Small Cell Lung Cancer"", ""Adjuvant Therapy"", ""Immune Checkpoint Inhibitors""]","[{""type"": ""DRUG"", ""name"": ""Sintilimab""}]",RECRUITING,https://clinicaltrials.gov/study/NCT07748325
ClinicalTrials.gov,NCT07119190,,NCT07119190,,,,Construction of a Perioperative Comprehensive Diagnosis and Treatment System for Lung Cancer in the Era of Neoadjuvant Immunotherapy,"The goal of this study is to develop and refine an integrated minimally invasive care pathway for resectable lung cancer in the immunotherapy era, establishing a novel precision perioperative immunotherapy paradigm encompassing original techniques and clinical applications. Lung cancer remains the leading cause of cancer-related mortality in China and globally, imposing a substantial disease burden on society. Although comprehensive treatment strategies centered on surgery have improved patient outcomes, and perioperative immunotherapy-particularly immune checkpoint inhibitors-has profoundly reshaped the therapeutic landscape, significant knowledge gaps and critical challenges persist in this field. These challenges include uncertain beneficiary populations, poorly understood immune mechanisms, inaccurate efficacy prediction, difficult determination of resection margins, controversial efficacy assessment, and lack of effective early warning for adverse reactions.

This study will systematically identify biomarkers for early diagnosis and recurrence monitoring through multi-omic analysis of peripheral blood immune cell subsets and non-invasive liquid biopsies; investigate the tumor immune microenvironment's role in immunotherapy response mechanisms and predict treatment efficacy via multi-omic studies of tissue specimens; develop novel AI- and radiomics-assisted pathological assessment systems and prognostic prediction models; implement perioperative symptom assessment for timely identification of immune-related adverse events (irAEs) while conducting prehabilitation training for perioperative nursing care. Inclusion Criteria:

1. Age ≥ 18 years old;
2. NSCLC patients underwent radical surgical resection;
3. Adequate clinical-pathologic data, imaging data and follow-up data obtainable for multi-omics analysis;
4. Scheduled for or currently receiving neoadjuvant/perioperative immunotherapy.

Exclusion Criteria:

1. Histology of other malignant tumors, including concurrent malignant tumors of other organ systems;
2. Unresectable advanced disease (Stage IV) or locally advanced unresectable (Stage IIIC);
3. Pregnancy or lactation;
4. Insufficient sample quality;
5. Severe organ dysfunction (e.g. cardiac or renal insufficiency);
6. Other judgments by the Investigator that the patient should not participate in the study.",Peking University People's Hospital,ClinicalTrials.gov,2025,"[""OBSERVATIONAL""]","[""Non-Small Cell Lung Cancer""]",[],NOT_YET_RECRUITING,https://clinicaltrials.gov/study/NCT07119190
ClinicalTrials.gov,NCT04944173,,NCT04944173,,,,A Phase II Study of Circulating Tumor DNA Directed Consolidation Durvalumab (MEDI4736) Following Induction and Concurrent Durvalumab with SABR for Stage I NSCLC. SCION: SABR and Checkpoint Inhibition of NSCLC,"The SCION Trial is a clinical trial in patients with early stage non-small cell lung cancer. The purpose of the trial is to investigate whether it is safe and effective to combine standard radiation treatment with a drug called durvalumab, a type of immunotherapy. In addition, the study will use a blood test to look for cancer cell DNA to determine how long treatment with durvalumab should last. Both the use of durvalumab and the use of the blood test are new strategies for managing early stage non-small cell lung cancer. PURPOSE The intent of the study is to determine whether disease control in early non-small cell lung cancer (NSCLC) achieved by stereotactic ablative body radiotherapy (SABR) can be augmented locally, regionally, and distantly by safely combining it with durvalumab. Moreover, the study will assess whether patients who are likeliest to benefit from extended treatment with durvalumab can be predicted by assaying for molecular residual disease (MRD) after initial treatment using the AVENIO assay for circulating tumor DNA (ctDNA).

HYPOTHESIS Combining SABR and Durvalumab in patients with T1-2 N0 M0 NSCLC reduces the overall relapse rate at 18 months by 50% compared with historical controls treated with SABR alone, from 19.3% to 9.7%.

OBJECTIVES Primary

• To determine the overall relapse rate at 18 months in patients with T1-2 N0 M0 NSCLC treated with SABR and Durvalumab.

Secondary

* To determine rates of Local Relapse, Regional Nodal Relapse, Distant Relapse, and Second Primary Lung Cancer in patients with T1-2 N0 M0 NSCLC treated with SABR and Durvalumab.
* To determine rates of Overall Survival, Cause-Specific Survival, and Relapse Free Survival in patients with T1-2 N0 M0 NSCLC treated with SABR and Durvalumab
* To determine rates of pneumonitis, immune-related toxicity, adverse events, serious adverse events in patients with T1-2 N0 M0 NSCLC treated with SABR and Durvalumab.
* To determine the rate of MRD detection using the AVENIO ctDNA assay in patients with T1-2 N0 M0 NSCLC treated with SABR and Durvalumab.
* To compare clinical outcomes between patients with detectable versus undetectable MRD using the AVENIO ctDNA assay following treatment with SABR and Durvalumab.
* To compare clinical outcomes between patients with detectable MRD using the AVENIO ctDNA assay following treatment with SABR and Durvalumab who receive extended Durvalumab versus no further therapy.

STUDY DESIGN Subjects who meet the eligibility criteria will be candidates for enrolment. All subjects will receive one infusion of Durvalumab every 4 weeks for four cycles (4 weeks = 1 cycle), with SABR delivered concurrently with cycle 2. Subjects will be assessed at baseline using the AVENIO assay initially on tumor tissue. This will allow the subsequent evaluation for molecular residual disease (MRD) following cycle 4 to be tumor-informed, and ultrasensitive. Subjects with no detectable ctDNA at the MRD assessment will receive no further therapy. Subjects with detectable ctDNA at the MRD assessment will be randomized to receive either no further therapy or 8 additional cycles of q4w Durvalumab. Safety will be evaluated by recording the occurrence of adverse events, serious adverse events, and laboratory abnormalities, with special attention to pneumonitis and immune-related toxicity.

Future research will be enabled through the collection of biospecimens. Subjects will separately consent to the optional collection of these biospecimens. Blood samples collected for this purpose at multiple timepoints (0, 4, 12, 24 months) will be archived in a biorepository created for this study operated by the BC Cancer Tumour Tissue Repository (Victoria, BC). Stool samples collected for this purpose at multiple timepoints (0, 4, and 12 months) will be archived in the Oncomicrobiome Repository (Montreal, QC). Inclusion Criteria:

1. Subjects must be competent, \>18yo at time of study entry, and capable of giving signed informed consent which includes compliance with the requirements and restrictions listed in the informed consent form (ICF) and in this protocol. Written informed consent and any locally required authorization (e.g., Health Insurance Portability and Accountability Act in the US, European Union \[EU\] Data Privacy Directive in the EU) obtained from the patient/legal representative prior to performing any protocol-related procedures, including screening evaluations.
2. Patients with histological diagnosis of NSCLC, all histological sub-types are eligible
3. Body weight \>30kg
4. ECOG Performance status (PS) 0-2.
5. Tumor stage T1-2 (≤5cm) N0 M0 (8th Edition of the TNM Classification for Lung Cancer) based on CT chest/abdomen, FDG-PET within 12 weeks of enrolment, and, where performed, EBUS-guided biopsy of hilar or mediastinal nodes within 8 weeks of enrolment.
6. Subject deemed medically inoperable, or subject deemed operable but declines surgery following surgical assessment.
7. Peripheral (outside a 2cm radius proximal bronchial tree) and central (within 2cm, but neither abuts nor invades proximal bronchial tree) tumors permitted.
8. Screening laboratory values for organ function must meet the following criteria within 14 days prior to cycle 1 day 1:

   * Bone Marrow: Absolute neutrophils ≥ 1.5 x 10\^9/L; Platelets ≥ 100 x 10\^9/L; Hemoglobin ≥ 90 g/L
   * Kidney: Measured creatinine clearance (CL) \>40 mL/min or Calculated creatinine CL\>40 mL/min by the Cockcroft-Gault formula (Cockcroft and Gault 1976) or by 24-hour urine collection for determination of creatinine clearance:

   Males:

   Creatinine CL (mL/min) = Weight (kg) x (140 - Age)

   ÷ 72 x serum creatinine (mg/dL)

   Females:

   Creatinine CL (mL/min) = Weight (kg) x (140 - Age) x 0.85

   ÷ 72 x serum creatinine (mg/dL)
   * Liver: AST (SGOT)/ALT (SGPT) ≤2.5 x institutional upper limit of normal
   * serum bilirubin ≤ 1.5 X ULN
   * Cardiac: LVEF ≥ 50%
9. No prior chemotherapy or planned adjuvant chemotherapy is allowed
10. Evidence of post-menopausal status or negative urinary or serum pregnancy test for female pre-menopausal patients. Women will be considered post-menopausal if they have been amenorrheic for 12 months without an alternative medical cause. The following age-specific requirements apply:

    * Women \<50 years of age would be considered post-menopausal if they have been amenorrheic for 12 months or more following cessation of exogenous hormonal treatments and if they have luteinizing hormone and follicle-stimulating hormone levels in the post-menopausal range for the institution or underwent surgical sterilization (bilateral oophorectomy or hysterectomy).
    * Women ≥50 years of age would be considered post-menopausal if they have been amenorrheic for 12 months or more following cessation of all exogenous hormonal treatments, had radiation-induced menopause with last menses \>1 year ago, had chemotherapy-induced menopause with last menses \>1 year ago, or underwent surgical sterilization (bilateral oophorectomy, bilateral salpingectomy or hysterectomy).
11. Patient is willing and able to comply with the protocol for the duration of the study including undergoing treatment and scheduled visits and examinations including follow up.
12. Must have a life expectancy of at least 12 weeks.

Exclusion Criteria:

1. Any patient with malignancy which cannot be reliably defined on the treatment planning CT scan due to adjacent opacification from effusion, consolidation, or atelectasis.
2. History of allogenic organ transplantation.
3. History of active primary immunodeficiency
4. Active or prior documented autoimmune or inflammatory disorders (including inflammatory bowel disease \[e.g., colitis or Crohn's disease\], diverticulitis \[with the exception of diverticulosis\], systemic lupus erythematosus, Sarcoidosis syndrome, or Wegener syndrome \[granulomatosis with polyangiitis, Graves' disease, rheumatoid arthritis, hypophysitis, uveitis, etc.\]). The following are exceptions to this criterion:

   1. Patients with vitiligo or alopecia
   2. Patients with hypothyroidism (e.g., following Hashimoto syndrome) stable on hormone replacement
   3. Any chronic skin condition that does not require systemic therapy
   4. Patients without active disease in the last 5 years may be included but only after consultation with the study physician
   5. Patients with celiac disease controlled by diet alone
5. Receipt of live attenuated vaccine within 30 days prior to the first dose of IP. Note: Patients, if enrolled, should not receive live vaccine whilst receiving IP and up to 30 days after the last dose of IP.
6. Active infection including tuberculosis (clinical evaluation that includes clinical history, physical examination and radiographic findings, and TB testing in line with local practice), hepatitis B (known positive HBV surface antigen (HBsAg) result), hepatitis C and HIV. Patients with a past or resolved HBV infection (defined as the presence of hepatitis B core antibody \[anti-HBc\] and absence of HBsAg) are eligible. Patients positive for hepatitis C (HCV) antibody are eligible only if polymerase chain reaction is negative for HCV RNA.
7. History of another primary malignancy except for:

   1. Malignancy treated with curative intent and with no known active disease ≥5 years before the first dose of IP and of low potential risk for recurrence
   2. Adequately treated non-melanoma skin cancer or lentigo maligna without evidence of disease
   3. Adequately treated carcinoma in situ without evidence of disease
8. Participation in another clinical study with an investigational product during the last 2 months
9. Concurrent enrolment in another clinical study, unless it is an observational (non-interventional) clinical study or during the follow-up period of an interventional study
10. Any unresolved toxicity NCI CTCAE Grade ≥2 from previous anticancer therapy with the exception of alopecia, vitiligo, and the laboratory values defined in the inclusion criteria

    1. Patients with Grade ≥2 neuropathy will be evaluated on a case-by-case basis after consultation with the Study Physician.
    2. Patients with irreversible toxicity not reasonably expected to be exacerbated by treatment with durvalumab may be included only after consultation with the Study Physician.
11. Any concurrent chemotherapy, IP, biologic, or hormonal therapy for cancer treatment. Concurrent use of hormonal therapy for non-cancer-related conditions (e.g., hormone replacement therapy) is acceptable.
12. Radiotherapy treatment to more than 30% of the bone marrow or with a wide field of radiation within 4 weeks of the first dose of study drug
13. Previous radiotherapy to the chest or mediastinum. Subjects who have had previous breast radiotherapy may be eligible at the discretion of the Sponsor.
14. Major surgical procedure (as defined by the Investigator) within 28 days prior to the first dose of IP.
15. Uncontrolled intercurrent illness, including but not limited to, ongoing or active infection, symptomatic congestive heart failure, uncontrolled hypertension, unstable angina pectoris, cardiac arrhythmia, interstitial lung disease, serious chronic gastrointestinal conditions associated with diarrhea, or psychiatric illness/social situations that would limit compliance with study requirement, substantially increase risk of incurring AEs or compromise the ability of the patient to give written informed consent
16. Mean QT interval corrected for heart rate using Fridericia's formula (QTcF) ≥470 ms calculated from 3 ECGs (within 15 minutes at 5 minutes apart).
17. Current or prior use of immunosuppressive medication within 14 days before the first dose of durvalumab. The following are exceptions to this criterion:

    1. Intranasal, inhaled, topical steroids, or local steroid injections (e.g., intra articular injection)
    2. Systemic corticosteroids at physiologic doses not to exceed \<\<10 mg/day\>\> of prednisone or its equivalent
    3. Steroids as premedication for hypersensitivity reactions (e.g., CT scan premedication)
18. Female patients who are pregnant or breastfeeding or male or female patients of reproductive potential who are not willing to employ effective birth control from screening to 90 days after the last dose of durvalumab monotherapy.
19. Known allergy or hypersensitivity to any of the study drugs or any of the study drug excipients.
20. Prior randomization or treatment in a previous durvalumab clinical study regardless of treatment arm assignment.
21. Patients who have received prior anti-PD-1, anti PD-L1 or anti CTLA-4:

    1. Must not have experienced a toxicity that led to permanent discontinuation of prior immunotherapy.
    2. All AEs while receiving prior immunotherapy must have completely resolved or resolved to baseline prior to screening for this study.
    3. Must not have experienced a ≥Grade 3 immune related AE or an immune-related neurologic or ocular AE of any grade while receiving prior immunotherapy. NOTE: Patients with endocrine AE of ≤Grade 2 are permitted to enroll if they are stably maintained on appropriate replacement therapy and are asymptomatic.
    4. Must not have required the use of additional immunosuppression other than corticosteroids for the management of an AE, not have experienced recurrence of an AE if re-challenged, and not currently require maintenance doses of \> 10 mg prednisone or equivalent per day.",University of British Columbia,ClinicalTrials.gov,2021,"[""INTERVENTIONAL""]","[""Non Small Cell Lung Cancer"", ""Carcinoma, Non-Small-Cell Lung"", ""Non-small Cell Lung Cancer Stage I"", ""Lung Cancer"", ""Lung Cancer Stage I"", ""Lung Adenocarcinoma, Stage I"", ""Lung Squamous Cell Carcinoma Stage I""]","[{""type"": ""DRUG"", ""name"": ""Durvalumab""}, {""type"": ""RADIATION"", ""name"": ""Stereotactic Body Radiotherapy""}, {""type"": ""DIAGNOSTIC_TEST"", ""name"": ""Circulating Tumor DNA assay""}]",WITHDRAWN,https://clinicaltrials.gov/study/NCT04944173
ClinicalTrials.gov,NCT06173505,,NCT06173505,,,,"A Phase 1b/2, Open-label, Randomized Study of Vudalimab in Combination With Chemotherapy or Pembrolizumab in Combination With Chemotherapy as First-line Treatment in Patients With Advanced Non-small Cell Lung Cancer","The purpose of this study is to identify the recommended dose of vudalimab to be used in combination with chemotherapy (Part 1) and to evaluate the efficacy and safety of vudalimab plus standard of care chemotherapy relative to pembrolizumab plus chemotherapy (Part 2) as first-line treatment in patients with nonsquamous non-small cell lung cancer (NSCLC). This is a Phase 1b/2 study, multicenter, open-label, randomized study in patients with nonsquamous non-small cell lung cancer without prior treatment for metastatic disease. Part 1 is designed to identify the recommended Phase 2 dose (RP2D) of vudalimab, an anti-PD-1/CTLA-4 bispecific antibody, in combination with standard of care (SOC) chemotherapy. Part 2 will evaluate the efficacy and safety vudalimab, at the RP2D, plus SOC relative to pembrolizumab (anti-PD-1) plus SOC chemotherapy. Key Inclusion Criteria:

* Histologically confirmed, locally advanced (unresectable) or metastatic nonsquamous NSCLC
* Documented absence of tumor activating EGFR mutation, ALK gene and ROS1 rearrangements, and alterations in any actionable driver oncogenes for which there are locally approved targeted first-line therapies
* PD-L1 IHC testing documenting TPS \< 49%
* No prior systemic treatment for advanced/metastatic NSCLC.
* Measurable disease by RECIST 1.1
* ECOG performance status score of 0 or 1
* Life expectancy ≥ 3 months
* Adequate liver, kidney, thyroid and bone marrow function

Key Exclusion Criteria:

* Have known active central nervous system metastases and/or carcinomatous meningitis. Patients with treated brain metastases may participate, provided they are radiologically stable
* Active known or suspected autoimmune disease
* Has any condition requiring systemic treatment with corticosteroids, prednisone equivalents, or other immunosuppressive medications within 14 days prior to first dose of study drug
* Interstitial lung disease that is symptomatic
* Known human immunodeficiency virus (HIV) positive with CD4+ T-cell (CD4+) count \< 350 cells/μL, or an HIV viral load greater than 400 copies/mL, or a history of an acquired immunodeficiency syndrome-defining opportunistic infection within the past 12 months, or not on established antiretroviral therapy (ART) for at least 4 weeks prior to initiation of study drug dosing. (HIV positive subjects who do not meet these exclusion criteria are eligible)
* Positive test for hepatitis C RNA (a patient who is hepatitis C virus \[HCV\] antibody positive but HCV RNA negative due to documented, curative prior antiviral treatment or natural resolution is eligible)
* Positive test for hepatitis B surface antigen or hepatitis B core antibody (hBcAb) (a patient whose hBsAg is negative and hBcAb is positive may be enrolled if a hepatitis B virus (HBV) DNA test is negative and the subject is retested for HbsAg and HBV DNA every 2 months)
* History or evidence of any clinically unstable/uncontrolled disorder, condition, or disease (including, but not limited to, cardiopulmonary, renal, metabolic, hematologic, or psychiatric) other than NSCLC, that, in the opinion of the Investigator, would pose a risk to patient safety or interfere with study evaluations, procedures, or completion

Other protocol defined inclusion/exclusion criteria apply.","Xencor, Inc.",ClinicalTrials.gov,2023,"[""INTERVENTIONAL""]","[""Nonsquamous Non-small Cell Lung Cancer""]","[{""type"": ""COMBINATION_PRODUCT"", ""name"": ""Vudalimab + Carboplatin + Pemetrexed""}, {""type"": ""COMBINATION_PRODUCT"", ""name"": ""Pembrolizumab + Carboplatin + Pemetrexed""}]",TERMINATED,https://clinicaltrials.gov/study/NCT06173505
ClinicalTrials.gov,NCT04166487,,NCT04166487,,,,Pilot Study of Serial Plasma Genotyping to Guide the Adaptive Treatment of Advanced NSCLC Receiving First-line Pembrolizumab,"This research study is studying to see if a blood test, collected at different times during the treatment of metastatic non-small lung cancer, can be used to detect early response in patients being treated with pembrolizumab and use that information to determine whether patients should continue treatment with pembrolizumab or switch treatment to pembrolizumab in combination with chemotherapy.

The names of the study drugs involved in this study are:

* Pembrolizumab
* Platinum doublet chemotherapy, which may include the following:

  * Carboplatin and pemetrexed
  * Carboplatin and paclitaxel

The name of the blood test:

\- InVision (Inivata, Ltd.) This is an open label, single institution, prospective pilot study.

The purpose of this research study is to determine if a blood test, collected at different times during treatment, can be used to detect early response in patients being treated with pembrolizumab for lung cancer and use that information to determine whether patients should continue treatment with pembrolizumab or switch treatment to pembrolizumab in combination with chemotherapy.

-The research study procedures include screening for eligibility and study treatment including evaluations approximately every 3 weeks.

The names of the study drugs involved in this study are:

* Pembrolizumab
* Platinum doublet chemotherapy, which may include the following:

  * Carboplatin and pemetrexed
  * Carboplatin and paclitaxel

The name of the blood test:

* InVision- Inivata

  * This blood test that will help study how participants respond to the study treatment. ---
  * Blood will be collected for this test at a few time points, both before and after participants receive treatment on study.
* Participants will be on the research study for up to 12 months.
* It is expected that about 40 people will take part in this research study. Inclusion Criteria:

\- Participants must have histologically or cytologically confirmed stage IV NSCLC (AJCC 8th edition).

\- Participants must have evaluable disease on imaging per RECIST (measurable disease is not required).

* No prior treatment with a systemic anti-cancer therapy of any kind for the treatment of stage IV NSCLC. Prior definitive chemoradiation for locally advanced disease, or prior adjuvant or neoadjuvant therapy for early stage disease is permitted if completed ≥6 months prior to initiating study treatment.
* Age ≥18 years.
* ECOG performance status 0-2 (see Appendix A)
* Candidate for combination chemoimmunotherapy per physician assessment.
* Participants must have normal organ and marrow function as defined below:

  \-- absolute neutrophil count ≥1000/mcL
  * platelets ≥100,000/mcL
  * total bilirubin \<1.3 mg/dL
  * creatinine \<1.6 mg/dL
* PD-L1 tumor proportion score (TPS) ≥1%, as determined by a CLIA-laboratory.
* The effects of pembrolizumab on the developing human fetus are unknown. For this reason and because immune checkpoint blockade agents as well as other therapeutic agents used in this trial are known to be teratogenic, women of child-bearing potential and men must agree to use adequate contraception (hormonal or barrier method of birth control; abstinence) prior to study entry and for the duration of study participation. Should a woman become pregnant or suspect she is pregnant while she or her partner is participating in this study, she should inform her treating physician immediately. Men treated or enrolled on this protocol must also agree to use adequate contraception prior to the study, for the duration of study participation, and 4 months after completion of pembrolizumab administration.

  \-- NOTE: a pregnancy test will be required at screening for women of childbearing potential.
* Ability to understand and the willingness to sign a written informed consent document.
* Inclusion Criteria for Treatment Continuation at Cycle 3 -- Completion of repeat plasma NGS (InVision) on study, with plasma response defined as ≥50% reduction in plasma ctDNA max AF between C1D1 and C2D1 for patients with high shed \[≥0.5% max AF\] at C1D1, or continued low shed \[\<0.5% max AF\] for patients with low shed at C1D1.

  * Completion of restaging scans on study, with response determined by central review per RECIST 1.1 criteria
  * For participants continuing pembrolizumab alone:

    * Response of Partial Response or Complete Response at Cycle 3 imaging assessment (as determined by TIMC).

OR --- Response of Stable Disease at Cycle 3 imaging assessment (as determined by TIMC) AND plasma response.

OR

* Response of Progressive Disease at Cycle 3 imaging assessment (as determined by TIMC) without worsening cancer symptoms (as determined by the treating investigator) AND plasma response.

  \-- For participants continuing pembrolizumab + doublet chemotherapy:
* Response of Stable Disease at Cycle 3 imaging assessment (as determined by TIMC) AND no plasma response.

OR --- Response of Progressive Disease at Cycle 3 imaging assessment (as determined by TIMC) without worsening cancer symptoms (as determined by the treating investigator) AND no plasma response.

\- NOTE: Patients with a response of Progressive Disease at Cycle 3 imaging assessment (as determined by TIMC) with worsening cancer symptoms (as determined by the treating investigator) must come off treatment.

Exclusion Criteria:

* Participants with known sensitizing alterations in EGFR, ALK, ROS1 or BRAF.
* Participants who have had chemotherapy or radiotherapy within 1 week prior to entering the study.
* Participants who are receiving any other investigational agents.
* Participants with uncontrolled brain metastases, leptomeningeal disease, or spinal cord compression. Patients with asymptomatic untreated brain metastases are eligible. Patients with treated CNS disease are eligible if stable disease is clinically confirmed ≥2 weeks after definitive CNS therapy (radiation or surgery), and the patient is not receiving systemic steroids ≥10mg of prednisone equivalent at the time of enrollment.
* History of allergic reactions attributed to compounds of similar chemical or biologic composition to pembrolizumab or other agents used in study.
* Ongoing or active autoimmune disease requiring systemic steroids of ≥10mg of prednisone equivalent or other systemic immunomodulatory agents at the time of enrollment. Type I diabetes mellitus, hypothyroidism only requiring hormone replacement, skin disorders (such as psoriasis, vitiligo, and alopecia) not requiring systemic therapy, or conditions not expected to recur in the absence of an external trigger are allowed.
* Uncontrolled intercurrent illness including, but not limited to, ongoing or active infection, symptomatic congestive heart failure, unstable angina pectoris, cardiac arrhythmia, or psychiatric illness/social situations that would limit compliance with study requirements.
* Pregnant women are excluded from this study because pembrolizumab is a Pregnancy Category D agent with the potential for teratogenic or abortifacient effects. Because there is an unknown but potential risk for adverse events in nursing infants secondary to treatment of the mother with pembrolizumab, breastfeeding should be discontinued if the mother is treated with pembrolizumab. These potential risks may also apply to other agents used in this study.
* Participants with a known history of testing positive for human immunodeficiency virus (HIV) or known acquired immunodeficiency syndrome (AIDS) are excluded from this study.",Dana-Farber Cancer Institute,ClinicalTrials.gov,2019,"[""INTERVENTIONAL""]","[""NSCLC Stage IV"", ""Metastatic Non-Small Cell Lung Cancer""]","[{""type"": ""DRUG"", ""name"": ""Pembrolizumab""}, {""type"": ""DRUG"", ""name"": ""PEMETREXED""}, {""type"": ""DRUG"", ""name"": ""CARBOPLATIN""}, {""type"": ""DRUG"", ""name"": ""PACLITAXEL""}, {""type"": ""DIAGNOSTIC_TEST"", ""name"": ""InVision""}]",ACTIVE_NOT_RECRUITING,https://clinicaltrials.gov/study/NCT04166487
ClinicalTrials.gov,NCT06287593,,NCT06287593,,,,The Feasibility of Dynamic Liquid Biopsy Monitoring During Neoadjuvant Treatment for EGFR-mutated NSCLC,"This study aimed to assess the value of dynamic ctDNA monitoring in guiding the development of personalized neoadjuvant treatment strategies for EGFR-mutated NSCLC patients. This study aimed to prospectively enroll approximately 300 resectable stage II-IIIB (T1-4N0-2M0, excluding T4 with invasion of vital structures and bulky or infiltrative N2) NSCLC patients with histologically confirmed EGFR 19del or L858R mutations. Peripheral blood samples will be collected at baseline before neoadjuvant 3rd-generationEGFR TKI therapy, and ctDNA levels will be quantitatively assessed. For patients with positive baseline ctDNA, peripheral blood will be collected again after 3 weeks of neoadjuvant TKI therapy to assess if ctDNA has turned negative, and HRCT will be performed to evaluate the treatment efficiency simultaneously.

In patients with positive baseline ctDNA, for ctDNA-negative patients after 3 weeks of neoadjuvant TKI treatment, radical resection surgery will be performed after continuing TKI treatment for 9-12 weeks (Group A). For ctDNA-positive patients after 3 weeks of neoadjuvant TKI treatment, in combination with imaging changes in the lesions, a multidisciplinary team (MDT) evaluation will be conducted. After discussion between the attending physicians and the patient, the subsequent treatment will either continue TKI treatment for 9-12 weeks (Group B), undergo 3 cycles of TKI plus chemotherapy (Group C), or undergo sequential neoadjuvant immunotherapy plus chemotherapy for 3 cycles (Group D) before radical resection surgery.The study intends to evaluate the correlation between the rate of major pathological response (MPR) and ctDNA levels at 3 weeks after TKI treatment, to compare the difference in pathological response between ctDNA-negative and ctDNA-positive groups after 3 weeks of neoadjuvant TKI treatment and to evaluate the guiding value of dynamic ctDNA monitoring during neoadjuvant therapy for optimizing subsequent treatments. Inclusion Criteria:

1. Patients should voluntarily join this study and sign the informed consent form
2. Patients diagnosed with resectable stage II-IIIB (T1-4N0-2M0, excluding T4 with invasion of vital structures and bulky or infiltrative N2) NSCLC
3. Patients with EGFR 19del or L858R mutations.
4. Age from 18 to 75 years old, both male and female
5. ECOG score 0-1
6. According to the RECIST v1.1 , patients should have at least one measurable lesion
7. For suspicious mediastinal lymph nodes (including pathological enlargement or PET-CT indicating malignancy, etc.), further sampling is required for pathological diagnosis by EUBS, thoracoscopy, or mediastinoscopy
8. According clinical evaluation, the lung function of patients (such as FVC, FEV1, TLC, FRC, DLco, etc.) should be sufficient for pneumonectomy
9. The function of important organs should meet the following requirements: absolute count of neutrophils ≥ 1.5 × 109/L# Platelets

   ≥ 100 × 109/L# Hemoglobin ≥ 90g/L; Serum albumin ≥ 35g/L; Thyroid hormone (TSH) ≤ 1 × ULN# Serum bilirubin ≤ 1.5 × ULN# ALT and AST ≤ 3 × ULN# International standardized ratio (INR) ≤ 1.5 or prothrombin time (PT) ≤ 1.5 × ULN# Serum creatinine ≤ 1.5 × ULN
10. Female patients at childbearing age are required to use contraceptive measures; for male patients whose partners are women at childbearing age, effective methods of contraception should be used during the trial period

Exclusion Criteria:

1. Patients with other primary malignancies within the past 3 years (excluding cured skin basal cell carcinoma and cervical carcinoma in situ)
2. Patients with active hepatitis B/C
3. Patients with any active autoimmune diseases or a history of autoimmune diseases
4. Patients who are using immunosuppressive agents or require systemic hormone therapy
5. Patients with hypertension but without good control even through antihypertensive medication treatment ; patients with clinical symptoms or diseases related to unsatisfying cardiac function
6. Patients with abnormal coagulation function (INR\>2.0, PT\>16s)
7. Arterial/venous thrombotic events occurred before screening within 6 months
8. Patients with active infection
9. Patients with congenital or acquired immune dysfunction (such as HIV infection)
10. According to the judgment of the researchers, patients have other factors that may affect the results of the research or cause the research to be terminated",Zhejiang University,ClinicalTrials.gov,2024,"[""INTERVENTIONAL""]","[""EGF-R Positive Non-Small Cell Lung Cancer""]","[{""type"": ""OTHER"", ""name"": ""ctDNA monitoring""}]",NOT_YET_RECRUITING,https://clinicaltrials.gov/study/NCT06287593
ClinicalTrials.gov,NCT05904379,,NCT05904379,,,,A Phase Ib/II Clinical Trial of AK112 and AK104 With or Without Chemotherapy in Advanced Non-small Cell Lung Cancer,"This trial is a Phase Ib/II study. All patients are stage IIIB/C (unsuitable for radical therapy) or IV non-small cell lung cancer(NSCLC), Eastern Cooperative Oncology Group (ECOG) performance status 0-1. The purpose of this study is to evaluate the safety and efficacy of AK112 and AK104 with or without chemotherapy in subjects with advanced NSCLC. Inclusion Criteria:

* Has a histologically or cytologically confirmed diagnosis of NSCLC.
* Has Stage IIIB/C or IV NSCLC (American Joint Committee on Cancer \[AJCC 8th\]).
* 18-75 years old (at the time consent is obtained).
* Be able and willing to provide written informed consent and to comply with all requirements of study participation (including all study procedures).
* Be able to provide formalin fixed, paraffin-embedded (FFPE) tumor tissue.
* Has a life expectancy of at least 3 months.
* Has an Eastern Cooperative Oncology Group (ECOG) performance status of 0 or 1.
* Has measurable disease based on Response Evaluation Criteria in Solid Tumors (RECIST) 1.1 as determined by the site study team.
* Has no EGFR-sensitive mutations or ALK gene translocations.
* Has adequate organ function.
* Has recovered from the effects of any prior radiotherapy or surgery.
* All female and male subjects of reproductive potential must agree to use an effective method of contraception, during and for 120 days after the last dose of study treatment.

Exclusion Criteria:

* Has any histologically small cell carcinoma component.
* Is currently participating in a study of an investigational agent or using an investigational device.
* Has a diagnosis of immunodeficiency or is receiving systemic steroid therapy within 2 years prior to the first dose of study treatment.
* Has undergone major surgery within 30 days of Study Day 1.
* Has a known additional malignancy that is progressing or requires systemic treatment. Exceptions include basal cell carcinoma of the skin, squamous cell carcinoma of the skin that has undergone potentially curative therapy or in situ cervical cancer.
* Has known active central nervous system (CNS) metastases.
* Has an active autoimmune disease that has required systemic treatment in the past 2 years (i.e. with use of disease modifying agents, corticosteroids or immunosuppressive drugs).
* Has an active infection requiring systemic therapy.
* Has known active Hepatitis B (e.g., HBsAg reactive) or Hepatitis C (e.g., HCV RNA \[qualitative\] is detected).
* Has a history of myocardial infarction, unstable angina, congestive heart failure within 12 months prior to day 1 of study treatment.
* Has a history or current evidence of any condition, therapy, or laboratory abnormality that might confound the results of the study, interfere with the subject's participation for the full duration of the study, or is not in the best interest of this subject to participate, in the opinion of the treating investigator.
* Has known psychiatric or substance abuse disorders that would interfere with cooperation with the requirements of the study.
* Has received a live virus vaccine within 30 days of the planned first dose of study therapy.
* Has any concurrent medical condition that, in the opinion of the Investigator, would complicate or compromise compliance with the study or the well-being of the subject.",Akeso,ClinicalTrials.gov,2023,"[""INTERVENTIONAL""]","[""Advanced Non-small-cell Lung Cancer""]","[{""type"": ""DRUG"", ""name"": ""AK112""}, {""type"": ""DRUG"", ""name"": ""AK104""}, {""type"": ""DRUG"", ""name"": ""Carboplatin""}, {""type"": ""DRUG"", ""name"": ""paclitaxel""}, {""type"": ""DRUG"", ""name"": ""pemetrexed""}, {""type"": ""DRUG"", ""name"": ""Docetaxel""}]",ACTIVE_NOT_RECRUITING,https://clinicaltrials.gov/study/NCT05904379
ClinicalTrials.gov,NCT04285671,,NCT04285671,,,,UCLA L-08: A Phase Ib/II Study of Combined HER Inhibition Adding Necitumumab and Trastuzumab to Osimertinib in Patients With Refractory EGFR-Mutated Lung Cancer,"This phase Ib/II trial studies the side effects and best dose of trastuzumab and necitumumab together with osimertinib, and to see how well they work for the treatment of stage IV non-small cell lung cancer that is EGFR-mutated, resistant to osimertinib, and has not responded to previous treatment (refractory). Immunotherapy with monoclonal antibodies, such as trastuzumab and necitumumab, may help the body's immune system attack the cancer, and may interfere with the ability of tumor cells to grow and spread. Osimertinib may stop the growth of tumor cells by blocking some of the enzymes needed for cell growth. Giving trastuzumab and necitumumab together with osimertinib may work better than osimertinib alone in treating patients with stage IV EGFR-mutated non-small cell lung cancer. PRIMARY OBJECTIVES:

I. Determine the recommended phase II dose (RP2D) of osimertinib and necitumumab in combination with trastuzumab. (Phase Ib) II. Evaluate the efficacy of osimertinib, necitumumab, and trastuzumab (ONT) as measured by objective response rate (ORR), which is defined as complete response (CR) or partial response (PR) by Response Evaluation Criteria in Solid Tumors (RECIST) 1.1. (Phase II)

SECONDARY OBJECTIVES:

I. To evaluate the efficacy of ONT as measured progression free survival (PFS), duration of response (DoR), and overall survival (OS).

II. To evaluate the safety and tolerability of ONT as measured by adverse events (AEs) defined by Common Terminology Criteria for Adverse Events version 5.0 (CTCAE V 5.0).

EXPLORATORY OBJECTIVES:

I. To assess patient-reported outcomes on health-related quality of life and adverse events.

II. Assess potential biomarkers associated with response from liquid biopsies and optional but recommended baseline tissue biopsy.

IIa. Correlate pre-and post-treatment biopsies molecular changes with response. III. Correlate mutant allele fraction in circulating tumor deoxyribonucleic acid (DNA) (ctDNA) via liquid biopsy with response.

OUTLINE: This is a phase Ib, dose-escalation study of osimertinib and necitumumab followed by a phase II study.

Patients receive necitumumab intravenously (IV) over 60 minutes and trastuzumab IV over 30-90 minutes on days 1 and 15. Patients also receive osimertinib orally (PO) once daily (QD) on days 1-28. Cycles repeat every 28 days in the absence of disease progression or unacceptable toxicity.

After the completion of study treatment, patients are followed up at 30 days, every 8 weeks through week 24, then every 12 weeks up to 1 year. Inclusion Criteria:

* Willing and able to provide informed consent
* Cytologically or histologically confirmed non-small cell lung cancer (NSCLC), that is stage IV (metastatic), with an activating and sensitizing EGFR mutation (e.g., exon 20 insertion mutations are excluded). Enrollment of patients with mutations other than exon 19 deletion and the L858R point mutation require literature supporting sensitivity to EGFR tyrosine kinase inhibitors
* Progressed on osimertinib. Osimertinib must have been included as the last systemic therapy prior to trial enrollment. This excludes patients who received osimertinib in combination with other EGFR-tyrosine kinase inhibitor (TKI) or anti-human epidermal growth factor receptor (anti-HER) therapy
* Measurable disease, as per RECIST 1.1
* Eastern Cooperative Oncology Group (ECOG) performance status of 0-1
* Able to swallow the study drugs, has no known intolerance of study drugs or excipients, and able to comply with study requirements
* Absolute neutrophil count (ANC) \>= 1,500/mcL
* Platelets \>= 100,000/mcL
* Hemoglobin \>= 9 g/dL or \>= 5.6 mmol/L
* Serum creatinine =\< 1.5 X upper limit of normal (ULN) OR measured or calculated creatinine clearance \>= 50 mL/min for participants with creatinine levels \> 1.5 X institutional ULN (Glomerular filtration rate \[GFR\] can also be used in place of creatinine or creatinine clearance \[CrCl\])

  * Creatinine clearance may be calculated following institutional practices
* Serum total bilirubin =\< 1.5 X ULN OR direct bilirubin =\< ULN.

  * If a patient experiences elevated alanine aminotransferase (ALT) \> 5 X ULN and elevated total bilirubin \> 2 X ULN, clinical and laboratory monitoring should be initiated by the investigator. For patients entering the study with ALT \> 3 X ULN, monitoring should be triggered at ALT \> 2 X baseline
* Aspartate aminotransferase (AST) (serum glutamic-oxaloacetic transaminase \[SGOT\]) and ALT (serum glutamate pyruvate transaminase \[SGPT\]) =\< 2.5 X ULN OR =\< 5 X ULN for participants with liver metastases.

  * If a patient experiences elevated ALT \> 5 X ULN and elevated total bilirubin \> 2 X ULN, clinical and laboratory monitoring should be initiated by the investigator. For patients entering the study with ALT \> 3 X ULN, monitoring should be triggered at ALT \> 2 X baseline
* Albumin \>= 2.5 g/dL.
* International Normalized Ratio (INR) or Prothrombin Time (PT), and activated partial thromboplastin Time (aPTT) =\< 1.5 X ULN unless participant is receiving anticoagulant therapy, and then only as long as PT or PTT is within therapeutic range of intended use of anticoagulants
* Left ventricular ejection fraction \>= 50% as measured by transthoracic or transesophageal echocardiogram within 60 days prior to receiving study treatment
* Female participants of childbearing potential must have a negative urine or serum pregnancy test. If the urine test is positive or cannot be confirmed as negative, a serum pregnancy test will be required. The serum pregnancy test must be negative for the participant to be eligible, and the participant must agree to use two highly-effective methods of birth control from the time of the first study drug treatment through 180 days after the last study drug treatment, or be of non-childbearing potential. Non-childbearing potential is defined as follows (by other than medical reasons):

  * \>= 45 years of age and has not had menses for \> 2 years,
  * Participants who have been amenorrhoeic for \< 2 years without history of a hysterectomy and oophorectomy must have a follicle stimulating hormone value in the postmenopausal range upon screening evaluation, or
  * Post-hysterectomy, post-bilateral oophorectomy, or post-tubal ligation
* Male participants must use a condom when having sex with a pregnant woman and when having sex with a woman of childbearing potential from the time of the first study-drug treatment through 180 days after the last study drug treatment. Contraception should be considered for a non-pregnant female partner of childbearing potential
* Male and female participants must agree not to donate sperm or eggs, respectively, from the first study-drug treatment through 180 days after the last study drug treatment
* Female participants must agree to not breastfeed during the study or for 180 days after the last dose of study treatment
* Participants must agree to not donate blood during the study or for 90 days after the last dose of study treatment

Exclusion Criteria:

* Concurrent enrollment in another clinical study, unless enrolled only in the follow-up period or an observational study
* Any chemotherapy, immunotherapy, biologic, or hormonal therapy for cancer treatment in the prior 3 weeks, other than osimertinib. Concurrent use of hormones for non-cancer-related conditions (eg, insulin for diabetes and hormone replacement therapy) is acceptable. Stereotactic, palliative radiation for symptomatic bone metastases is acceptable without a washout. Stereotactic brain radiation for asymptomatic brain metastases is acceptable with a 7 day washout
* Use of any investigational anticancer therapy received within 28 days prior to the first dose of study drugs
* Prior treatment with the combination of two or more of the following therapies which target EGFR/HER: osimertinib (Tagrisso), erlotinib (Tarceva), gefitinib (Iressa), afatinib (Gilotrif), lapatinib (Tykerb), neratinib (Nerlynx), vandetanib (Caprelsa), cetuximab (Erbitux), trastuzumab (Herceptin), pertuzumab (Perjeta), ado-trastuzumab emtansine (Kadcyla), panitumumab (Vectibix), necitumumab (Portrazza), dacomitinib (Vizimpro), poziotinib, or other combination deemed as ""combined HER-inhibition therapy"" by the investigator
* Has not recovered (recovery is defined as National Cancer Institute \[NC\] Common Terminology Criteria for Adverse Events \[CTCAE v5.0\] grade =\< 1) from the acute toxicities of previous therapy, except treatment-related alopecia, sensory neuropathy, or laboratory abnormalities otherwise meeting the inclusion requirements stated in the inclusion criterion. Other grade 2 or less toxicities not constituting a safety risk based on the investigator's judgment are acceptable
* Known small cell lung cancer or small cell transformation
* The patient has a known allergy / history of hypersensitivity reaction to any of the treatment components or any other contraindication to one of the administered treatments
* History or evidence of current clinically relevant coronary artery disease \>= grade III by the Canadian Cardiovascular Society Angina Grading Scale or uncontrolled congestive heart failure of current \>= class III as defined by the New York Heart Association, or unstable cardiac arrhythmia requiring medication (atrial fibrillation is permitted if clinically stable)
* The patient has experienced myocardial infarction within 6 months prior to study enrollment
* The patient has any ongoing or active infection, including active tuberculosis or known infection with the human immunodeficiency virus, or active, clinically significant infection requiring the use of parenteral anti-microbial agents, or grade \> 2 by NCI CTCAE (v5.0) within 14 days prior to enrollment
* The patient is pregnant or breastfeeding, or expecting to conceive or father children within the projected duration of the trial, starting with the screening visit through 180 days after the last dose of trial treatment
* Progressive or symptomatic brain metastases. Brain metastases that have been radiated, are asymptomatic, and on a stable or decreasing dose of steroids are allowed. Leptomeningeal disease is excluded
* Serious accompanying disorder or impaired organ function, including major surgery within 3 weeks before randomization
* Requirement for IV alimentation (at the time of enrollment)
* History of another cancer within 2 years of study initiation, with the exception of fully treated cancers unlikely to affect the assessment of the study treatment safety or efficacy including early stage breast, prostate, non-melanomatous skin, thyroid, cervical, or endometrial cancer
* Gastrointestinal disorder affecting absorption
* Participants must not be considered a poor medical risk due to a serious, uncontrolled medical disorder, nonmalignant systemic disease, or active, uncontrolled infection. Examples include, but are not limited to, uncontrolled ventricular arrhythmia, uncontrolled major seizure disorder, unstable spinal cord compression, superior vena cava syndrome, or any psychiatric disorder that prohibits obtaining informed consent
* Patient unwilling or unable to comply with the protocol
* Any condition that, in the opinion of the investigator or sponsor, would interfere with evaluation of the investigational product or interpretation of subject safety or study results
* History of arterial or venous thromboembolism within 3 months prior to study enrollment. Patients with a history of venous thromboembolism beyond 3 months prior to study enrollment can be enrolled if they are appropriately anticoagulated
* Recent (within 30 days before enrollment) or concurrent yellow fever vaccination",Jonsson Comprehensive Cancer Center,ClinicalTrials.gov,2020,"[""INTERVENTIONAL""]","[""Metastatic Lung Non-Small Cell Carcinoma"", ""Refractory Lung Non-Small Cell Carcinoma"", ""Stage IV Lung Cancer American Joint Committee on Cancer (AJCC) v8"", ""Stage IVA Lung Cancer AJCC v8"", ""Stage IVB Lung Cancer AJCC v8""]","[{""type"": ""BIOLOGICAL"", ""name"": ""Necitumumab""}, {""type"": ""DRUG"", ""name"": ""Osimertinib""}, {""type"": ""OTHER"", ""name"": ""Quality-of-Life Assessment""}, {""type"": ""OTHER"", ""name"": ""Questionnaire Administration""}, {""type"": ""BIOLOGICAL"", ""name"": ""Trastuzumab""}]",ACTIVE_NOT_RECRUITING,https://clinicaltrials.gov/study/NCT04285671
ClinicalTrials.gov,NCT07060950,,NCT07060950,,,,Analysis of Circulating Tumor Markers in Blood - ALCINA 5,"The circulating tumoral biomarkers in the blood are the object of numerous researches for several decades. The potential clinical interests of these circulating biomarkers are diagnostic, prognostic, predictive of the efficiency of targeted therapies (according to the mutational profile of the cancer), and could allow the study of the mechanisms of resistance under process. In the multiplicity of these blood potential biomarkers joins a permanent evolution of the technological means used to detect them/to quantify, as well as to estimate their clinical utility. The new major challenge in research focuses on the rapid evaluation of circulating biomarker candidates, which could replace or complement molecular analyses of tumor tissue obtained through biopsy (for example the search for somatic mutations of cancer) by a simple blood test (liquid biopsy). The other current important challenge is to have an idea of the interest to analyse the kinetics of blood markers, in particular in answer to a clinical ""event"", either through the chemotherapy, a biopsy and / or surgery. There is almost no data in the literature on this aspect. It is very likely that the liberation in the blood of the blood tumoral markers is strongly dependent on medical interventions on the tumour.

The study ALCINA 5 relies exactly on the principle of small cohorts based on the analysis of circulating tumour biomarkers obtained by blood sampling, with comparison - if necessary - with tumour material obtained by biopsy. Which cohort correspond each to a clinical situation and/or a technique of different implemented detection. In case of success, statistical hypotheses will be necessary for the implementation of wider studies (being then the object of a specific approval by competent authorities). Inclusion Criteria:

1. Patient presenting an invasive tumoral pathology (proved or suspected), whatever is the location or the stage,
2. 18 years old or higher ?
3. Patient who has provided informed, written, and explicit consent,
4. Patient affiliated with a French Social Protection System.

   In the case of a tumor biopsy:
5. Tumor considered as accessible by biopsy,
6. Normal hemostasis assessment (PT, APTT, platelets),
7. No anticoagulant or antiaggregant treatment for the biopsy.

Exclusion Criteria:

1. Pregnant woman and/or breast-feeding,
2. Patient whose regular follow-up is impossible for psychological, family, social or geographical reasons,
3. Private persons of freedom or under guardianship,
4. Patient with a history of other invasive cancers within the 5 years preceding inclusion.",Institut du Cancer de Montpellier - Val d'Aurelle,ClinicalTrials.gov,2025,"[""INTERVENTIONAL""]","[""Cancer"", ""Lung Cancer, Non-Small Cell""]","[{""type"": ""BIOLOGICAL"", ""name"": ""Blood sampling C1""}]",NOT_YET_RECRUITING,https://clinicaltrials.gov/study/NCT07060950
ClinicalTrials.gov,NCT07359040,,NCT07359040,,,,Mechanisms of Enhanced Efficacy of Ivonescimab in Neoadjuvant Therapy for Non-Small Cell Lung Cancer,"This is an exploratory clinical study focusing on the neoadjuvant treatment of non-small cell lung cancer (NSCLC). The study primarily aims to compare the efficacy and safety of Ivonescimab, a novel PD-1/VEGF bispecific antibody, with those of conventional PD-1 inhibitors. Beyond evaluating its direct therapeutic benefits, this research also seeks to elucidate the potential mechanisms underlying the enhanced efficacy of Ivonescimab. Additionally, the study will conduct secondary exploratory analyses, including the identification and validation of predictive and prognostic biomarkers, as well as multi-omics profiling to investigate the molecular mechanisms of action. Collectively, these efforts aim to provide comprehensive experimental data to support the rational clinical application of Ivonescimab and the development of precision medicine strategies for NSCLC. Lung cancer is one of the leading causes of cancer-related deaths in China and worldwide, imposing a significant societal burden. Although comprehensive treatment strategies centered around surgery have improved patient prognosis, and perioperative immunotherapy has profoundly reshaped the therapeutic landscape, this field still faces substantial knowledge gaps and key challenges.

This study focuses on Ivonescimab, a first-in-class PD-1/VEGF bispecific antibody. Ivonescimab simultaneously blocks PD-1 to reactivate antitumor immune response by releasing T-cell inhibition and inhibits VEGF to suppress tumor angiogenesis while modulating the immunosuppressive tumor microenvironment. The primary objectives of this research are to evaluate the efficacy and safety of Ivonescimab compared with conventional immunotherapy and to investigate its potential mechanisms of action, thereby providing scientific evidence to support its clinical application.The secondary objectives are to identify and validate potential predictive and prognostic biomarkers associated with the clinical efficacy and safety of Ivonescimab, and to perform multi-omics analyses (including genomics, transcriptomics, proteomics, and metabolomics) to explore the underlying molecular mechanisms of Ivonescimab in regulating antitumor immune response, remodeling tumor angiogenesis, and modulating the tumor microenvironment, so as to lay a theoretical foundation for the precise application of Ivonescimab and the development of combined therapeutic strategies. Inclusion Criteria:

Patients with non-small cell lung cancer (Stage IB-IIIB) who require radical surgery following neoadjuvant therapy.

Exclusion Criteria:

1. Histology of other malignant tumors, including concurrent malignant tumors of other organ systems;
2. Unresectable advanced disease (Stage IV) or locally advanced unresectable (Stage IIIC);
3. Pregnancy or lactation;
4. Insufficient sample quality;
5. Severe organ dysfunction (e.g. cardiac or renal insufficiency);
6. Other judgments by the Investigator that the patient should not participate in the study.",Peking University People's Hospital,ClinicalTrials.gov,2026,"[""OBSERVATIONAL""]","[""Non-Small Cell Lung Cancer"", ""Neoadjuvant Therapy"", ""PD-1 Inhibitors"", ""Immunotherapy""]","[{""type"": ""DRUG"", ""name"": ""Ivonescimab""}, {""type"": ""DRUG"", ""name"": ""PD-1 Inhibitors""}]",RECRUITING,https://clinicaltrials.gov/study/NCT07359040
ClinicalTrials.gov,NCT03481101,,NCT03481101,,,,WHENII - Early Response Evaluation With 18F-2-fluoro-2-deoxy-D-glucose Fluorodeoxyglucose(FDG)- Positrons Emissions Tomography(PET)/CT and Liquid Biopsy in Patients With NSCLC (Non Small Cell Lung Cancer),"Response evaluation with FDG-PET and free circulating DNA in patients with inoperable lung cancer of non small cell type during first treatment with chemotherapy or immunotherapy. Interventional study of patients with inoperable lung cancer of non small cell type undergoing 1st treatment of either chemotherapy or immunotherapy. Patients are evaluated with FDG-PET/ct and blood analyses og circulating tumor DNA and cancer markers to determine early response.

PET-CT are preceded before and after treatment is given;

* day 0 before treatment,
* day 2 after treatment and
* day 21 just before second treatment. At every FDG-PET/ct scan blood are examined for circulating tumor DNA (ctDNA) and potentially cancer markers by White genome sequencing. In total 3 PET-CT scans and 4 blood samples are performed. The result are compared with the standard CT scan after 2-3 cycles of treatment. Blood analyses are repeated after 2-3 cycles to observe any changes. Inclusion Criteria:

* Patients with non-small cell lung cancer (NSCLC) who is about to start treatment with chemo- or immune therapy. No prior treatment of the one given.
* Measurable decease according to RECIST criteria
* Age \> 18 years
* Performance status 0-2 (0-1 for immunotherapy)
* Understands and reads danish

Exclusion Criteria:

* Poor performance status
* Secondary active cancer
* Pregnancy
* Dysregulated diabetes mellitus","Rigshospitalet, Denmark",ClinicalTrials.gov,2018,"[""INTERVENTIONAL""]","[""Non Small Cell Lung Cancer"", ""Circulating Tumor Cell"", ""Circulating Tumor DNA""]","[{""type"": ""DEVICE"", ""name"": ""PET/CT""}]",UNKNOWN,https://clinicaltrials.gov/study/NCT03481101
ClinicalTrials.gov,NCT06305962,,NCT06305962,,,,"Phase 0/1 Study of the Safety and Tolerability of 177Lu-RAD204, a Lutetium-177 Radiolabelled Single Domain Antibody Against Programmed Cell Death-Ligand 1 in Patients With Metastatic Solid Tumours","This is a Phase 0/1, First-in-Human (FIH), study to evaluate safety, tolerability, biodistribution, radiation dosimetry and preliminary anti-tumour activities of 177Lu-RAD204 in participants with selected solid tumours, to identify the MTDs/ recommended doses of 177Lu-RAD204 for future exploration.

The study will consist of a Pre-screening Period (if applicable for PD-L1 testing), a Screening Period of up to 4 weeks, followed by a Phase 0 (Imaging) Period for imaging and dosimetry to 177Lu-RAD204im and a Phase I (Treatment) Period for 177Lu-RAD204tr dose escalation. This is a first in human, Phase 0/1, open-label study of 177Lu-RAD204 consisting of an Imaging Period with 177Lu-RAD204im (imaging dose) and a Treatment Period with 177Lu-RAD204tr (treatment dose) to determine the recommended dose(s) for future exploration of 177Lu-RAD204 in participants with PDL1+ advanced solid tumors.

Screening Period: Screening Period of up to 4 weeks. Phase 0 (Imaging Period): Low dose (10mCi) of 177Lu-RAD204 administered on Imaging Day 1 with a follow-up period of up to 2 weeks to assess imaging, safety and dosimetry. The dose may be increased, if needed, to improve image quality.

Phase 1 (treatment Period): 177Lu-RAD204tr dose escalation

* Treatment Period with each cycle lasting 6 weeks. Extension of the planned dose intervals are possible following discussion and agreement between the Sponsor and Investigator.
* Participants may be treated with multiple cycles, as long as they appear to derive clinical benefit as determined by the Investigator and provided there is adequate clinical safety and organ dosimetry data.
* Dose Limiting Toxicity (DLT) observation period for 177Lu-RAD204tr is 6 weeks following the first injection of 177Lu-RAD204tr.
* Should an alternative treatment schedule be explored, the DLT observation period for 177Lu-RAD204tr at that dose level will be the proposed cycle duration. Inclusion Criteria:

1. Willing and able to provide informed consent prior to start of any study procedures and assessments and must be willing to comply with all study procedures.
2. Adult participants ≥ 18 years of age.
3. Participants with a documented history of histopathologically confirmed relapsed/refractory locally advanced, inoperable or metastatic NSCLC, SCLC, TNBC, cutaneous melanoma, HNSCC, endometrial cancer or any cancer that is known to be MMR deficient or MSI high with documented disease progression during or after their most recent line of anticancer therapy. Participants must be refractory to or have refused standard of care therapy (including PD-1/PD-L1 inhibitors) or have refused or have no standard of care therapy available that is likely to provide clinical benefit.
4. Participants with PD-L1 positive NSCLC, SCLC, TNBC, cutaneous melanoma, HNSCC, endometrial cancer or any cancer that is known to be MMR deficient or MSI high:

   * If the participant tumour's PD-L1 expression status is unknown, PD-L1 positivity may be determined in a pre-screening step whereby the participant may be approached to provide written informed consent to have their tumour tissue undergo IHC testing as determined by a validated test (tumour tissue may be obtained from archived samples or from a freshly obtained biopsy).
   * Any number of prior treatment lines are allowed.
5. Must have at least 1 measurable target lesion according to RECIST version 1.1.
6. Eastern Cooperative Oncology Group (ECOG) performance status ≤ 2.
7. Participants must have a life expectancy of ≥ 4 months in the opinion of the Investigator.
8. Women of childbearing potential (WOCBP) must have a negative beta-human chorionic gonadotropin (β-hCG) test and must not be breastfeeding. WOCBP are defined as those who are not surgically sterile or post-menopausal. Female participants will be considered post-menopausal if they have been amenorrheic for 12 months without an alternative medical cause. Female participants \< 50 years old who meet the criteria for post-menopausal status without previous surgical sterilisation should be considered for further investigation with luteinising hormone (LH) and follicle stimulating hormone (FSH) levels to confirm serological post-menopausal status.
9. WOCBP must agree to use a highly effective method of contraception during the study and for 14 days after the last injection of 177Lu-RAD204im and/or 6 months after the last dose of 177Lu-RAD204tr, whichever occurs later. Acceptable methods of contraception are described in Section 13.3 of the Protocol.
10. Male participants who are able to father a child must agree to avoid impregnating a partner and to adhere to a highly effective method of contraception during the study and for 14 days after the last injection of 177Lu-RAD204im and/or 6 months after the last dose of 177Lu-RAD204tr, whichever occurs later. All male participants must agree to not donate sperm during the study and for 14 days after the last injection of 177Lu-RAD204im and/or 6 months after the last dose of Lu-RAD204tr, whichever occurs later. Acceptable methods of contraception are described in Section 13.3 of the Protocol.
11. Participants with previously treated brain metastases are eligible to participate if:

    * they are neurologically and radiologically stable (no evidence of progression by imaging; same imaging modality \[magnetic resonance imaging (MRI) or computed tomography (CT) scan\] must be used for each assessment) for at least 28 days prior to the first dose of 177Lu-RAD204im,
    * do not require steroids to treat associated neurological symptoms, and
    * have no history of leptomeningeal disease or spinal cord compression.
    * Participants with active brain metastases who have not received brain-directed therapy such as radiotherapy are not eligible to enroll.
12. For Phase I:

    * Participants must have positive lesion(s) by 177Lu-RAD204im SPECT/CT per central review as described in Image Review Charter, and
    * Participants without any positive lesion by 177Lu-RAD204im SPECT/CT, e.g. due to poor image quality, may be allowed to enrol on a case-by-case basis at the discretion of the Principal Investigator and in discussion with study Sponsor, provided the participant's tumour is known to express PD-L1.

Exclusion Criteria:

1. History of prior organ transplant.
2. Any other known, active malignancy, except for treated cervical intraepithelial neoplasia or non-melanoma skin cancer. Patients with a history of malignancies of low recurrence potential who have received curative-intent therapy may be approved on a case-by-case basis in discussion with study Sponsor, if it is determined not to put the patient at an increased risk of adverse drug effects and/or interfere with the integrity of study outcome.
3. Have any medical condition that would, in the Investigator's judgment, prevent the participant's full participation in the clinical study due to safety concerns or compliance with clinical study procedures such as participants with severe claustrophobia who are unresponsive to oral anxiolytics, participants with low back pain who cannot lie comfortably on an imaging table, participants who are hyperactive or hyperkinetic such that they cannot tolerate lying still for multiple time point imaging procedures, etc.
4. Residual toxicity ≥ Grade 2 from prior anti-cancer therapy (except alopecia).
5. History of uncontrolled allergic reactions and/or known or expected hypersensitivity to protein therapeutics, 177Lu-RAD204 or any of its excipients.
6. Inadequate organ functions as reflected in laboratory parameters:

   * Creatinine clearance or body surface area (BSA) adjusted estimated glomerular filtration rate (eGFR) (calculated using any clinically validated formula, preferably Chronic Kidney Disease Epidemiology Collaboration (CKD-EPI), or measured) \< 60 mL/min
   * Platelet count of \< 80 × 109/L
   * Absolute neutrophil count (ANC) \< 1.5 × 109/L
   * Haemoglobin \< 9 g/dL
   * Alanine aminotransferase (ALT) or aspartate aminotransferase (AST) \> 3 × ULN, or \> 5 × ULN for patients with known liver metastases
   * Total bilirubin \> 1.5 × ULN, except for patients with documented Gilbert's syndrome who are eligible if total bilirubin ≤ 3 × ULN
   * For participants not taking warfarin or other anticoagulants: international normalized ratio (INR) ≥ 1.5 or prothrombin time (PT) ≥ 1.5 × ULN; and either partial thromboplastin time or activated partial thromboplastin time (PTT or aPTT) ≥1.5 × ULN. Participants taking warfarin must be on a stable dose that results in a stable INR \< 3.5. Among participants receiving other anticoagulant therapy, PT or aPTT must be within the intended therapeutic range of the anticoagulant.
7. Patients requiring blood product transfusion within 4 weeks of first dose of 177Lu-RAD204tr are not eligible to participate.
8. Clinically significant cardiovascular disease including but not limited to:

   * Unstable angina
   * Acute myocardial infarction within 6 months prior to screening
   * New York Heart Association (NYHA) Class II or greater congestive heart failure (see Section 20.6)
   * Clinically significant abnormalities in rhythm, conduction or morphology on resting ECG (e.g. complete left bundle branch block, third degree heart block)
   * Uncontrolled hypertension
   * Known LVEF \< 50%
   * QT interval corrected for heart rate using Fridericia's formula (QTcF) \> 470 msec for females and QTcF \> 450 msec for males on screening electrocardiogram (ECG) or congenital long QT syndrome.
9. Participation in any other investigational trial at the time of informed consent signature.
10. Pregnant or lactating women.

    The following exclusion criteria applies to participants in Phase I:
11. Received anti-cancer therapy, including chemotherapy, immunotherapy, radiation therapy, biologic, herbal therapy, or any investigational therapy or investigational device, within 28 days (or 5 half-lives for biologic/non-cytotoxic agents, whichever is shorter), prior to the first dose of 177Lu-RAD204tr.
12. Has received prior therapy with an anti-PD-1, anti-PD-L1, or anti PD L2 agent, or with an agent directed to another stimulatory or co-inhibitory T-cell receptor (e.g. CTLA-4, OX 40, CD137), and was discontinued from that treatment due to a Grade 3 or higher immune-mediated AE.

    NOTE: endocrine immune-mediated AEs that are controlled with replacement therapy are allowed.
13. Has had or is scheduled to have major surgery \< 28 days prior to the first dose of 177Lu-RAD204tr.Surgical procedures not considered to put participants at higher risk of AEs and/or interfere with the integrity of study outcome may be allowed on a case-by-case basis in discussion with the Sponsor.
14. Positive status for human immunodeficiency virus (HIV).
15. Active or chronic hepatitis B or C. Chronic hepatitis B or hepatitis C with undetectable viral loads on stable suppression therapy may be allowed on a case-by-case basis in discussion with study Sponsor.
16. Any medical condition which, in the opinion of the Investigator, places the participant at an unacceptably high risk for toxicities.
17. Any uncontrolled intercurrent illness or clinically significant uncontrolled condition(s), including but not limited to active bacterial, fungal, or viral infections requiring systemic therapy.","Radiopharm Theranostics, Ltd",ClinicalTrials.gov,2024,"[""INTERVENTIONAL""]","[""PDL1 Gene Mutation"", ""Non Small Cell Lung Cancer"", ""Small Cell Lung Cancer ( SCLC )"", ""TNBC, Triple Negative Breast Cancer"", ""Cutaneous Melanoma"", ""HNSCC"", ""Endometrial Cancer"", ""Mmr Deficiency"", ""MSI-High""]","[{""type"": ""DRUG"", ""name"": ""177Lu-RAD204""}]",RECRUITING,https://clinicaltrials.gov/study/NCT06305962
ClinicalTrials.gov,NCT07288034,,NCT07288034,,,,Immunotherapy Biomarker Collection for Metastatic NSCLC to Inform Adaptive Personalized Models Targeting Resistance (IMMUNO-BIOMAP),"This phase II trial tests the impact of biomarkers in predicting initial treatment (first-line) PD1 or PD-L1 (PD\[L\]-1)-based immunotherapy response and in selecting second-line treatment in patients with stage IIIB-IV non-small cell lung cancer (NSCLC). Response and survival rates in advanced stage NSCLC, unlike other cancers, rely on response to first-line therapy. Immunotherapy with PD(L)1-based therapy, may induce changes in body's immune system and may interfere with the ability of tumor cells to grow and spread. While immunotherapy has improved survival rate, the prognosis remains poor with most patients receiving chemotherapy after immunotherapy. Many types of tumors tend to lose cells or release different types of cellular products including their deoxyribonucleic acid (DNA) which is referred to as circulating tumor DNA (ctDNA) into the bloodstream before changes can be seen on scans. Health care providers can measure the level of ctDNA in blood or other bodily fluids to determine which patients are at higher risk for disease progression or relapse. The first part of this trial, studying samples of blood and tissue in the laboratory from patients receiving immunotherapy may help doctors learn more about the effects PD(L)1-based therapy on cells. It may also help doctors understand how well patients respond to treatment and may help develop new individualized treatment strategies. The second part of this trial also tests the effect of second-line immunotherapy, such as tremelimumab and durvalumab or adagrasib and bevacizumab, in treating patients with NSCLC with specific genetic mutations that is growing, spreading or getting worse (progressive). Tremelimumab is a monoclonal antibody that may interfere with the ability of tumor cells to grow and spread. A monoclonal antibody is a type of protein that can bind to certain targets in the body, such as molecules that cause the body to make an immune response (antigens). Immunotherapy with monoclonal antibodies, such as durvalumab, may help the body's immune system attack the tumor, and may interfere with the ability of tumor cells to grow and spread. Adagrasib, a type of targeted therapy, may stop the growth of tumor cells by blocking a protein needed for tumor cell growth and may kill them. Bevacizumab is in a class of medications called antiangiogenic agents. It works by stopping the formation of blood vessels that bring oxygen and nutrients to tumor. This may slow the growth and spread of tumor. Giving second-line immunotherapy, tremelimumab and durvalumab or adagrasib with bevacizumab, may be safe, tolerable, and/or effective in treating patients with stage IIIB/IV NSCLC with specific genetic mutations. PRIMARY OBJECTIVES:

I. Develop biomarker(s) that predicts for first-line treatment failure of immunotherapy (Part I).

II. Evaluate different strategies for treatment duration for patients without early treatment failure based on ctDNA (Part I).

III. Evaluate second-line progression-free survival (PFS) for biomarker-specific treatment decisions compared to historical controls (Part II).

SECONDARY OBJECTIVES:

I. Evaluate different ctDNA-guided treatment decisions on overall survival based on arm.

II. Summarize the relationship between ctDNA changes and Response Evaluation Criteria in Solid Tumors (RECIST) response throughout the trial.

III. To describe the incidence and severity of adverse events by treatment arm. IV. Demonstrate the feasibility of an adaptive design employing both dynamic treatment regimen and biomarker-specific directed therapy.

EXPLORATORY OBJECTIVE:

I. Use data from ctDNA and tissue multi-omics analysis for reverse translational modeling for mechanisms of resistance to immunotherapy using ARTEMIS.

OUTLINE:

PART IA (INITIAL DISCOVERY COHORT): Patients receive physician's choice of PD(L)1-based therapy every 3 weeks (Q3W) with or without chemotherapy for up to 12-24 months per standard of care.

Patients who complete at least 12 months of PD(L)1 (but do not exceed 24 months) and achieve complete response (CR), stable disease (SD), or partial response (PR) on imaging, as well as ctDNA complete response (CCR) for at least 6 months are randomized to Arms 1 or 2.

ARM 1: After at least 12 months of treatment, patients discontinue PD(L)1 therapy and undergo monitoring. Patients who develop positive ctDNA without PD resume PD(L)1 on study.

ARM 2: After at least 12 months of treatment, patients continue PD(L)1 therapy for up to a total of 24 months from starting immunotherapy the absence of disease progression or unacceptable toxicity.

Patients who complete 24 months of immunotherapy and achieve CR, SD, or PR on imaging, but not CCR and who were not candidates for Arms 1 and 2 are randomized to Arms 3 or 4.

ARM 3: After at least 24 months of treatment, patients discontinue PD(L)1 therapy and undergo close surveillance on study.

ARM 4: After at least 24 months of treatment, patients continue to receive PD(L)1 therapy until radiographic progression or unacceptable toxicity.

PART IB (IMPLEMENTATION COHORT): Patients participate in a future implementation cohort utilizing the findings from Part 1A.

PART II (POST-PROGRESSION COHORT): Patients who experience radiographic progression on Part I are assigned to 1 of 3 arms. Patients with STK11 or KEAP1 mutations are assigned to Arm A and patients with KRAS G12C mutations are assigned to Arm B. Patients assigned to Arm X will be added based on the funding grant technical area 1 (TA1-Therapy Recommendation Techniques).

ARM A: Patients receive tremelimumab intravenously (IV) over 1 hour on day 1 of cycles 1-4 and on day 1 of cycle 6, as well as durvalumab IV over 1 hour of each cycle. Cycles repeat every 21 days for cycles 1-5 and then starting with cycle 6, cycles repeat every 28 days in the absence of disease progression or unacceptable toxicity.

ARM B: Patients receive adagrasib orally (PO) twice daily (BID) on days 1-21 and bevacizumab IV over 30-90 minutes on day 1 of each cycle. Cycles repeat every 21 days in the absence of disease progression or unacceptable toxicity.

ARM X: Patients participate in future interventions to be added based on the funding grant TA1-Therapy Recommendation Techniques.

Patients in both Parts also undergo blood sample collection, and computed tomography (CT), magnetic resonance imaging (MRI) or positron emission tomography (PET) throughout the study. Additionally, patients may undergo cerebrospinal fluid (CSF), ascites and pleural fluid sample collection during routine care throughout the study. Patients in Part 1 only undergo a tumor biopsy throughout the study.

After completion of study treatment, patients are followed up at 30 days, every 3 months within 1 year of starting treatment, then every 6 months for up to 2 years. Inclusion Criteria:

* Documented informed consent of the participant and/or legally authorized representative. (Adult patients lacking capacity to consent may participate if they have a caretaker that could ensure compliance.)
* Participants must have either A) HopeSeq or Tempus molecular testing results reported within 3 months prior to enrollment or currently in process OR B) archival or new biopsy tissue available (to be sent to Tempus). Acceptable sample types include: two formalin-fixed paraffin-embedded (FFPE) tissue core biopsies, or two 25um sections of 5-10mm\^2 tissue, or 15-20 unstained slides at 10um thickness (a minimum of 10 unstained slides must be provided)
* Agreement to blood collection for ctDNA research
* Age: ≥ 18 years
* Eastern Cooperative Oncology Group (ECOG) ≤ 2
* Histologically confirmed stage IIIB or IV NSCLC
* Absence of sensitizing EGFR mutation or ALK/ROS1 alteration
* Scheduled to begin treatment with a Food and Drug Administration (FDA) approved PD1/PDL1 antibody with or without chemotherapy. Participants who have already started treatment with anti-PD1/PDL1 in this setting may enroll if they have only received up to 4 cycles of treatment so far. Patients who have received PD1/PDL1 antibody for early-stage NSCLC are allowed to enroll if they completed the therapy at least 6 months before starting trial therapy
* Measurable disease by RECIST version (v) 1.1
* Absolute neutrophil count (ANC) ≥ 1,500/mm\^3

  * NOTE: Growth factor is not permitted within 14 days of ANC assessment
* Platelets ≥ 100,000/mm\^3

  * NOTE: Platelet transfusions are not permitted within 14 days of platelet assessment
* Hemoglobin ≥ 9g/dL

  * NOTE: Red blood cell transfusions are not permitted within 14 days of hemoglobin assessment
* Total bilirubin ≤ 1.5 x upper limit of normal (ULN)
* Aspartate aminotransferase (AST) ≤ 3.0 x ULN (5 x ULN allowed if liver metastases)
* Alanine aminotransferase (ALT) ≤ 3.0 x ULN (5 x ULN allowed if liver metastases)
* Creatinine clearance of ≥ 50 mL/min per the Cockcroft-Gault formula
* If seropositive for HIV, hepatitis C virus (HCV), or hepatitis B virus (HBV), nucleic acid quantitation must be performed. Viral load must be undetectable

  * HIV-infected patients on effective anti-retroviral therapy with undetectable viral load within 6 months are eligible for this trial
* Women of childbearing potential (WOCBP): negative urine or serum pregnancy test

  * If the urine test is positive or cannot be confirmed as negative, a serum pregnancy test will be required
* Agreement by females and males of childbearing potential to use an effective method of birth control or abstain from heterosexual activity for the course of the study through at least 3 months after the last dose of protocol therapy

  * Childbearing potential defined as not being surgically sterilized (men and women) or have not been free from menses for \> 1 year (women only)
* PART II: Documented informed consent (for Part II) of the participant and/or legally authorized representative.

  * Assent, when appropriate, will be obtained per institutional guidelines
* PART II: ECOG ≤ 2
* PART II: Fully recovered from the acute toxic effects (except alopecia) to ≤ grade 1 to prior anti-cancer therapy
* PART II: ANC ≥ 1,500/mm\^3

  * NOTE: Growth factor is not permitted within 14 days of ANC assessment
* PART II: Platelets ≥ 100,000/mm\^3

  * NOTE: Platelet transfusions are not permitted within 14 days of platelet assessment
* PART II: Hemoglobin ≥ 9g/dL

  * NOTE: Red blood cell transfusions are not permitted within 14 days of hemoglobin assessment
* PART II: Total bilirubin ≤ 1.5 x ULN
* PART II: AST ≤ 3.0 x ULN (5 x ULN allowed if liver metastases)
* PART II: ALT ≤ 3.0 x ULN (5 x ULN allowed if liver metastases)
* PART II: Creatinine clearance of ≥ 50 mL/min per the Cockcroft-Gault formula

Exclusion Criteria:

* Surgical intervention within 4 weeks prior to study treatment, except for minor procedures such as port placement
* Patients with a condition requiring systemic treatment with corticosteroids (\> 10 mg daily prednisone equivalent) within 7 days or another immunosuppressive medication within 30 days of the first dose of study treatment. Inhaled or topical steroids, and adrenal replacement steroid doses ≤ 10 mg daily prednisone equivalent, are permitted in the absence of active autoimmune disease
* Radiation therapy within 7 days prior to day 1 of protocol therapy
* Clinically significant (i.e., active) cardiovascular disease: cerebral vascular accident/stroke or myocardial infarction within 6 months of enrollment, unstable angina, congestive heart failure (New York Heart Association \[NYHA class\] ≥ III), or serious uncontrolled cardiac arrhythmia requiring medication
* Active autoimmune disease or history of autoimmune disease that required systemic treatment within 2 years before starting treatment, i.e., with use of disease-modifying agents or immunosuppressive drugs
* Symptomatic central nervous system (CNS) metastases or leptomeningeal carcinomatosis, except for individuals who have 1) previously-treated CNS metastases, are asymptomatic, and have had no requirement for steroid medication for 1 week prior to the first dose of study drug and have completed radiation 2 weeks prior to the first dose of study drug OR 2) untreated brain metastases that are asymptomatic and stable
* Prior history of interstitial lung disease (ILD) or non-infectious pneumonitis requiring high-dose glucocorticoids
* Active infection requiring antibiotics
* Other active malignancy. Patients with concurrent malignancy other than non-melanoma skin cancer are not eligible for this trial due to potential confounding of the ctDNA results
* Females only: Pregnant or breastfeeding
* PART II: Surgical intervention within 4 weeks prior to study treatment, except for minor procedures such as port placement
* PART II: Radiation therapy within 7 days prior to day 1 of protocol therapy
* PART II ARM A ONLY: Patients with a condition requiring systemic treatment with corticosteroids (\> 10 mg daily prednisone equivalent) within 7 days or another immunosuppressive medication within 30 days of the first dose of study treatment. Inhaled or topical steroids, and adrenal replacement steroid doses ≤ 10 mg daily prednisone equivalent, are permitted in the absence of active autoimmune disease
* PART II ARM A ONLY: Patients with prior history of cytotoxic T-lymphocyte-associated antigen 4 (CTLA-4) treatment
* PART II ARM B ONLY: Patients with prior history of KRAS G12C inhibitors
* PART II: Clinically significant (i.e., active) cardiovascular disease: cerebral vascular accident/stroke or myocardial infarction within 6 months of enrollment, unstable angina, congestive heart failure (New York Heart Association class ≥ III), or serious uncontrolled cardiac arrhythmia requiring medication
* PART II ARM A ONLY: Active autoimmune disease or history of autoimmune disease that required systemic treatment within 2 years before starting treatment, i.e., with use of disease-modifying agents or immunosuppressive drugs
* PART II ARM B ONLY: Grade ≥ 2 proteinuria as demonstrated by ≥ 2+ protein and ≥ 1.0 g of protein with 24-hour urine collection (patients found to have ≥ 2+ protein on dipstick urinalysis must have 24-hour urine collection and demonstrate \< 1g of protein in 24 hours in order to be eligible for treatment)
* PART II: Clinical evidence of central nervous system (CNS) metastases or leptomeningeal carcinomatosis, except for individuals who have 1) previously-treated CNS metastases, are asymptomatic, and have had no requirement for steroid medication for 1 week prior to the first dose of study drug and have completed radiation 2 weeks prior to the first dose of study drug OR 2) untreated brain metastases that are asymptomatic and stable
* PART II: Clinically significant uncontrolled illness
* PART II: Active infection requiring antibiotics
* PART II: Other active malignancy
* PART II FEMALES ONLY: Pregnant or breastfeeding
* PART II: Any other condition that would, in the investigator's judgment, contraindicate the patient's participation in the clinical study due to safety concerns with clinical study procedures",City of Hope Medical Center,ClinicalTrials.gov,2025,"[""INTERVENTIONAL""]","[""Lung Non-Small Cell Carcinoma"", ""Stage IIIB Lung Cancer AJCC v8"", ""Stage IV Lung Cancer AJCC v8""]","[{""type"": ""DRUG"", ""name"": ""Adagrasib""}, {""type"": ""BIOLOGICAL"", ""name"": ""Anti-PD-L1 Monoclonal Antibody""}, {""type"": ""BIOLOGICAL"", ""name"": ""Anti-PD1 Monoclonal Antibody""}, {""type"": ""BIOLOGICAL"", ""name"": ""Bevacizumab""}, {""type"": ""PROCEDURE"", ""name"": ""Biopsy Procedure""}, {""type"": ""PROCEDURE"", ""name"": ""Biospecimen Collection""}, {""type"": ""DRUG"", ""name"": ""Chemotherapy""}, {""type"": ""PROCEDURE"", ""name"": ""Computed Tomography""}, {""type"": ""BIOLOGICAL"", ""name"": ""Durvalumab""}, {""type"": ""PROCEDURE"", ""name"": ""Magnetic Resonance Imaging""}, {""type"": ""OTHER"", ""name"": ""Monitoring""}, {""type"": ""PROCEDURE"", ""name"": ""Positron Emission Tomography""}, {""type"": ""BEHAVIORAL"", ""name"": ""Surveillance""}, {""type"": ""BIOLOGICAL"", ""name"": ""Tremelimumab""}]",RECRUITING,https://clinicaltrials.gov/study/NCT07288034
ClinicalTrials.gov,NCT06426511,,NCT06426511,,,,Consolidation Toripalimab Therapy Guided by Circulating Tumor DNA (ctDNA)-Minimal Residual Disease (MRD) for Completely Resected Stage IB-IIIA Non-small-cell Lung Cancer (Without EGFR or ALK Alterations for Nonsquamous Lung Cancer),"This study aims to incorporate circulating tumor DNA (ctDNA)-minimal residual disease (MRD) to personalize the administration of consolidation toripalimab therapy in resected stage IB-IIIA non-small-cell lung cancer (NSCLC) after adjuvant therapy. Toripalimab is a humanized monoclonal antibody for human programmed cell death protein 1. Toripalimab was approved as a consolidation treatment after perioperative therapy in combination with chemotherapy for resectable stage III NSCLC. Most patients with stage IB-IIIA non-small cell lung cancer (NSCLC) are managed with surgery, follow by standard-of-care adjuvant platinum-based chemotherapy. However, postoperative recurrence rates remain high. Recent years, the role of checkpoint inhibitors has been proven to be effective in patients with advanced NSCLC, and even in patients with resectable NSCLC. Emerging data supports the use of consolidation checkpoint inhibitors therapy in localized NSCLC. Based on the results from Neotorch trial, consolidation toripalimab therapy led to a significant improvement in event-free survival for patients with resectable NSCLC. However, not all patients may benefit from consolidation therapy. Circulating tumor DNA (ctDNA) has emerged as a promising biomarker for early detection of minimal residual disease (MRD) in cancer surveillance. There is a critical need to identify MRD after curative therapies to determine which patients may benefit from consolidation toripalimab therapy. The aim of this study is to explore whether observation follow-up for patients with negative ctDNA after adjuvant therapy has a non-inferior prognosis for patients with positive ctDNA and received consolidation toripalimab therapy. This study aims to incorporate ctDNA-MRD to personalize the administration of consolidation toripalimab therapy for completely resected stage IB-IIIA NSCLC (without EGFR or ALK alterations for nonsquamous NSCLC). Inclusion Criteria:

* Subjects must have undergone complete surgical resection (R0) of their stage IB , II and select IIIA NSCLC according to the AJCC 8th edition staging;
* Squamous or non-squamous NSCLC histology;
* Subjects should be without EGFR or ALK alterations for nonsquamous NSCLC;
* Male and female, aged 18-75 years;
* Surgery for lung cancer must be completed ≤ 60 days prior to study treatment;
* Eastern Cooperative Oncology Group (ECOG) performance status of 0-1;
* Adequate hematological function: Absolute neutrophil count (ANC) ≥2.0 x 109/L, and Platelet count ≥100 x 109/L, and Hemoglobin ≥9 g/dL (may be transfused to maintain or exceed this level);
* Adequate liver function: Total bilirubin ≤ 1.5 x upper limit of normal (ULN), Aspartate aminotransferase (AST), alanine aminotransferase (ALT) ≤ 2.5 x ULN;
* Adequate renal function: Serum creatinine ≤ 1.25 x ULN, or ≥ 60 ml/min;
* Female subjects should not be pregnant or breast-feeding;
* Written informed consent provided. Being willing and able to comply with the visits, treatment plan, laboratory examinations and other study procedures scheduled in the study.

Exclusion Criteria:

* Not R0 resection, or metastatic disease.
* Subjects with known EGFR sensitive mutations or ALK translocation, EGFR and ALK mutation status needs to be identified for the subjects with non-squamous NSCLC;
* Previous treatment with systemic antitumor therapy for NSCLC;
* Severe allergic reaction to other monoclonal antibodies;
* Subjects with any known or suspected autoimmune disorder or immunodeficiency, with the following exceptions: hypothyroidism, hormone therapy is not needed, or well controlled at physiological dose; controlled type I diabetes;
* Uncontrolled active hepatitis B (defined as positive hepatitis B surface antigen in screening period with HBV-DNA detected higher than the upper limit of normal at the clinical laboratory of the study center); active hepatitis C (defined as positive hepatitis C surface antibody in screening period and positive HCV-RNA);
* Vaccination of live vaccine within 30 days prior to the first dose;
* Evidence of clinically active interstitial lung disease;
* Known history of testing positive for human immunodeficiency virus (HIV) or known acquired immunodeficiency syndrome (AIDS);
* Inability to comply with protocol or study procedures;
* Any unstable systemic disease (including active infection, active tuberculosis uncontrolled hypertension, unstable angina, congestive heart failure, myocardial infarction within the previous year, serious cardiac arrhythmia requiring medication, hepatic, renal, or metabolic disease);
* A serious concomitant systemic disorder that, in the opinion of the investigator, would compromise the patient's ability to complete the study and may confuse the study results;
* History of another malignancy in the last 5 years with the exception of the following: other malignancies cured by surgery alone and having a continuous disease-free interval of 5 years are permitted. Cured basal cell carcinoma of the skin and cured in situ carcinoma of the uterine cervix are permitted.
* Women who are pregnant or nursing.
* Ingredients mixed with small cell lung cancer patients.",Sun Yat-sen University,ClinicalTrials.gov,2024,"[""INTERVENTIONAL""]","[""Lung Cancer, Nonsmall Cell""]","[{""type"": ""DRUG"", ""name"": ""Toripalimab+Chemotherapy""}, {""type"": ""DRUG"", ""name"": ""Toripalimab+Chemotherapy followed by consolidation toripalimab""}]",RECRUITING,https://clinicaltrials.gov/study/NCT06426511
ClinicalTrials.gov,NCT06123754,,NCT06123754,,,,"A Randomized, Controlled, Double-blind, Multicenter Phase III Clinical Study of Envafolimab Plus Platinum-based Doublet Chemotherapy Versus Placebo Plus Platinum-based Doublet Chemotherapy in Patients With Non-small Cell Lung Cancer","This is a randomized, controlled, double-blind, multicenter Phase 3 clinical study to assess the efficacy and safety of envafolimab plus platinum-based doublet chemotherapy versus placebo plus platinum-based doublet chemotherapy as neoadjuvant/adjuvant therapy in subjects with resectable stage IIIA and IIIB (N2) NSCLC. Primary study endpoints are MPR rate assessed by BIPR and EFS assessed by BIRC. A total of approximately 390 participants are planned to be enrolled in this study. After being screened and qualified, the subjects will be randomly assigned to receive Envalfolimab or placebo plus platinum-based doublet chemotherapy in 1:1 ratio for a total of 3-4 cycles of neoadjuvant therapy (determined by the investigator), the feasibility of surgery is evaluated by the investigator within 4-6 weeks after the end of neoadjuvant therapy and surgery will be performed. Envafolimab (experimental group) or placebo (control group) will be administered after surgery. After completion of treatment, subjects will enter a follow-up phase, including safety follow-up, tumor disease follow-up, and survival follow-up.All randomized subjects in this study are required to receive tumor imaging evaluation as scheduled and get continuous safety assessment during the srceening and treatment period. Inclusion Criteria:

1. Volunteer to participate and sign the informed consent form.
2. Age ≥ 18 years old, regardless of gender.
3. Histological and/or cytological diagnosis of resectable stage IIIA-IIIB (N2) NSCLC.
4. Measurable lesions based on the response evaluation criteria in solid tumors version 1.1（RECIST 1.1）.
5. Have an Eastern Cooperative Oncology Group (ECOG) performance status of 0 to 1.
6. Subjects should provide tumor tissue for detection of PD-L1 expression level.
7. Sufficient organ and bone marrow function.
8. Expected survival ≥6 months.
9. The surgeon assessed that total lung function is able to withstand the proposed pneumonectomy procedure.

Exclusion Criteria:

1. Tumor histologically or cytologically confirmed or combined with neuroendocrine carcinoma components, or sarcomatous/sarcomatoid lesions, or adenosquamous carcinoma, or special pathological types.
2. Previous treatment with another drug that targets T cell receptors (e.g. CTLA-4, OX-40, etc.);
3. Participants with known EGFR mutation or ALK translocation, and non-squamous cell carcinoma subjects need to identify EGFR and ALK mutation status;
4. Upper lung sulcus tumor or locally advanced unresectable or metastatic disease.
5. Previous anti-tumor therapy for the disease.
6. Subjects with known or suspected interstitial pneumonia.Radiation pneumonia or other moderate to severe lung disease that may interfere with the detection or management of drug-related pulmonary toxicity and seriously affect respiratory function.
7. Any serious active infection.
8. With uncontrolled or significant cardiovascular and cerebrovascular disease.
9. Active autoimmune disease requiring systemic treatment.
10. Immunosuppressant or systemic hormone therapy (dose \>10 mg/ day prednisone or other therapeutic hormone) for immunosuppression within 14 days prior to randomization.",3D Medicines,ClinicalTrials.gov,2023,"[""INTERVENTIONAL""]","[""Non-small Cell Lung Cancer""]","[{""type"": ""DRUG"", ""name"": ""Envalfolimab subcutaneously injected+Platinum-based doublet chemotherapy intravenous injection""}, {""type"": ""DRUG"", ""name"": ""placebo subcutaneously injected +Platinum-based doublet chemotherapy intravenous injection""}]",RECRUITING,https://clinicaltrials.gov/study/NCT06123754
ClinicalTrials.gov,NCT06902272,,NCT06902272,,,,A Phase 2 Study of Circulating Tumor DNA to Predict Response to Neoadjuvant Treatment and De-escalation Adjuvant Immunotherapy in Early-Stage NSCLC (DNA-PREDICT),"The purpose of this study is to determine if a blood test called circulating tumor DNA (ctDNA) can be used to predict how well patients will respond to treatment and if there is any cancer left after surgery. The investigators will also study if a drug called pembrolizumab can help prevent the cancer from coming back in patients who are ctDNA-positive or who have evidence of cancer after treatment and surgery. Inclusion Criteria:

1. Eligible participants must be males or females ≥18 years of age on day of signing the informed consent form.
2. Eastern Cooperative Oncology Group (ECOG) Performance Status (PS) 0-1
3. Participants with histologically confirmed Stage IB (≥4 cm), II, or IIIB (N2) NSCLC (as per the 8th American Joint Committee on Cancer (AJCC)) who are considered resectable by a multidisciplinary team and who are going to be treated with neoadjuvant treatment including chemotherapy, immunotherapy, and in some cases radiation before surgery
4. Measurable disease according to Response Evaluation Criteria in Solid Tumors version 1.1 (RECIST 1.1)
5. Participants must have tumor tissue available for programmed cell death ligand 1 (PD-L1) immunohistochemical (IHC) testing performed by a third-party analyzing lab during the screening period:

   1. Either a formalin-fixed, paraffin-embedded (FFPE) tissue block or unstained tumor tissue sections, with an associated pathology report, must be submitted for biomarker evaluation prior to randomization. The tumor tissue sample may be fresh or archival if obtained within 6 months prior to enrollment
   2. Tissue must be a core needle biopsy, excisional or incisional biopsy. Fine needle biopsies obtained by endobronchial ultrasound (EBUS) are not considered adequate for biomarker review and randomization. Core needle biopsies obtained by EBUS are acceptable for randomization.

Exclusion Criteria:

1. Presence of locally advanced, unresectable, or metastatic disease. Mediastinal lymph node samples at levels 4 (bilaterally) and 7 are required for clinical staging to assess nodal involvement in participants with mediastinal adenopathy on positron emission tomography-computed tomography scan (PET/CT).
2. Participants with known epidermal growth factor receptor (EGFR) mutations or anaplastic lymphoma kinase (ALK) translocation
3. Previous exposure to anti-cancer therapy, including chemotherapy, radiotherapy or immunotherapy, and previous exposure to immunosuppressive drugs within 3 weeks before neoadjuvant treatment
4. Participants with impaired decision-making capacity .",University of Miami,ClinicalTrials.gov,2025,"[""INTERVENTIONAL""]","[""Non Small Cell Lung Cancer""]","[{""type"": ""DIAGNOSTIC_TEST"", ""name"": ""Circulating Tumor Deoxyribonucleic acid (ctDNA) Assay""}, {""type"": ""DRUG"", ""name"": ""Pembrolizumab""}, {""type"": ""DRUG"", ""name"": ""Platinum Doublet Chemotherapy""}]",RECRUITING,https://clinicaltrials.gov/study/NCT06902272
ClinicalTrials.gov,NCT06284317,,NCT06284317,,,,"An International, Multicentre, Open-label Randomised Phase III Trial to Evaluate the Benefit of Adding Adjuvant Durvalumab After Neoadjuvant Chemotherapy Plus Durvalumab in Patients With Stage IIB-IIIB (N2) Resectable NSCLC","ADOPT-lung is an international, multicentre, open-label randomised phase III trial. Protocol treatment consists of 3-4 cycles of neoadjuvant durvalumab in combination with platinum-based doublet chemotherapy, followed by surgery. Patients with R0 and R1 only resection will be randomised to receive either adjuvant durvalumab for 12 cycles (experimental arm) or observation (control arm). The primary objective of the study is to determine whether additional adjuvant immunotherapy with durvalumab after neoadjuvant chemo-immunotherapy has an effect on disease-free survival (DFS) in patients who do not achieve complete pathological response (pCR) as per local assessment according to the IASLC recommendations. Inclusion Criteria for enrolment:

* Histologically confirmed NSCLC.
* Stage IIB-IIIB (T1-4 N0-2) according to 8th edition of the TNM staging system of lung cancer.

Stage III assessment should include samples of lymph nodes at levels 4, bilaterally, and level 7 to rule out stage IIIB N3 disease.

T4 tumours will only be eligible if they are defined as T4 based only on their size (\>7cm); any other reason will be considered ineligible.

* Known PD-L1 status, as tested locally using a validated assay. To ensure comparability of results, it is strongly encouraged that PD-L1 testing is done with the Ventana PD-L1 (SP263) assay.
* Absence of EGFR mutation or ALK translocation, as tested locally.
* Primary tumour resectable and functionally operable as assessed per local multidisciplinary tumour board (cardiac evaluation, pulmonary function and diffusion capacity, comorbidity).
* Adequate haematological function:

Haemoglobin ≥90 g/L, Absolute neutrophil count (ANC) ≥1.0× 109/L, Platelet count ≥75× 109/L.

\- Adequate renal function: Measured creatinine clearance (CL) \>40 mL/min or calculated CL \>40 mL/min calculated by the Cockcroft-Gault.

\- Adequate liver function: ALT and AST ≤2.5× institutional ULN, Total serum bilirubin ≤1.5× institutional ULN (patients with Gilbert's syndrome may be allowed to be enrolled after consultation with the Medical Affairs Team at the ETOP IBCSG Partners Foundation.

* Eastern Cooperative Oncology Group (ECOG) performance status 0-1.
* Age ≥18 at the time of enrolment.
* Body weight \>30 kg.
* Life expectancy of at least 12 weeks.
* Women of childbearing potential, including women who had their last menstruation in the last 2 years, must have a negative urinary or serum pregnancy test at screening before enrolment. Pregnancy test must be repeated within 3 days before the first dose of protocol treatment.
* Written IC for study participation must be signed and dated by the patient and the investigator prior to any study-related intervention.

Eligibility Criteria for randomisation:

* Surgical resection must have been completed. Note: Participants who have had only had segmentectomy or wedge resections are not eligible for randomisation.
* Patients must have complete resection: R0 or R1 resection.
* Patients must be fit to receive adjuvant treatment with durvalumab.
* Patients must have no evidence of metastatic disease as assessed by CT scan.
* Documentation of pathological response as per local review must be available.

Exclusion Criteria for enrolment:

* T4 with invasion of heart, great vessels, carina, trachea, oesophagus, or spine.
* Any previous or concurrent treatments for NSCLC.
* Any previous immunotherapy.
* Major surgical procedure (as per investigators assessment) within 28 days before enrolment.
* History of allogenic organ transplantation.
* Active or prior documented autoimmune disease or inflammatory disorders (including inflammatory bowel disease \[e.g., colitis or Crohn's disease\], systemic lupus erythematosus, Sarcoidosis syndrome, or Wegener syndrome \[granulomatosis with polyangiitis, Graves' disease, rheumatoid arthritis, hypophysitis, uveitis, etc.\]). The following are exceptions to this criterion:

Patients with vitiligo or alopecia. Patients with type I diabetes. Patients with hypothyroidism (e.g., following Hashimoto syndrome) stable on hormone replacement.

Any chronic skin condition that does not require systemic therapy. Patients without active disease in the last 5 years may be included but only after consultation with the Medical Affairs Team at the ETOP IBCSG Partners Foundation.

Patients with celiac disease controlled by diet alone.

* Uncontrolled intercurrent illness, including but not limited to, ongoing or active infection, symptomatic congestive heart failure, uncontrolled hypertension, unstable angina pectoris, cardiac arrhythmia, interstitial lung disease (ILD), or serious chronic gastrointestinal conditions associated with diarrhoea.
* Psychiatric illness/social situations that would limit compliance with study requirement, substantially increase risk of incurring AEs or compromise the ability of the patient to give written informed consent.
* History of another primary malignancy except for:

Malignancy treated with curative-intent and with no known active disease 5 years before the first dose of durvalumab and of low potential risk for recurrence.

Adequately treated non-melanoma skin cancer or lentigo maligna without evidence of disease.

Adequately treated carcinoma in situ without evidence of disease.

* History of leptomeningeal carcinomatosis.
* History of active primary immunodeficiency.
* Active hepatitis infection, positive hepatitis C virus (HCV) antibody, hepatitis B virus (HBV) surface antigen (HbsAg) or HBV core antibody (anti-HBc).

Participants with a past or resolved HBV infection (defined as the presence of anti-HBc and absence of HbsAg) are eligible.

Participants positive for HCV antibody are only eligible if polymerase chain reaction is negative for HCV RNA.

* Known HIV infection that is not well-controlled. All of the following criteria are required to define an HIV infection that is well controlled: undetectable viral RNA load for 3 months, CD4+ count of 500 cell per mm3, no history of AIDS-defining opportunistic infection within the past 12 months, and stable for at least 3 months on the same anti-HIV medication.
* Current or prior use of immunosuppressive medication within 14 days before the first dose of durvalumab. The following are exceptions to this criterion:

Intranasal, inhaled, topical steroids, or local steroid injections (e.g., intra articular injection).

Systemic corticosteroids at physiologic doses not exceeding 10 mg/day of prednisone or its equivalent.

Steroids as premedication for hypersensitivity reactions (e.g., CT scan premedication).

\- Receipt of live attenuated vaccine within 30 days prior to the first dose of durvalumab.

Note: Patients in the ADOPT-lung trial, should not receive live vaccine whilst receiving durvalumab and for up to 30 days after the last dose.

Concurrent enrolment in another interventional clinical trial.

* Known allergy or suspected hypersensitivity to durvalumab or its excipients.
* Judgment by the investigator that the patient should not participate in the study if the patient is unlikely to comply with study procedures, restrictions, and requirements.
* Female patients who are pregnant or in the period of lactation.
* Female patients of childbearing potential and sexually active men who are not willing to use a highly effective contraceptive method during the trial until at least 90 days after the last dose of protocol treatment.",ETOP IBCSG Partners Foundation,ClinicalTrials.gov,2024,"[""INTERVENTIONAL""]","[""Non Small Cell Lung Cancer""]","[{""type"": ""DRUG"", ""name"": ""Adjuvant durvalumab""}]",RECRUITING,https://clinicaltrials.gov/study/NCT06284317
ClinicalTrials.gov,NCT04791215,,NCT04791215,,,,An Observational Study of Circulating Tumor DNA Genetic Alterations in Non-small Cell Lung Cancer Patients Treated With Pembrolizumab,"The purpose of this study is to learn how to use blood tests to better predict how patients with non-small cell lung cancer, who are taking pembrolizumab for cancer treatment, will respond to treatment with pembrolizumab, and to understand how the immune system and cancer interact.

Tests will be performed on tumor tissue and blood samples, and imaging assessments will be reviewed in order to monitor how well each patient responds to treatment. This is an observational study, so participants will not receive cancer treatment, other than the treatment received as standard of care. The primary and secondary endpoints of this study are to determine the kinetics of Circulating tumor DNA (ctDNA) as defined by a set of patient-specific tumor mutations. The analysis will be undertaken using the Signatera Assay from Natera. Circulating tumor DNA in plasma samples obtained over the course of pembrolizumab treatment will be assessed by high-intensity, next-generation genetic sequencing to identify genomic alterations in genes. The assay will target 16 defined patient specific mutations. Data acquired will be analyzed to characterize the association between these genetic elements, clinical response, and durability of responses. There will be prospective and retrospective groups for the study. Samples will be collected from patients in the prospective cohort who have been treated with pembrolizumab monotherapy at Columbia University Irving Medical Center under standard of care treatment. Subjects in the retrospective cohort will provide genetic data. Inclusion Criteria:

1. Diagnosis of NSCLC with a protein that acts as a kind of ""brake"" to keep the body's immune responses under control called Programmed Death Ligand-1 (PD-L1) Tumor Proportion Score (TPS) ≥ 1% and no known alterations in driver genes epidermal growth factor receptor (EGFR), anaplastic lymphoma kinase (ALK), or receptor tyrosine kinase (ROS1).
2. Retrospective cohort: subjects must consent to provide genetic data from previous whole exome sequencing (WES) in the form of FASTQ/BAM files (files that represent aligned genetic sequences) for creation of plasma ctDNA panels.
3. Prospective cohort: Subjects must consent to provide available archived tumor and blood for WES (matched tumor and normal) for creation of plasma ctDNA panels. The tumor sample must be from a site that was not previously irradiated or has progressed after radiation.
4. Ability to understand and the willingness to sign a written informed consent document.
5. Willing to comply with clinical trial instructions and requirements.
6. Both men and women of all races and ethnic groups are eligible for this trial

Exclusion Criteria:

1. Age \<18 years
2. Known history of autoimmune disease or other medical conditions that would preclude safe treatment with pembrolizumab.",Columbia University,ClinicalTrials.gov,2021,"[""OBSERVATIONAL""]","[""Non Small Cell Lung Cancer""]","[{""type"": ""OTHER"", ""name"": ""Observational""}]",TERMINATED,https://clinicaltrials.gov/study/NCT04791215
ClinicalTrials.gov,NCT07285434,,NCT07285434,,,,"Clinical Study of the Therapeutic Effectiveness of In-silico-Designed, Machine Learning Inspired, and Quantum-molecularly Coupled Personalized Neoantigenic Vaccines Microlyvaq™ in Patients With Advanced Non-small Cell Lung Cancer","Microlyvaq™ is a first-line, non-randomized, two-arm clinical trial in advanced non-small cell lung cancer (NSCLC). In both arms, patients receive a personalized multi-epitope vaccine (Microlyvaq™) on top of standard-of-care chemo-immunotherapy, with treatment tailored by histology:

Arm 1 - Squamous NSCLC: Microlyvaq™ + carboplatin AUC 5 + paclitaxel 175 mg/m² + pembrolizumab Arm 2 - Non-squamous NSCLC: Microlyvaq™ + carboplatin AUC 5 + pemetrexed 500 mg/m² + pembrolizumab Because this is a non-randomized study, patients are assigned to arms based on tumor histology (squamous vs non-squamous), not by random allocation.

The core problem it addresses is that even with pembrolizumab plus histology-appropriate chemotherapy, many patients either never respond or respond briefly and then progress. Tumors evade by exhausting T cells, excluding them from the tumor bed, evolving antigen loss, and maintaining suppressive myeloid and stromal niches. Microlyvaq™ is designed to overcome these resistance modes by actively installing new, durable, polyfunctional anti-tumor immunity rather than relying only on pre-existing T cells.

Here's how it works. Each patient's tumor is sequenced (whole exome and RNA-seq) to identify both well-known lung cancer-associated antigens (e.g. NY-ESO-1, SOX2, p53, MAGE-A4, BRAF, BMI1, FXR1, HuD, HuC, CAGE) and private neoantigens created by that tumor's specific mutations, fusions, and splice variants. From this large antigen pool, machine learning models score each candidate epitope for that specific patient. The models consider predicted HLA class I and II presentation, how efficiently the antigen will actually be processed and displayed, whether it's expressed in tumor but not healthy tissue, how essential it is to most malignant cells (to avoid easy escape), and whether it is likely to drive functional, non-exhausted T-cell responses. This is not a generic ranking; it is individualized per patient.

The most promising epitopes then undergo a quantum molecular coupling evaluation. Instead of simply asking whether a peptide binds a given HLA, Microlyvaq™ modeling simulates the peptide-MHC complex as a physical system and approximates solutions to Ĥψ = Eψ to estimate whether the peptide will form a stable, low-energy, presentation-competent conformation that a realistic T-cell receptor can dock to without high energetic penalty. Epitopes that look good in simple binding screens but are predicted to be unstable, transient, or geometrically inaccessible to TCRs are excluded. The remaining epitope set is engineered to: (1) recruit potent CD8⁺ cytotoxic T cells that can kill tumor cells, and (2) recruit CD4⁺ Th1 helper T cells that produce IFN-γ, TNF-α, and IL-2 to sustain and support those killers. The vaccine is therefore intentionally multi-epitope, Th1-biased, and patient-specific.

Each personalized Microlyvaq™ lot is manufactured under GMP and given as a prime-boost series in sync with pembrolizumab and the appropriate chemotherapy backbone for the patient's histologic arm (carboplatin/paclitaxel for squamous; carboplatin/pemetrexed for non-squamous). Timing is deliberate: chemotherapy induces immunogenic tumor cell death and antigen release and transiently ""opens up"" the tumor microenvironment, while pembrolizumab lifts PD-1-mediated brakes on emerging T cells. Microlyvaq™ is dosed into that vulnerable window to expand vaccine-encoded clones just as new antigen is exposed and suppression is partially relieved. The goal is to generate rapid tumor shrinkage, then sustained immune pressure on residual disease, plus epitope spreading - where the immune system begins to recognize additional tumor targets beyond those in the vaccine, making escape more difficult.

The trial itself is structured as a seamless, adaptive, non-randomized Phase I/IIa study, with two predefined histology-based arms (squamous vs non-squamous) rather than randomized treatment allocations. The primary early endpoint is objective response rate (RECIST v1.1). Key secondary endpoints include progression-free survival, duration of response, and overall survival. In addition, the study incorporates real-time translational signals as decision points, including:

1. polyfunctional Th1 and CD8⁺ responses to vaccine epitopes by ELISpot/ICS,
2. durable expansion and persistence of vaccine-linked TCR clonotypes in blood and, when feasible, in tumor,
3. rapid decline in circulating tumor DNA as an early molecular marker of tumor clearance,
4. improved tumor infiltration by CD8⁺ and Th1 cells, and
5. remodeling of the tumor microenvironment away from suppressive myeloid states. If a given histology arm shows strong clinical responses plus these immune/molecular signals, that arm can seamlessly expand into survival-powered confirmation. If it does not, predefined futility rules allow that arm to stop, all within this non-randomized, adaptive framework. This is an early Phase I, non-randomized, open-label, histology-stratified, two-arm interventional study evaluating Microlyvaq™, a personalized multi-epitope peptide vaccine, in combination with first-line pembrolizumab and platinum-based chemotherapy in adults with advanced or metastatic non-small cell lung cancer (NSCLC).

Patients are assigned to treatment arm according to tumor histology only (no randomization):

* Arm 1 (Squamous NSCLC): Microlyvaq™ + carboplatin AUC 5 + paclitaxel 175 mg/m² + pembrolizumab.
* Arm 2 (Non-squamous NSCLC): Microlyvaq™ + carboplatin AUC 5 + pemetrexed 500 mg/m² + pembrolizumab, with standard folate, vitamin B12, and corticosteroid premedication.

Rationale and Unmet Need Pembrolizumab plus platinum-based chemotherapy is a standard first-line option in metastatic NSCLC and improves survival compared with chemotherapy alone. However, many patients never respond, and responders often experience early progression. Current biomarkers (e.g., PD-L1 expression or tumor mutational burden) do not reliably predict durable benefit. Major causes of failure include incomplete or exhausted tumor-reactive T-cell repertoires, stromal and vascular barriers to T-cell infiltration, immunosuppressive myeloid and cytokine milieus, metabolic constraints in the tumor microenvironment, and antigenic escape under immune pressure. Releasing PD-1-mediated inhibition, even together with chemotherapy-induced antigen release, often does not generate a sustained, diversified, polyfunctional anti-tumor immune response.

Microlyvaq™ is designed to introduce into each patient a de novo, computationally defined set of tumor-directed T-cell specificities that are tailored to the individual tumor mutational and antigenic landscape, aligned with the patient's HLA genotype, and biased toward clonally important, difficult-to-lose lesions to reduce antigen-loss escape. The vaccine is administered in a prime-boost schedule intentionally synchronized with pembrolizumab and the histology-appropriate chemotherapy backbone.

The overarching early Phase I hypothesis is that a personalized multi-epitope vaccine can be safely integrated with standard chemo-immunotherapy, will induce measurable polyfunctional T-cell responses and favorable biomarker changes, and may provide preliminary signals of deeper and more durable clinical responses than would be expected with chemo-immunotherapy alone, thereby justifying later-phase studies.

Microlyvaq™ Platform (Tumor Profiling and Epitope Selection) For each participant, tumor material is analyzed using next-generation sequencing and HLA typing to generate a patient-specific pool of candidate antigens, including private neoantigens (from non-synonymous mutations, indels, fusions or splice variants) and selected tumor-associated antigens that are overexpressed in NSCLC. An AI/machine-learning-based immunogenetic scoring system evaluates each candidate epitope with respect to predicted HLA binding, processing and presentation, tumor specificity, clonality, and likelihood of immune escape. Quantum-inspired structural modeling is then used to further prioritize peptides predicted to form stable peptide-MHC complexes that are accessible to T-cell receptors. From this process, a finite panel of class I and class II peptides is selected to compose the personalized Microlyvaq™ lot for that patient.

The epitope selection algorithm is ""context-aware"" of the planned chemotherapy backbone (carboplatin/paclitaxel in Arm 1 vs carboplatin/pemetrexed in Arm 2), recognizing that these regimens differentially shape patterns of tumor cell death, vascular and stromal remodeling, and transient changes in lymphoid and myeloid compartments. Panels are therefore optimized with respect to both the patient's tumor biology and the expected treatment-induced immune milieu.

Manufacturing and Administration Microlyvaq™ is manufactured under Good Manufacturing Practice (GMP) conditions. Selected peptides are synthesized, purified, and blended into a multi-epitope peptide formulation, with standard identity, purity, sterility, and endotoxin testing and verification of chain-of-identity and chain-of-custody. Feasibility endpoints include the proportion of enrolled patients in whom a Microlyvaq™ lot can be successfully generated and released within a clinically relevant time window from biopsy to first vaccination, as well as logistical performance across manufacturing, storage, shipping, and on-site handling.

The vaccine is administered by subcutaneous or intradermal injection (final route defined in the protocol) in a prime-boost schedule coordinated with pembrolizumab and chemotherapy (e.g., a prime in Cycle 1 followed by boosts in subsequent cycles and, where appropriate, during pembrolizumab maintenance). Standard premedication and post-dose observation are used to monitor for local and systemic reactions.

Study Objectives and Assessments Because this is an early Phase I non-randomized trial, the primary focus is on safety, tolerability, and feasibility of integrating Microlyvaq™ into standard first-line regimens for squamous and non-squamous NSCLC. Treatment-emergent adverse events, serious adverse events, and immune-related adverse events will be collected and graded using standard criteria. Feasibility measures include adherence to the planned vaccination schedule and the ability to deliver individualized vaccine lots on time.

Key secondary and exploratory objectives include evaluation of vaccine-induced CD4⁺ and CD8⁺ T-cell responses against vaccine-encoded epitopes, T-cell receptor (TCR) repertoire dynamics (clonal expansion and persistence of vaccine-linked clonotypes), circulating tumor DNA (ctDNA) kinetics, and changes in the tumor microenvironment in patients who consent to on-treatment biopsies. Preliminary anti-tumor activity (e.g., overall response rate, duration of response, progression-free survival and overall survival per RECIST v1.1) will be described separately in each arm; the study is not powered for formal inter-arm comparisons.

Patient Population and Treatment Eligible patients are adults with advanced (stage IIIB/IIIC) or metastatic (stage IV) NSCLC who are candidates for first-line pembrolizumab plus platinum-based chemotherapy according to local standards, have ECOG performance status 0-1, adequate organ function, and sufficient tumor tissue for sequencing and HLA typing. Patients with squamous histology are assigned to Arm 1; those with non-squamous histology (e.g., adenocarcinoma or large-cell) are assigned to Arm 2. Key exclusions include prior PD-1/PD-L1/CTLA-4 blockade in the metastatic setting, uncontrolled CNS metastases, and clinically significant active autoimmune disease. Full eligibility criteria are specified elsewhere in the protocol.

Safety Monitoring and Oversight Patients will undergo regular clinical evaluations, laboratory testing, and radiologic assessments. Dosing of Microlyvaq™, pembrolizumab, and chemotherapy may be withheld, modified, or discontinued according to protocol-defined criteria in the event of toxicity. Immune-related toxicities will be managed in accordance with contemporary guidelines for checkpoint inhibitors, with additional guidance for suspected vaccine-related events. An independent Data Safety Monitoring Board (DSMB) will periodically review accumulating safety, feasibility, and emerging efficacy/biomarker data and may recommend modification, temporary suspension, or early termination of one or both histology-defined arms if warranted.

Sample Size and Design Summary The initial safety cohort will enroll 12 patients who will be evaluable for toxicity. If no Microlyvaq™-related adverse event of \> Grade 2 is observed in more than 3 patients and no Grade 4 Microlyvaq™-related toxicity is observed in any patient, enrollment may expand to a total of 30 patients across both non-randomized arms. Data from this early Phase I study are intended to support the feasibility, safety, and biological activity of Microlyvaq™ and to guide the design of subsequent Phase Ib/II trials in squamous and non-squamous NSCLC. Inclusion Criteria:

\-

Subjects are eligible if all of the following are met:

Age

≥18 years at the time of informed consent. Diagnosis / Histology

Histologically or cytologically confirmed non-small cell lung cancer (NSCLC) that is:

Non-squamous (e.g. adenocarcinoma, large-cell, NSCLC-NOS adjudicated non-squamous), or Squamous (if/when that stratum is open). Diagnosis must be locally documented and source-verifiable. Stage / Disease Status Stage IIIB / IIIC / IV or recurrent/metastatic NSCLC not amenable to curative surgery or radiotherapy, per AJCC 8th edition staging.

Disease is considered first-line metastatic/systemic setting:

No prior systemic therapy for advanced/metastatic disease in this line. Prior adjuvant/neoadjuvant therapy or consolidation chemo-RT is allowed if completed and the subject relapsed outside the protocol-defined disease-free interval (e.g. relapse ≥6-12 months after completion, per final protocol text).

Measurable Disease At least one measurable lesion per RECIST v1.1 at baseline imaging. Baseline imaging must be within 28 days prior to Day 1 (CT chest/abdomen/pelvis ± contrast, plus brain MRI if clinically indicated).

ECOG Performance Status ECOG 0 or 1 at screening. Subject must be ambulatory and clinically stable enough to receive combination therapy (pembrolizumab + chemo ± Microlyvaq™).

Adequate Organ and Marrow Function (Representative thresholds - to be finalized numerically in the protocol SOP, but typically:) Absolute neutrophil count (ANC) ≥1.5 × 10⁹/L. Platelets ≥100 × 10⁹/L. Hemoglobin ≥9.0 g/dL (transfusion allowed per institutional standard prior to enrollment).

AST and ALT ≤2.5 × upper limit of normal (ULN), or ≤5 × ULN if liver metastases are present.

Total bilirubin ≤1.5 × ULN (≤3 × ULN if known Gilbert's syndrome). Creatinine clearance / eGFR ≥45 mL/min/1.73 m² (sufficient for pemetrexed/platinum; final numeric cutoff may align to pemetrexed label).

Coagulation: INR and aPTT compatible with safe biopsy (if biopsy expected) per site policy.

Oxygenation: No resting hypoxemia prohibitive for safe treatment in investigator judgment.

Tumor Tissue Availability

Adequate tumor material must be available for:

PD-L1 assessment, DNA/RNA extraction (whole exome sequencing / RNA-seq or targeted panel sufficient for epitope discovery), High-resolution HLA typing support, Optional spatial profiling.

Acceptable sources:

Recent core needle biopsy or surgical specimen (preferred), OR Archival FFPE block or ≥15 unstained slides with documented tumor cellularity. Tumor cellularity must meet the minimum input requirement for sequencing and PD-L1 scoring (macrodissection allowed).

Biospecimen / Translational Willingness

Willing and able to provide required blood samples at protocol-defined timepoints:

PBMC (for ELISpot, ICS, TCR sequencing), Plasma/serum (for ctDNA, exosomal miRNA, cytokines), HLA typing. Willing to allow shipment of these biospecimens under chain-of-custody to central labs.

Willing to undergo optional on-treatment biopsy (e.g. around Cycle 3 / \~Week 6-9) if, in the investigator's judgment, it is clinically safe and technically feasible. If unsafe, liquid biopsy alone is acceptable.

Contraception / Reproductive Status Females of childbearing potential: negative pregnancy test at screening and prior to first dose.

Females of childbearing potential and males with partners of childbearing potential must agree to use highly effective contraception during study treatment and for the protocol-defined post-treatment window:

Typically ≥120 days after last pembrolizumab dose and ≥90 days after last Microlyvaq™ dose, whichever is longer (final timing per protocol).

No intention to conceive or donate gametes during this protection window. Informed Consent

Capable of understanding and signing informed consent(s), including:

Main study consent (chemo + pembrolizumab + Microlyvaq™), Genomic profiling / HLA typing consent, Optional on-treatment biopsy / leukapheresis consent (if applicable at site), Data/privacy language (GDPR-compliant). Willing to comply with study visits, dosing schedule, safety monitoring, PRO questionnaires (if enrolled in PRO subset), and survival follow-up.

Exclusion Criteria:

Subjects must not meet any of the following:

Prior Systemic Therapy in Metastatic Setting Any prior systemic therapy for metastatic / unresectable NSCLC in the current line.

Exception: prior adjuvant/neoadjuvant chemo, IO, or chemoradiation allowed if relapse occurred outside the protocol's defined exclusion interval (e.g. relapse ≥6-12 months after completion); exact interval to be specified.

Known Oncogene-Addicted Disease Requiring Targeted SOC Subjects whose tumors harbor actionable drivers for which an approved targeted therapy is standard first-line care (e.g. EGFR activating mutation, ALK rearrangement, ROS1 rearrangement, certain ERBB2/HER2 drivers, MET exon 14 skipping, RET fusion, NTRK fusion, KRAS G12C where local standard is targeted frontline) may be excluded or enrolled only in specific sub-cohorts if allowed by the statistical design.

Rationale: It may be unethical to withhold proven first-line targeted agents. The final protocol will define whether these genotypes are (a) excluded, (b) stratified, or (c) routed to a molecularly restricted exploratory cohort.

Uncontrolled CNS Disease Active, symptomatic brain metastases or leptomeningeal disease requiring immediate local intervention.

Allowed:

Previously treated/stable brain metastases are permitted if:

Clinically stable, Off high-dose steroids (e.g. \>10 mg prednisone equivalent daily) for ≥14 days before Day 1, No new/worsening neurologic symptoms for ≥2 weeks.

Excluded:

Ongoing steroid dependency above immunosuppressive thresholds, uncontrolled seizures, mass effect with high intracranial pressure, or unstable neuro deficits judged unsafe.

Autoimmune / Immune-Mediated Conditions of Concern Active, uncontrolled autoimmune disease that has required systemic immunosuppression \>10 mg/day prednisone-equivalent (or biologic immunosuppressive agent) within 14 days prior to Day 1.

History of severe (life-threatening) immune-related adverse event (irAE) to prior PD-1/PD-L1/CTLA-4 (e.g. Grade 4 pneumonitis, myocarditis, neurologic irAE that did not fully resolve), unless cleared by Medical Monitor.

Autoimmune disorders that are mild, stable, and not expected to flare under PD-1 blockade (e.g. controlled hypothyroidism on replacement; vitiligo; stable type 1 diabetes on insulin) may be allowed.

Significant Active Infection Any uncontrolled active infection requiring IV antibiotics or hospitalization at screening.

Uncontrolled HBV, HCV, or HIV viremia above protocol thresholds:

HBV: high viral load without appropriate antiviral management. HCV: untreated, high-level viremia with ongoing hepatic decompensation. HIV: uncontrolled (e.g. not on stable antiretroviral therapy, CD4 below a prespecified safe cutoff); final numeric cutoffs defined in protocol.

Active tuberculosis or other serious opportunistic infection. Clinically Significant Pulmonary Compromise Baseline pneumonitis requiring steroids. Prior ≥Grade 3 immune-mediated pneumonitis from checkpoint inhibitor therapy that did not resolve to ≤Grade 1.

Severe, uncontrolled interstitial lung disease that would make pembrolizumab plus investigational immunostimulation unsafe.

Other Serious Uncontrolled Comorbidities Uncontrolled congestive heart failure, unstable angina, recent myocardial infarction or stroke (typically \<6 months).

Clinically significant uncontrolled arrhythmia. Severe uncontrolled hypertension. Any condition that, in the investigator's judgment, would make study therapy unacceptably high risk (e.g. ECOG drift, frailty, severe malnutrition).

Bleeding Risk / Biopsy Unsuitability (When Biopsy is Expected) Active, clinically significant bleeding or coagulopathy that cannot be corrected.

Platelet count or anticoagulation status that, in investigator judgment, makes mandatory biopsy unsafe.

NOTE: If a site/arm requires an on-treatment biopsy for core analysis and it is deemed unsafe, subject may still be eligible if protocol allows liquid-biopsy-only participation in that stratum. (This must be explicitly permitted to avoid excluding medically fragile patients.) Known Hypersensitivity Known severe hypersensitivity (e.g. anaphylaxis) to pembrolizumab, to the planned chemotherapy backbone (e.g. pemetrexed, carboplatin) despite standard premedication strategies, or to critical Microlyvaq™ excipients / adjuvant components.

In pemetrexed-containing regimens: inability/unwillingness to receive mandatory folate and vitamin B12 supplementation and steroid premedication.

In carboplatin regimens: uncontrolled prior carboplatin hypersensitivity not manageable by desensitization.

Pregnancy / Breastfeeding Pregnant or breastfeeding at screening. Intention to become pregnant (or impregnate a partner) during study therapy or within the required contraception window after last dose.

Concurrent Participation in Confounding Interventional Trials Enrollment in another interventional clinical study that could confound efficacy/safety readouts or interfere with immune profiling.

Exceptions:

Non-interventional / observational registries, Certain supportive care trials with Medical Monitor approval, Protocol-approved combination substudies (if integrated under the Microlyvaq™ umbrella and statistically planned).

Any Condition That Interferes With Protocol Compliance

Inability or unwillingness to comply with:

Scheduled visits, Biospecimen collections (for HLA typing, PBMC isolation, ctDNA, etc.), Imaging schedule (q6 weeks through Week 24, then q9-12 weeks), Safety follow-up and PRO questionnaires (if PRO subset), Survival follow-up calls \~q12 weeks post-treatment. Cognitive, psychiatric, or social situations that in the investigator's judgment would preclude safe, reliable participation and follow-up.

Notes / Operational Clarifiers

HLA typing and sequencing feasibility:

The subject must have enough viable tumor + PBMC DNA/RNA to allow:

WES / RNA-seq or equivalent targeted sequencing for neoantigen discovery, High-resolution HLA-A/B/C typing. If a subject cannot generate a viable personalized epitope set (e.g. insufficient material for immunogen design), that subject may be ineligible for Microlyvaq™ dosing but could be eligible for safety follow-up / SOC reference cohorts, depending on how the arm is structured.

Brain metastases:

Stable, treated, asymptomatic brain mets are allowed. This matters in first-line metastatic NSCLC, because excluding all brain mets would make the trial clinically irrelevant. The key exclusion is uncontrolled CNS disease requiring urgent steroids/radiation/surgery.

Actionable oncogene drivers:

Final protocol must say explicitly whether EGFR/ALK/ROS1/etc. are:

excluded entirely, allowed but stratified, or diverted to exploratory ""post-standard-targeted-therapy"" cohorts. This is both ethical and regulatory: you don't want to randomize someone away from globally recognized, mutation-directed SOC.

Autoimmune disease:

The bar is not ""no autoimmune history ever."" It's ""no uncontrolled, high-risk autoimmune activity that would likely flare catastrophically when we give a personalized Th1-skewing vaccine + PD-1 blockade.""

Contraception window:

Needs to line up with pembrolizumab label and with any reproductive toxicity data from Microlyvaq™ (e.g. ≥120 days / ≥90 days windows). Keep that harmonized across patient materials, pharmacy manual, and consent.

This criteria block is inspection-facing: it protects safety, preserves interpretability of immune endpoints, ensures we can actually manufacture/deliver a personalized Microlyvaq™ lot, and keeps the population consistent with first-line pembrolizumab+chemo standards in advanced NSCLC.",Biogenea Pharmaceuticals Ltd.,ClinicalTrials.gov,2025,"[""INTERVENTIONAL""]","[""NSCLC (Non-small Cell Lung Cancer)"", ""Squamous Lung Cancer With FGFR1 Amplification"", ""Non-Squamous Non Small Cell Lung Cancer""]","[{""type"": ""BIOLOGICAL"", ""name"": ""Microlyvaq™ (Personalized Multi-Epitope Immunotherapeutic)""}]",ENROLLING_BY_INVITATION,https://clinicaltrials.gov/study/NCT07285434
ClinicalTrials.gov,NCT05059444,,NCT05059444,,,,ORACLE: Observation of ResiduAl Cancer With Liquid Biopsy Evaluation,"The purpose of ORACLE is to demonstrate the ability of a novel ctDNA assay developed by Guardant Health to detect recurrence in individuals treated for early-stage solid tumors. It is necessary that ctDNA test results are linked to clinical outcomes in order to demonstrate clinical validity for recurrence detection and explore its value in a healthcare environment subject to cost containment. Inclusion Criteria:

* Age \> 18 years old AND
* Initial treatment is given with curative/radical intent AND
* Are planning to undergo regular follow-up and monitoring for cancer recurrence per standard of care at the enrolling site AND
* Provided written informed consent to participate in the study AND
* Are willing to have de-identified clinical data shared with investigators at regular intervals as outlined in the study protocol and informed consent AND
* Are willing to provide blood samples at enrollment and at subsequent clinical visits coinciding with standard of care follow-up, for up to 5 years as outlined in the study protocol and informed consent AND
* Have at least one Landmark blood sample

Have a histologically confirmed Index Cancer that qualifies for inclusion, defined as:

Primary Study Cohorts

* Cohort 1: Cohort 1: Muscle invasive carcinoma of the bladder, ureter, or renal pelvis (stage II-III),
* Cohort 2: Cohort 2: Non-small cell lung cancer (stage IB-III):

Cohort 2A: Resectable OR Cohort 2B: Unresectable,

* Cohort 3: Invasive breast carcinoma with hormone receptor (e.g. estrogen receptor (ER) and progesterone receptor (PR) expression) and human epidermal growth factor receptor 2 (HER2) status known and one the following:

Cohort 3A: High-risk2 HER2+ breast cancer (any ER, PR status allowed) OR Cohort 3B: High-risk2 triple negative breast cancer (TNBC) OR Cohort 3C: High-risk3 HR-positive/HER2-negative invasive breast carcinoma,

* Cohort 4: Stage IIB-III cutaneous melanoma or limited (resectable) stage IV melanoma treated with curative intent,
* Cohort 5: Esophageal or gastroesophageal junction carcinoma (stage II-III),
* Cohort 6: Gastric adenocarcinoma (stage II-III),
* Cohort 7: Pancreatic adenocarcinoma that is has been surgically resected or is eligible for surgical resection,
* Cohort 8: Invasive squamous cell carcinoma of the head and neck (Includes stage I-IVB oral cavity, oropharynx, hypopharynx, larynx, nasopharynx, nasal cavity, and paranasal sinus cancers),
* Cohort 9: High-risk epithelial ovarian or Fallopian tube carcinoma (Defined as FIGO stage IC-III or stage IA-IB that has high grade or clear cell histology),
* Cohort 10: High-risk endometrial carcinoma (Defined as 2023 FIGO Stage II-III),
* Cohort 11: High-risk renal cell carcinoma (Defined as high grade (grade 3-4) stage II, stage III or limited (resectable) stage IV treated with curative intent)

Exploratory Cohort

* Cohort 12: Pathologically confirmed adenocarcinoma of the rectum (located up to 15 cm from the anal verge) that is undergoing or underwent a preoperative chemotherapy- or immunotherapy- containing regimen

Exclusion Criteria:

* History of allogeneic organ or tissue transplant
* Index cancer has predominantly neuroendocrine histology
* History of another primary cancer diagnosed within 3 years of enrollment, with the exception that in situ cancers, non-melanoma skin carcinomas, localized low- or intermediate risk prostate cancers, and stage I papillary thyroid carcinoma, and participants with bilateral/multifocal tumors within the same organ (for example, bilateral breast cancer) are allowed if diagnosed within 3 years of enrollment
* Known distant metastasis at time of enrollment (with the exception of participants with limited/resectable stage IV cutaneous melanoma or RCC)","Guardant Health, Inc.",ClinicalTrials.gov,2021,"[""OBSERVATIONAL""]","[""Bladder Carcinoma"", ""Ureter Carcinoma"", ""Renal Pelvis Carcinoma"", ""Non-small Cell Lung Cancer"", ""Invasive Breast Carcinoma"", ""Cutaneous Melanoma"", ""Esophageal Carcinoma"", ""Gastroesophageal Junction Carcinoma"", ""Gastric Adenocarcinoma"", ""Pancreatic Adenocarcinoma"", ""Squamous Cell Carcinoma of the Head and Neck"", ""Epithelial Ovarian Carcinoma"", ""Fallopian Tube Carcinoma"", ""Endometrial Carcinoma"", ""Renal Cell Carcinoma"", ""Rectal Adenocarcinoma""]","[{""type"": ""DIAGNOSTIC_TEST"", ""name"": ""Guardant Reveal""}]",RECRUITING,https://clinicaltrials.gov/study/NCT05059444
ClinicalTrials.gov,NCT06241807,,NCT06241807,,,,A Phase II Trial of Neoadjuvant Camrelizumab Combined With Chemotherapy for Resectable Stage IIIA-IIIB Non-Small Cell Lung Cancer,"This study aims to evaluate the efficacy and safety of neoadjuvant camrelizumab combined with chemotherapy in resectable stage IIIA and IIIB (T3-4N2) non-small cell lung cancer (NSCLC) patients. Inclusion criteria are: age 18-75, pathologically confirmed resectable stage IIIA-IIIB (T3-4N2) NSCLC, absence of EGFR, ALK, and ROS1 gene mutations, and Eastern Cooperative Oncology Group (ECOG) status 0-1. All patients receive three cycles of camrelizumab combined with platinum-based doublet chemotherapy, followed by curative surgery within 4-6 weeks after completion of chemotherapy. Patients undergo 18F-fluorodeoxyglucose (FDG) PET/CT scans in 1 week before treatment and 1 week before surgery, and peripheral blood samples are collected for biomarker analysis. The primary endpoints for follow-up are pathologic complete response (pCR) rate and major pathological response (MPR) rate, while secondary endpoints include safety and progression-free survival. Exploratory endpoints include molecular imaging research and biomarker analysis. Inclusion Criteria:

* Age 18-75
* Pathologically confirmed resectable stage IIIA-IIIB (T3-4N2) NSCLC
* Absence of EGFR, ALK, and ROS1 gene mutations
* Eastern Cooperative Oncology Group (ECOG) status 0-1
* Signed written informed consent prior to the implementation of any trial-related rocedures
* Adequate organ function, evidenced by laboratory results with no contraindications to chemotherapy: Absolute neutrophil count ≥ 1,500 х109/L, Thrombocytes ≥ 100 х 109/L, Hemoglobin ≥ 90 mg/L, Creatinine ≤ 1.5 x ULN or creatinine clearance (calculated using the Cockcroft-Gault formula) ≥ 40 mL/min, Alanine aminotransferase (ALT) and aspartate aminotransferase (AST) \&gt; 2.5 x upper limit of normal (ULN), Alkaline phosphatase (ALP) \&gt; 5 x ULN, Bilirubin \&gt; 1.5 х ULN

Exclusion Criteria:

* Patients diagnosed with any other malignant tumor
* Have received prior therapy with chemotherapy or immune checkpoint inhibitor
* Insufficient caloric and/or fluid intake despite consultation with a dietitian and/or tube feeding
* Have an active infection requiring systemic therapy that has not resolved 3 days (simple infection, such as cystitis) to 7 days (severe infection, such as pyelonephritis) before the first dose of trial treatment
* Patients who cannot tolerate chemoradiotherapy or surgery due to severe cardiac, lung dysfunction
* A history of interstitial lung disease or non-infectious pneumonia
* Active autoimmune disease with systemic therapy (ie, use of disease modifiers, corticosteroids, or immunosuppressive drugs) in the past 2 years
* Known history of human immunodeficiency virus (HIV) infection (i.e., positive for HIV 1/2 antibody) and various viral hepatitis infections
* Patients who have received allogeneic stem cell or solid organ transplantation
* Women during pregnancy or lactation",Shandong Cancer Hospital and Institute,ClinicalTrials.gov,2024,"[""INTERVENTIONAL""]","[""IMMUNOTHERAPY"", ""Neoadjuvant Therapy"", ""Resectable Lung Non-Small Cell Carcinoma"", ""Biomarkers / Blood""]","[{""type"": ""DRUG"", ""name"": ""Camrelizumab Plus Chemotherapy""}]",RECRUITING,https://clinicaltrials.gov/study/NCT06241807
ClinicalTrials.gov,NCT03926260,,NCT03926260,,,,Non-controlled Prospective Pilot Study Assessing Prognostic Performance of Circulating Tumour DNA Kinetic Analysis for Monitoring Response to Treatment of Metastatic Non-small Cell Lung Cancers,"In patients with locally advanced or metastatic tumors, first-line therapeutic management is based on the use of targeted therapies (EGFR, BRAF ALK and ROS1 inhibitors), immunotherapies (anti-PD1/ anti-PDL1-antibodies or chemotherapy.

Despite patient selection based on histo-pathological and molecular criteria, not all patients respond to treatment. There are currently no markers to definitively guarantee a patient's response.

An alternative is to identify early patient response to treatment. The investigator hypothesize that change in circulating tumor DNA concentration (ctDNA) allow to early identify patients' therapeutic response (and non-response) of patients, regardless of the type of treatment used in the first line setting. The primary objective is to determine whether early evolution (between baseline and week 3) of circulating tumor DNA concentration predicts the radiological response to first-line treatment of advanced or metastatic NSCLC patients, regardless of treatment Inclusion Criteria:

* Metastatic or locally advanced non-small cell lung cancer (stage III or IV)
* At least one measurable target according to RECIST criteria
* Identification of at least one molecular alteration in the tissue sample analyzed in the framework of patient management
* Performance Status 0 to 2
* Affiliated to a social security system
* Patient who can be followed under the protocol
* Patient agreed to participate in the study and gave his/her express consent

Exclusion Criteria:

* Minor
* Small cell or mixed bronchial cancer
* Radiotherapy (except radiotherapy for antalgic purposes) during the last 7 days
* Patient who has already started a first line of treatment
* Patient already included in an interventional research protocol that may have an impact on the results of the ELUCID study
* History of cancer (with the exception of non-melanoma skin, cervical cancer in situ, adequately treated) with sign of illness during the last 5 years
* Patient which, does present a substantial risk of recurrence.
* Major under guardianship, curators or deprived of liberty
* Pregnant or lactating woman, or of childbearing age without effective contraception
* Not affiliated to a social security system
* Inability to understand the protocol and / or to give express consent",Centre Hospitalier Departemental Vendee,ClinicalTrials.gov,2019,"[""INTERVENTIONAL""]","[""Metastatic Non-small Cell Lung Cancer""]","[{""type"": ""OTHER"", ""name"": ""ctDNA analysis""}]",COMPLETED,https://clinicaltrials.gov/study/NCT03926260
ClinicalTrials.gov,NCT07754812,,NCT07754812,,,,"A Multicenter, Open-Label, Single-Arm Phase I/II Study of Oral Paclitaxel Solution Combined With an Immune Checkpoint Inhibitor and Concurrent Stereotactic Body Radiotherapy as Neoadjuvant Treatment in Older Patients With Resectable Stage IIA-IIIB Non-Small Cell Lung Cancer","his multicenter, open-label, single-arm phase I/II trial will evaluate the safety, tolerability, and preliminary efficacy of oral paclitaxel solution combined with an immune checkpoint inhibitor and concurrent stereotactic body radiotherapy (SBRT) as neoadjuvant therapy in patients aged 70 years or older with resectable stage IIA-IIIB non-small cell lung cancer (NSCLC) without sensitizing EGFR, ALK, or ROS1 alterations.

In Phase I, a 3+3 dose-escalation design will evaluate oral paclitaxel at 80, 120, and 160 mg/m² administered orally on Days 1 and 8 of each cycle, divided into morning and evening doses, in combination with an investigator-selected anti-PD-1 or anti-PD-L1 monoclonal antibody and SBRT at 8 Gy in 3 fractions. Phase II will expand enrollment at the recommended Phase II dose (RP2D). The principal efficacy outcome is pathologic complete response after surgery. Other outcomes include major pathologic response, radiographic response, event-free survival, overall survival, surgical resection and R0 resection rates, and exploratory biomarker changes. Older patients with NSCLC may have reduced organ reserve, more comorbidities, and a higher risk of toxicity from standard platinum-based chemotherapy, intensive radiotherapy, or multimodality treatment. The study is designed to explore a potentially lower-intensity neoadjuvant regimen that combines oral paclitaxel solution, immune checkpoint blockade, and precision radiotherapy.

Phase I will use a conventional 3+3 dose-escalation design. Oral paclitaxel solution will be evaluated at 80, 120, and 160 mg/m² on Days 1 and 8 of each cycle, administered in divided morning and evening doses. An anti-PD-1 or anti-PD-L1 monoclonal antibody will be selected by the investigator according to standard of care and administered according to the approved prescribing information. Concurrent SBRT will be delivered at 8 Gy per fraction for 3 fractions to the primary lung tumor and selected nodal regions. The Phase I objective is to evaluate safety and identify the RP2D.

Phase II will enroll additional participants at the RP2D to evaluate antitumor activity and feasibility. Participants who remain suitable for radical lung cancer surgery are intended to undergo resection after completion of neoadjuvant treatment. The study will assess pathologic response, radiographic response, surgical feasibility, event-free survival, overall survival, and changes in immune cell subsets, circulating tumor DNA, and PD-L1 expression. Inclusion Criteria:

* Age 70 years or older, regardless of sex.
* Eastern Cooperative Oncology Group (ECOG) performance status of 0 or 1.
* Histologically confirmed non-small cell lung cancer, clinical stage IIA-IIIB according to the 8th edition of the AJCC staging system.
* No evidence of distant metastasis and considered suitable for radical lung cancer surgery.
* The primary lung lesion is suitable for stereotactic body radiotherapy.
* No sensitizing driver alterations in EGFR, ALK, ROS1, or other tested actionable genes.
* Adequate major organ function, including all of the following:
* Absolute neutrophil count at least 1.5 × 10\^9/L, platelet count at least 100 × 10\^9/L, and hemoglobin at least 9 g/dL.
* Total bilirubin no more than 1.5 × the upper limit of normal; alanine aminotransferase and aspartate aminotransferase no more than 2.5 × the upper limit of normal.
* Serum creatinine no more than 1.5 × the upper limit of normal or creatinine clearance at least 60 mL/min.
* Urine protein less than 1+; if urine protein is 1+, 24-hour urine protein must be less than 500 mg.
* Blood glucose within the normal range or stable glycemic control in participants with diabetes.
* Baseline forced expiratory volume in 1 second (FEV1) at least 2 L; if FEV1 is less than 2 L, the predicted postoperative FEV1 must be greater than 800 mL as assessed by a thoracic surgeon.
* No myocardial infarction within the previous year, no unstable angina, no symptomatic severe arrhythmia, and no cardiac insufficiency.
* The participant has been fully informed and voluntarily provides written informed consent.

Exclusion Criteria:

* Prior lobectomy, thoracic radiotherapy, or systemic antitumor therapy.
* Another concurrent malignancy or a history of another malignancy cured less than 5 years before enrollment, except adequately treated cervical carcinoma in situ or basal cell or squamous cell carcinoma of the skin.
* Active autoimmune disease or a history of autoimmune disease requiring systemic immunosuppressive treatment.
* Active infection requiring systemic treatment, active tuberculosis, human immunodeficiency virus infection, active hepatitis B or hepatitis C, active syphilis, or another active transmissible infection specified by the protocol.
* Severe cardiac, hepatic, renal, or metabolic disease that precludes surgery or study treatment.
* History of interstitial lung disease or drug-induced pneumonitis, or imaging evidence of active interstitial lung disease.
* Uncontrolled large pleural effusion or pericardial effusion.
* Major surgery, severe trauma, or treatment with another investigational drug within 4 weeks before enrollment.
* Recent receipt of an anticancer vaccine or live vaccine.
* Any other condition that, in the investigator's opinion, makes the participant unsuitable for the study or may interfere with interpretation of the study results.","Shanghai Pulmonary Hospital, Shanghai, China",ClinicalTrials.gov,2026,"[""INTERVENTIONAL""]","[""NSCLC (Non-small Cell Lung Cancer)""]","[{""type"": ""DRUG"", ""name"": ""Oral Paclitaxel Solution""}, {""type"": ""DRUG"", ""name"": ""PD-1/PD-L1 inhibitor""}, {""type"": ""RADIATION"", ""name"": ""Stereotactic Body Radiotherapy (SBRT)""}, {""type"": ""PROCEDURE"", ""name"": ""Radical Lung Cancer Surgery""}, {""type"": ""RADIATION"", ""name"": ""Stereotactic Body Radiotherapy (SBRT)""}]",RECRUITING,https://clinicaltrials.gov/study/NCT07754812
ClinicalTrials.gov,NCT06227728,,NCT06227728,,,,"Analysis of PD-L1, TMB, CTDNA in Immunotherapy Response Monitoring and Prediction in Advancer Lung Cancer Treatment.","This is an observational clinical trial, aiming to investigate whether the ctDNA dynamics could predict early response to ICIs in patients with advanced-stage cancer. Moreover, conventional tumor markers PD-L1, TMB and MSI are to be investigated for their combined prognostic values in ICI treatment. This study is recruiting female and male patients, aged 18 and older:

* Who are diagnosed with stage IV cancer (lung, colorectal, breast, liver, gastric…) and indicated for ICI (first or second line). Concurrent chemotherapy with ICI is allowed.
* Who have not started ICI before enrollment,
* Compliant with treatment protocol,
* Who have no medical or psychiatric conditions or occupational, responsibilities that may preclude compliance with the protocol,
* Who consented to participate in the study.

Sample collection.

* 10 mL of peripheral blood (in Streck tubes) is collected for ctDNA analysis at 5 time points: pre-treatment (\<10 days before ICI), during ICI every 3 months until 12 months.
* 6-8 sections of formalin-fixed paraffin-embedded (FFPE) tumor samples.

As part of the protocol, demographic data, height, weight, medical and family history, and any relevant prior concomitant medication data will be recorded during follow-up visits. All patients are to be followed for 2 years from enrollment, with CT scan/ MRI/ PET-CT imaging measured every clinical visit for 24 months.

Tumor sample processing,

Genomic DNA was isolated from FFPE and matching white blood cells (WBC) samples by the QIAamp DNA FFPE Tissue Kit (Qiagen, USA) and the MagMAX™ DNA Multi-Sample Ultra 2.0 kit (ThermoFisher, USA) respectively according to manufacturers' instructions. DNA fragmentation and library preparation for both FFPE and WBC samples were performed using the NEBNext Ultra II FS DNA library prep kit (New England Biolabs, USA). Libraries were hybridized with predesigned probes for a gene panel of 473 targeted genes (Integrated DNA Technologies, USA). This gene panel was curated from large public cancer databases, high-impact cancer genomic studies, and particularly in-house database of prevalent mutations from \>10,000 cancer patients. The panel included entire exons of 473 genes, promoter region of TERT, and selected introns of 6 common fusion genes. Massive parallel sequencing of DNA libraries was performed on the DNBSEQ-G400 sequencer (MGI, China) with an average depth of 500X for FFPE and 500X for WBC samples.

TMB and MSI analysis,

TMB calculation was performed using our in-house developed script to divide the total number of eligible somatic variants by the size of the interrogated panel. An eligible somatic variant must meet all of the following criteria: (1) pass filtering parameters of the variant calling pipeline, (2) not likely a germline variant as filtered by the dbSNP database, (3) locate within the coding region, (4) not a synonymous mutation, (5) have VAF ≥ 5%, allele depth ≥ 5X, total depth ≥ 15X. The panel size was counted for the bases within coding regions with the minimal total depth ≥ 15X. The threshold for TMB-High (TMB-H) was determined as 10 mutations/Mb.

For MSI status, unstable microsatellite loci were detected by MSIsensor-pro (v1.2.0) in matched tumor-normal mode. If the proportion of unstable loci among all detected microsatellite loci was at least 20%, the sample was determined as MSI-High (MSI-H).

Tumor variant calling and ranking,

Sequencing data were processed based on best practices workflows from Genome Analysis Tool Kit (GATK) for somatic variant calling. Specifically, reads were aligned to the human reference genome (GRCh38) by BWA-MEM (v0.7.15). Post-alignment procedures including sorting, marking duplicated reads, and accessing alignment quality were done by Picard (v2.25.6). Somatic variants were called by GATK MuTect2 (v4.0.12.0) in the tumor-normal mode for paired FFPE and WBC samples with the use of a panel of normals and the population allele frequency from The Genome Aggregation Database (gnomAD). All filtered variants were further assessed for their functional impact using Variant Effect Predictor with the data from COSMIC and Clinvar databases. For mutational spectrum analysis, a minimum Variant allele frequency (VAF) of 5% in FFPE was applied for additional filtering. The annotated Variant Call Format (VCF) was then converted to the Mutation Annotation File (MAF) format using vcf2maf (doi:10.5281/zenodo.593251). The MAF data were analyzed and visualized by the 'maftools' in R package v3.4.2. All non-synonymous alterations were ranked by our K-TrackTM scoring algorithm to identify the most potential tumor-derived mutations to track. The top mutations unique to each patient were selected to design bespoke multiplex PCR assays in plasma.

Plasma sample processing and multiplex PCR,

cfDNA was extracted from plasma samples using the MagMAX™ Cell-Free DNA Isolation Kit (ThermoFisher, USA). Compatible primers were designed by Primer-BLAST software and synthesized by PhuSa Biochem, Vietnam. cfDNA fragments carrying the selected mutation sites were amplified in a bespoke multiplex PCR reaction containing designed primer pairs and enzyme KAPA HiFi DNA Polymerase (Roche, USA). Additionally, cfDNA fragments were also amplified in another multiplex PCR reaction, including primer pairs that amplify 50 target gene regions containing mutations for targeted therapy, drug resistance, and frequent mutations in metastatic lung cancer. Amplified cfDNA fragments were indexed and sequenced on the NextSeq 2000 system (Illumina, USA) with an average depth of 100,000X per amplicon. Amplicons with less than 10,000X coverage were considered unsuccessful.

Plasma variant calling and ctDNA analysis,

The raw fastq data of amplicons were removed adapters with Trimmomatic (v0.39), mapped to the human reference genome (GRCh38) using BWA-MEM (v0.7.15), sorted and marked duplicates using Picard (v2.25.6). Variant calling was performed using mpileup from Samtools (v1.11). A plasma sample that had at least one mutation with VAF above 0.05% was defined as ctDNA positive. Inclusion Criteria:

* 18 years and older, both genders.
* Patients are diagnosed with stage IV cancer (lung, colorectal, breast, liver, gastric…) and indicated for ICI (first or second line). Concurrent chemotherapy with ICI is allowed.
* FFPE/FNA sample is available.
* Compliant with treatment protocol.
* Patients consented to participate in the study.

Exclusion Criteria:

* Patients already started ICI before enrollment.
* Consolidation ICI (eg. Durvalumab).
* Patients already started chemotherapy before enrollment.
* Medical or psychiatric conditions or occupational responsibilities that may preclude compliance with the protocol.
* Patients did not agree to participate in the studies.",Gene Solutions,ClinicalTrials.gov,2024,"[""OBSERVATIONAL""]","[""Non Small Cell Lung Cancer"", ""Breast Cancer"", ""Colorectal Cancer"", ""Gastric Cancer"", ""Liver Cancer"", ""Advanced Cancer"", ""Immune Checkpoint Inhibitor""]",[],RECRUITING,https://clinicaltrials.gov/study/NCT06227728
ClinicalTrials.gov,NCT04591431,,NCT04591431,,,,The Rome Trial From Histology to Target: the Road to Personalize Target Therapy and Immunotherapy,"This is a randomized, prospective, multicenter, Proof of Concept, Phase II clinical trial Study. The main objective of the study is to evaluate the efficacy (meant as overall response rate ORR) of TT (targeted Therapy) vs SoC (standard of Care) in patients with progressive disease (recurrent and/or metastatic) of breast cancer, metastatic gastro-intestinal tumors, non small cell lung cancer (NSCLC) or others. Patients should have completed at least 1 line of treatment and no more than 2 as defined by the current version of the AIOM (Italian Association of Medical Oncology) guidelines. Patients are included if surgery is contraindicated. Personalizing cancer medicine depends on the implementation of personalized diagnostics and therapeutics. Detailed genomic and gene expression signatures screening are likely to play a central role in this. Personalized Medicine has been widely depicted as a striking innovation, that is able to reform the standard approach to disease management, replacing the one-size-fits-all scheme of medicine with a single-patient-sized medical intervention.

Personalized medicine promoters usually highlight its potential to combine a more effective health-care with costs containment, according to the following rules:

* monitoring of disease risks and more effective prevention;
* early intervention;
* selection of optimal therapy;
* reduction of trial-and-error prescribing and reduction of adverse drug reactions;
* exclusion of unnecessary drugs;
* therapeutic drug monitoring and disease progression/remission monitoring;
* increased patient compliance with therapy. In spite of expectations, many unsolved practical issues, from technical and scientific to ethical, legal and economic topics, are slowing down the translation of personalized medicine principles into medical practice. Furthermore, wide adoption of personalized strategies also has to deal with the peculiar rules, policy and reimbursement system of each country.

Application of Personalized Medicine in the real world seems entangled by the unmet need to develop evidence-based guidelines.

The benefits of personalized medicine in routine clinical practice have firstly emerged in oncology. The power of precision medicine in the field of anticancer therapy resides in the possibility to characterize the genomic profile of both the disease (eg somatic mutations in the tumor tissue or blood sample) and the patient (eg the germinal genomic profile). The first piece of information allows stratification of patients in responder and non-responder to specific drugs, improving efficacy and avoiding wasting of expensive medications as biological drugs. Personalized medicine for cancer can be classified in:

* targeted therapy (which bloks the growth of cancer cells by interfering with specific molecular targets of cancer cells) or
* immunotherapy (which use the body'immune system to fight cancer cells by stimulating the immune system) Targeted therapy belongs to Personalized Medicine approach and the study of genetic mutations on tumor tissue or blood sample (CTC or cfDNA ) are changing the scenario of the treatment approach of cancer patients.

In clinical practice, the use of target therapies driven by mutation's assessment has radically changed the survival of patients affected by breast cancer, NSCLC, melanoma, colo-rectal cancer, while the clinical application of specific gene expression signatures is driving the choice of the best adjuvant strategy in early breast cancer.

Despite the efficacy of such approach its use is restricted to a relatively small fraction of patients and the evaluation of mutation is conditioned by the primary site of the cancer, i.e. by the tumor histology. The current biological understanding leads to hypothesize that the cancer behavior is highly dependent from the underlying driver genetic alterations independently from the histology. It's widely demonstrated that such molecular alterations are detected regardless of the histology, and this has already modified the treatment approach of some cancers.

Furthermore, several studies have demonstrated the efficacy of the choice of treatment according to genomic evaluation regardless of its histology with acceptable cost-effectiveness profile.

In the context of precision medicine the Immuno-oncology is becoming Precision Immuno-oncology and the efforts of science are directed towards the identification of predictive biomarkers of response to immune checkpoint inhibitors.

Promising biomarkers are Microsatellite Instability (MSI) and the tumour mutational load (TMB). In particular TMB is a quantitative biomarker that reflects the total number of mutations carried by tumor cells. TMB is well-known to reflect neoantigens burden potentially recognized by the immune system. This has been shown to correlate with better anti-PD-1 response in particular for both pembrolizumab and nivolumab combined with ipilimumab .

The same findings were demonstrated in the OAK study considering peripheral blood mutational load and response to atezolizumab.

High tumor mutation burden (defined as tumors that have high ≥10 mutations/megabase, mut/mb) allows to identify 45% of patients who can benefit from immunotherapy regardless of PD-L1 expression. So, ever keeping in mind that although many evidences are available, the relationship between histology and genomic alterations is still under definition, as well as the relationship between the latter and gene expression.

The aim of the present investigation is to combine all of the information available to drive the therapy selection according to the genomic alteration profile. Therefore, the main objective of our study is to evaluate the efficacy of therapy according to genomic profile (TT - Tailored Treatment) versus Standard of Care (SoC). A molecular profile of the cancer will be evaluated on tumor tissue biopsy (using the Foundation One (with updated gene panel 324 gene reflecting CDx) at the time of patient inclusion in the trial and on circulating DNA fragments (i.e. using FoundationOne Liquid test) at the time of patient inclusion in the trial and at progression of disease.

This study is a Phase II, randomized, multicenter, Proof of Concept, clinical trial. Patients with progressive disease (recurrent and/or metastatic) of breast cancer, metastatic gastro-intestinal tumors, non small cell lung cancer (NSCLC) or others will be included. Patients should have completed at least 1 line of treatment and no more than 2 as defined by the current version of the AIOM guidelines. Patients are included if surgery is contraindicated.

Patients could have received targeted therapy for metastatic disease. A molecular profile of the cancer will be evaluated on tumor tissue biopsy and on ctDNA of around 1280 patients at patient inclusion.

After FO evaluations patients with actionable mutations, not previous identified with other methods, for which approved drugs according to histotype are available, will be excluded.

Once identified molecular abnormalities (not only those that are disease-specific), that can be modulated with target or immunotherapeutic intervention available within the present study, patients will be randomized to receive:

ARM A: Therapy at choice of physician, according to Standard of Care (SoC) ARM B: Tailored treatment according to genomic profile (Tailored Treatment, TT)

The Molecular Tumor Board (MTB) will define the target therapy and immunotherapy while standard treatment will be decided by study physicians.

Patients should remain in the treatment phase of the study until investigator assesses radiographic or clinical progressive disease, unmanageable toxicity, or study termination.

Tumor assessments will be conducted every 12 weeks from the date of randomization until any of the above events occurs.

Delays in treatment administration will not impact the timing of the tumor assessments. If a tumor assessment must be performed early/late, subsequent assessments will be conducted according to the original schedule of every 12 weeks from the date of randomization.

At the time of the first progression of disease:

* blood sample will be collected to evaluate the molecular profile of the cancer on circulating DNA fragments (i.e. using FoundationOne Liquid test)
* Study treatment (SoC or TT) will be interrupted waiting for the evaluations for the Rescue/Switched Phase

Tumor assessments must be conducted until progressive disease (PD for RECIST 1.1 or iCPD for iRECIST if clinically indicated), even if treatment has been discontinued due to investigator-determined PD or unacceptable toxicity.

After discontinuation of study treatment for reason different from progressive disease and withdrawal of consent, tumor assessments will continue until progression.

In addition, patients will be followed for survival until death, loss to follow-up, withdrawal of consent, or study termination. Inclusion Criteria:

1. Age ≥ 18 at time of signing Informed Consent Form
2. Patients able and willing to provide a written informed consent to participate to the study
3. Patients with recurrent/metastatic breast, gastrointestinal cancer,non small cell lung cancer or others
4. Patients not treatable with potentially curative surgery ot other loco-regional treatments.
5. Patients should have been completed at least or failed the first line of treatment for breast cancer, gastro-intestinal, non small cell lung cancer or other cancer
6. ECOG performance status from 0 to 1
7. Molecular target not actionable with approved drugs identified during screening by profiling with FoundationOne CDX on biopsy and FoundationOne Liquid CDx on blood
8. Biopsiable disease (tumor biopsy mandatory for tumor profiling). The biopsy must be performed during the screening period, when patients complete the conventional therapy for their recurrent/metastatic cancer. Historical samples will be considered for the study if collected within 3 months before the ICF signature of the patient. Samples older than 3 months, with a maximum timeframe of 6 months, and collected before progression of disease after the last treatment administered will be considered upon clinical judgement of the Investigator, after confirmation by the coordinating site or MTB. Samples obtained from a biospy of a metastatic lesion in progression after the last treatment administered represent the optimal tissue sample for genomic testing. Patients with glioblastomas and high grade malignant gliomas can be enrolled with the historical tissue samples.
9. Measurable disease, eligible to standard treatment. Patients must have measurable or evaluable disease defined, per RECIST 1.1 or irCS (immune related Response Criteria), as at least one lesion that can be accurately measured in at least one dimension (longest diameter to be recorded for non-nodal lesions and short axis for nodal lesions) as ≥20 mm with conventional techniques or as ≥10 mm with spiral computed tomography (CT) scan, Magnetic Resonance Imaging (MRI), or a subcutaneous or superficial lesion that can be measured with calipers by clinical exam. For lymph nodes, the short axis must be ≥15 mm. Patients who have assessable disease by physical or radiographic examination but do not fully meet the above definitions of measurable disease (but still remains measurable) are eligible and will be considered to have evaluable disease. Patient's whose disease cannot be objectively measured by physical or radiographic examination (e.g., elevated serum tumor marker only) are NOT eligible. PET scan could be performed, if clinically indicated. For PET response evaluation PERCIST criteria will be applied.
10. Adequate renal function defined by a serum creatinine \<1.5xUNL (upper normal limit).
11. Adequate liver function test defined by SGOT \& SGPT \<3xUNL (5xUNL in case of liver metastases), and bilirubin level \<1.5xUNL
12. Adequate bone marrow function defined by platelets \>100,000/mm3, hemoglobin \>10 g/dL, and neutrophils \>1,000/mm3
13. For female of child-bearing potential and for all women \< 1 years after the onset of menopause: a negative pregnancy test \<72 hours before starting study treatment is required. If sexually active, female of childbearing potential must use ""highly effective"" methods of contraception for the study duration. Contraception should continue after the last treatment for 3 months or for longer periods according to what reported in the Appendix 1 of the Protocol
14. For male of reproductive potential: any sexually active male patient must use a condom while on study treatment. Contraception should continue after the last treatment for 3 months or for longer periods according to what reported in the Appendix 1 of the Protocol.

Exclusion Criteria:

1. Patients who have only bone and/or brain metastases
2. Patients treated with more than 2 lines for breast cancer, gastro-intestinal, non small cell lung cancer and other cancer
3. Patients with uncontrolled disease (untreated and/or sintomatic) and patients whose brain metastases have not been monitored for \>2 months
4. Patients with well-established actionable targets for which approved and marketed targeted drugs are available (i.e. lung cancer with EGFR mutation, or ALK translocation, B-RAF mutant melanoma, GIST with KIT mutations or breast cancer with HER2 amplification)
5. Patient participating in another clinical trial with an experimental drug
6. Anticoagulation with anti-vitamin K (Low Molecular Weight Heparin \[LMWH\] is allowed)
7. Patients with other concurrent severe and/or uncontrolled medical disease which could compromise participation in the study, including uncontrolled diabetes, cardiac disease, uncontrolled hypertension, congestive cardiac failure, ventricular arrhythmias, active ischemic heart disease, myocardial infarction within one year, chronic liver or renal disease, active gastrointestinal tract ulceration, severely impaired lung function
8. Pregnant and/or breastfeeding women
9. Patients with any psychological, familial, sociological or geographical condition potentially hampering compliance with the study protocol and follow-up schedule
10. HIV, HBV, or HCV infection as per specific test performed at the screening visit or known as per Medical History
11. Patients with documented contraindication to any of the IMPs that will be used for the study, as reported in the respective SmPcs/IBs and in Appendix 2
12. Patients treated with the following drugs, because of the risk of immunosuppression: Chronic or high-dose oral corticosteroid therapy, TNF-inhibitors and Anti-T cell antibodies",Fondazione per la Medicina Personalizzata,ClinicalTrials.gov,2020,"[""INTERVENTIONAL""]","[""Breast Cancer"", ""Gastrointestinal Cancer"", ""Non Small Cell Lung Cancer"", ""Other Cancer""]","[{""type"": ""DRUG"", ""name"": ""Erlotinib""}, {""type"": ""DRUG"", ""name"": ""Trastuzumab""}, {""type"": ""DRUG"", ""name"": ""Trastuzumab emtansine""}, {""type"": ""DRUG"", ""name"": ""Pertuzumab""}, {""type"": ""DRUG"", ""name"": ""Lapatinib""}, {""type"": ""DRUG"", ""name"": ""Everolimus""}, {""type"": ""DRUG"", ""name"": ""Vemurafenib""}, {""type"": ""DRUG"", ""name"": ""Cobimetinib""}, {""type"": ""DRUG"", ""name"": ""Alectinib""}, {""type"": ""DRUG"", ""name"": ""Brigatinib""}, {""type"": ""DRUG"", ""name"": ""Palbociclib""}, {""type"": ""DRUG"", ""name"": ""Ponatinib""}, {""type"": ""DRUG"", ""name"": ""Vismogedib""}, {""type"": ""DRUG"", ""name"": ""Itacitinib""}, {""type"": ""DRUG"", ""name"": ""Ipatasertib""}, {""type"": ""DRUG"", ""name"": ""Entrectinib""}, {""type"": ""DRUG"", ""name"": ""Atezolizumab""}, {""type"": ""DRUG"", ""name"": ""Nivolumab""}, {""type"": ""DRUG"", ""name"": ""Ipilimumab""}, {""type"": ""DRUG"", ""name"": ""Pemigatinib""}, {""type"": ""DRUG"", ""name"": ""Oncology Drugs""}, {""type"": ""DRUG"", ""name"": ""Pralsetinib""}, {""type"": ""DRUG"", ""name"": ""Selpercatinib""}, {""type"": ""DRUG"", ""name"": ""Talazoparib""}, {""type"": ""DRUG"", ""name"": ""Tepotinib""}, {""type"": ""DRUG"", ""name"": ""Alpelisib""}]",UNKNOWN,https://clinicaltrials.gov/study/NCT04591431
ClinicalTrials.gov,NCT04611776,,NCT04611776,,,,"A Phase II, Randomized, Double-Blind, Placebo-Controlled Study Evaluating the Efficacy and Safety of Adjuvant Platinum-Doublet Chemotherapy, With or Without Atezolizumab, in Patients Who Are ctDNA Positive After Complete Surgical Resection of Stage IB to Select IIIB Non-Small Cell Lung Cancer","This is a Phase II, multicenter, double-blind, randomized study designed to evaluate the efficacy and safety of adjuvant treatment with atezolizumab in combination with platinum-doublet chemotherapy followed by atezolizumab compared with adjuvant placebo in combination with platinum-doublet chemotherapy followed by placebo in patients with Stage IB to IIIB (T3N2) NSCLC following surgical resection who are positive for ctDNA. Inclusion Criteria:

* Complete resection (R0) and pathologically confirmed Stage IB to select IIIB NSCLC (8th edition)
* Submission of pre-surgery blood sample and surgically resected tumor tissue slides or block
* Eastern Cooperative Oncology Group (ECOG) Performance Status of 0 or 1
* Normal life expectancy excluding lung cancer mortality risk
* Positive ctDNA status in plasma confirmed by central laboratory testing after surgical resection and prior to start of adjuvant therapy.

Exclusion Criteria:

* Resected NSCLC with positive margins (R1 or R2)
* NSCLC with histology of large cell neuroendocrine carcinoma or sarcomatoid carcinoma
* Mixed NSCLC and SCLC histology
* Any prior therapy for lung cancer, including neoadjuvant therapy, or radiotherapy
* NSCLC with an activating EGFR mutation or ALK fusion oncogene
* Prior treatment with CD137 agonists or immune checkpoint blockade therapies, including anti-CTLA-4, anti-PD-1, and anti-PD-L1 therapeutic antibodies",Hoffmann-La Roche,ClinicalTrials.gov,2020,"[""INTERVENTIONAL""]","[""Carcinoma, Non-Small Cell Lung""]","[{""type"": ""DRUG"", ""name"": ""Atezolizumab""}, {""type"": ""DRUG"", ""name"": ""Placebo""}, {""type"": ""DRUG"", ""name"": ""Carboplatin""}, {""type"": ""DRUG"", ""name"": ""Cisplatin""}, {""type"": ""DRUG"", ""name"": ""Pemetrexed""}, {""type"": ""DRUG"", ""name"": ""Gemcitabine""}, {""type"": ""DRUG"", ""name"": ""Paclitaxel""}]",WITHDRAWN,https://clinicaltrials.gov/study/NCT04611776
ClinicalTrials.gov,NCT06734182,,NCT06734182,,,,"A Prospective, Single-arm, Multicenter, Phase II Clinical Study on Envafolimab Combined With Disitamab Vedotin And Carboplatin for Resectable, Stage II-III, HER2-Mutant Non-Small Cell Lung Cancer","This is a prospective, single-arm, multi-center, phase II clinical study to evaluate the efficacy and safety of Envafolimab injection (PD-L1) combined with Disitamab Vedotin (HER2 ADC) and Carboplatin for resectable, HER2-Mutant, stage II-IIIB, NSCLC. The eligible patients will receive 4 cycles of subcutaneous Envafolimab injections (300mg, d1, Q3W) in combination with intravenous Disitamab Vedotin (2.5mg/kg, d1, Q3W) and carboplatin (AUC5, d1, Q3W), followed by surgical resection 4-6 weeks after the last dose of neoadjuvant therapy. The tumor tissue samples collected from subjects during the study will be submitted to the authorized central laboratory for evaluation of pathological response and translational research. Dynamic blood samples will be collected at baseline, after neoadjuvant treatment and after surgery for tumor-informed minimal residual disease (MRD) testing. After surgery, patients will be provided with or without adjuvant therapy according to MRD results. Patients with postoperative positive MRD result will be provided with adjuvant treatment after multidisciplinary discussion. The primary endpoint of this study is major pathologic response (MPR) rate. All the subjects will be followed up for overall survival, until death, withdrawal of informed consent or end of study. Inclusion Criteria:

1. Having sufficient understanding of this study and being willing to sign the informed consent form (ICF);
2. Aged 18-75 years, male or female;
3. Treatment-naive, histologically confirmed resectable, stage II, IIIA, IIIB (AJCC staging system, version 9) NSCLC; cTNM stage can be confirmed through PET-CT or pathological biopsy; N2 should be confirmed by mediastinoscopy or EBUS.
4. PET-CT or CT plus MRI should be completed before enrollment;
5. HER2 mutations identified by histological specimens;
6. Measurable lesions based on the response evaluation criteria in solid tumors version 1.1 (RECIST v1.1);
7. Tumor tissue specimens and blood sample available for detection of MRD and biomarkers (the tumor tissue specimens must be freshly obtained or archived samples within 3 months prior to enrollment);
8. ECOG score 0-1;
9. No contraindications to immunotherapy;
10. Adequate organ function:
11. Being willing and able to comply with the visits, treatment plan, laboratory examinations and other study procedures scheduled in the study;
12. Pulmonary function being able to withstand the planned surgery evaluated by surgeons;
13. Women of childbearing potential must undergo a serum pregnancy test within 3 days prior to the first dose and the result must be negative. Female patients of childbearing potential and male subjects whose partners are women of childbearing potential must agree to use highly effective contraceptive methods during the study period and within 180 days after the last dose of study drug

Exclusion Criteria:

1. Presence of locally advanced, unresectable or metastatic disease; unresectable includes the unresectable defined in the Chinese expert consensus on the multidisciplinary diagnosis and treatment for stage III non-small cell lung cancer (2019), including partial stage IIIA and IIIB and all the stage IIIC;
2. Participants with known EGFR sensitive mutations or ALK translocation, KRAS sensitive mutations, BRAF V600E, ROS1 fusions, RET fusions, MET exon 14 alterations and MET amplification, NTRK fusions;
3. Previous treatment with systemic antitumor therapy for early NSCLC, including investigational product;
4. History of (non-infectious) pneumonitis/interstitial lung disease requiring steroid treatment, or ongoing pneumonitis/interstitial lung disease requiring steroid treatment;
5. Active tuberculosis;
6. Active infection requiring systemic treatment;
7. Subjects with any known or suspected autoimmune disorder or immunodeficiency, with the following exceptions: hypothyroidism, hormone therapy is not needed, or well controlled at physiological dose; controlled type I diabetes;
8. Uncontrolled active hepatitis B (defined as positive hepatitis B surface antigen \[HBsAg\] in screening period with HBV-DNA detected higher than the upper limit of normal at the clinical laboratory of the study center); (the subjects with HBV-DNA assay \<500 IU/mL within 28 days prior to randomization who have received local standard antiviral therapy for at least 14 days and are willing to receive antiviral therapy continuously during the study can be enrolled); active hepatitis C (defined as positive hepatitis C surface antibody \[HCsAb\] in screening period and positive HCV-RNA);
9. Known human immunodeficiency virus (HIV) infection (known positive HIV antibody);
10. Vaccination of live vaccine within 30 days prior to the first dose. Including but not limited to the following: parotitis, rubella, measles, varicella/ herpes zoster (varicella), yellow fever, Rabies, Bacille Calmette-Guérin (BCG) and typhoid vaccine (inactivated virus vaccine allowed);
11. Previous use of PD-1/PD-L1 agent or the drug acting on another targeted T cell receptor (e.g., CTLA-4, OX-40);
12. Severe allergic reaction to other monoclonal antibodies;
13. Known serious or uncontrolled pre-existing diseases; including but not limited to cardiovascular events with hemodynamic instability, symptomatic cerebrovascular events, and hepatic cirrhosis above Child-Pugh A within 6 months;
14. Other malignant tumors within 5 years prior to the first dose, except non-small cell lung cancer. The malignant tumors with negligible risk of metastasis or death (e.g., expected disease-free survival \> 5 years) and expected to achieve radical outcomes after treatment (e.g., sufficiently treated carcinoma in situ of cervix, basal or squamous cell skin cancer, ductal carcinoma in situ treated for radical surgery) can be excluded",Guangdong Provincial People's Hospital,ClinicalTrials.gov,2024,"[""INTERVENTIONAL""]","[""Non-small Cell Lung Cancer""]","[{""type"": ""DRUG"", ""name"": ""Envafolimab injections+intravenous Disitamab Vedotin+carboplatin""}]",RECRUITING,https://clinicaltrials.gov/study/NCT06734182
ClinicalTrials.gov,NCT06849518,,NCT06849518,,,,Study of Longitudinal Plasma PD-L1 Testing With Immunotherapy in Lung Cancer,"This is a prospective pilot study to assess dynamic changes of plasma cell-free RNA (cfRNA) PD-L1 expression in patients with lung cancer undergoing immune checkpoint inhibitor (ICI) based therapy. Results will be correlated with radiographic assessment of immunotherapy treatment response and plasma NGS ctDNA. Inclusion Criteria:

1. All patients with a diagnosis of stage IV or inoperable stage IIIB NSCLC without planned primary radiation therapy undergoing anti-PD-1/L1 based ICI treatment.
2. Chemo-immune or dual anti-PD-1/L1 with anti-CTLA-4 based regimens are eligible as long as receiving an anti-PD-1/L1 monoclonal antibody.
3. A documented informed consent will be obtained prior to inclusion in the study. All discussions with patients will be held in strictest confidence and out of earshot of the general public. Patients will be fully informed that their participation in the study is voluntary. Patients may decline to be part of the study. Their decision to participate in the study will not affect the care they receive.

Exclusion Criteria:

1. No anti-PD-1/L1 monoclonal antibody treatment.
2. Planned primary radiation therapy.
3. Small-cell lung cancer histology.",Ballad Health,ClinicalTrials.gov,2025,"[""INTERVENTIONAL""]","[""Lung Cancer (NSCLC)""]","[{""type"": ""DIAGNOSTIC_TEST"", ""name"": ""Circulogene liquid biopsy testing""}]",RECRUITING,https://clinicaltrials.gov/study/NCT06849518
ClinicalTrials.gov,NCT03178552,,NCT03178552,,,,A Phase II/III Multicenter Study Evaluating the Efficacy and Safety of Multiple Targeted Therapies as Treatments for Patients With Advanced or Metastatic Non-Small Cell Lung Cancer (NSCLC) Harboring Actionable Somatic Mutations Detected in Blood (B-FAST: Blood-First Assay Screening Trial),"This is a phase 2/3, global, multicenter, open-label, multi-cohort study designed to evaluate the safety and efficacy of targeted therapies or immunotherapy as single agents or in combination in participants with unresectable, advanced or metastatic NSCLC determined to harbor oncogenic somatic mutations or positive by tumor mutational burden (TMB) assay as identified by a blood-based next-generation sequencing (NGS) circulating tumor DNA (ctDNA) assay. Inclusion Criteria:

* Histologically or cytologically confirmed diagnosis of unresectable Stage IIIb not amenable to treatment with combined modality chemoradiation (advanced) or Stage IV (metastatic) NSCLC
* Eastern Cooperative Oncology Group (ECOG) Performance Status 0-2
* Measurable disease
* Adequate recovery from most recent systemic or local treatment for cancer
* Adequate organ function
* Life expectancy greater than or equal to (\>/=) 12 weeks
* For female participants of childbearing potential and male participants, willingness to use acceptable methods of contraception

Exclusion Criteria:

* Inability to swallow oral medication
* Women who are pregnant or lactating
* Symptomatic, untreated CNS metastases
* History of malignancy other than NSCLC within 5 years prior to screening with the exception of malignancies with negligible risk of metastasis or death
* Significant cardiovascular disease, such as New York Heart Association cardiac disease (Class II or greater), myocardial infarction, or cerebrovascular accident within 3 months prior to randomization, unstable arrhythmias, or unstable angina
* Known active or uncontrolled human immunodeficiency virus (HIV) infection
* Either a concurrent condition or history of a prior condition that places the patient at unacceptable risk if he/she were treated with the study drug or confounds the ability to interpret data from the study
* Inability to comply with other requirements of the protocol",Hoffmann-La Roche,ClinicalTrials.gov,2017,"[""INTERVENTIONAL""]","[""Non-Small Cell Lung Cancer""]","[{""type"": ""DRUG"", ""name"": ""Alectinib""}, {""type"": ""DRUG"", ""name"": ""Atezolizumab""}, {""type"": ""DRUG"", ""name"": ""Pemetrexed""}, {""type"": ""DRUG"", ""name"": ""Cisplatin""}, {""type"": ""DRUG"", ""name"": ""Carboplatin""}, {""type"": ""DRUG"", ""name"": ""Gemcitabine""}, {""type"": ""DRUG"", ""name"": ""Entrectinib""}, {""type"": ""DRUG"", ""name"": ""Cobimetinib""}, {""type"": ""DRUG"", ""name"": ""Vemurafenib""}, {""type"": ""DRUG"", ""name"": ""Bevacizumab""}, {""type"": ""DRUG"", ""name"": ""Divarasib""}, {""type"": ""DRUG"", ""name"": ""Docetaxel""}]",ACTIVE_NOT_RECRUITING,https://clinicaltrials.gov/study/NCT03178552
ClinicalTrials.gov,NCT05698264,,NCT05698264,,,,A Pilot Study to Understand the Impact of Therapy With Tumour Treating Fields (TTFields) in NSCLC,"Low intensity, intermediate frequency (100-300 kHz) alternating electric fields, also known as Tumor Treating Fields (TTFields) were found to have a profound inhibitory effect on the growth rate of a variety of human cancer cells. Previous study showed anti-tumor activity in respect of melanoma, glioblastoma (GBM), breast carcinoma and NSCLC cell lines. This study aims to assess the impact of TTFields on NSCLC though the understanding of tumor evolution and peripheral lymphocytes activity and proliferation.

Concomitant to drug therapy, patients will receive treatment with Tumor Treating Fields (TTFields), generated by the medical device NovoTTF-200T with a recommended duration of minimum 18 h a day. TTFields administered using insulated transducer arrays applied to the skin surrounding the region of a malignant tumor.

50 patients will be recruited according to the study design in two cohorts and will receive TTFields therapy: Cohort A: Adult NSCLC EGFR positive mutation. Cohort B: Adult NSCLC patients to be treated with PD-1 inhibitors. The cohort A will focus on the clonal evolution in EGFR mutated lung cancer patients by using circulating tumor DNA (ctDNA) analysis of paired baseline and end-of-treatment (EOT) plasma samples. The cohort B will study the impact of TTField on the profile, activity, and proliferation of peripheral lymphocytes. Lymphocytes will be purified from whole blood samples for the profile, proliferation, and activity analyzed by FACS.

Treatment with TTFields will be administered until progressive disease, unacceptable toxicity1, withdrawal of consent or death. After the end of treatment, the patients will be followed until data cutoff date or 2 years after the last patient had entered the study. Inclusion Criteria:

1. Male and female patients 18 years of age and older.
2. Have histologically or cytologically confirmed lung cancer.
3. Documented next generation sequencing assay performed on tumor sample in Clinical Laboratory Improvement Amendments (CLIA)-approved laboratory.
4. Have at least 1 measurable lesion per RECIST v1.1
5. Have life expectancy ≥3 months.
6. Have Eastern Cooperative Oncology Group (ECOG) performance status ≤2.
7. Must provide a signed and dated informed consent indicating that the participants have been informed of all pertinent aspects of the study, including the potential risks, and is willingly participating.
8. Have the willingness and ability to comply with scheduled visits and study procedures.
9. Cohort A, confirmed EGFR mutation.

Exclusion Criteria:

1. Implanted electronic devices (e.g. pacemaker) in the upper torso.
2. Have been diagnosed with another primary malignancy within the past 3 years (except for adequately treated non-melanoma skin cancer, cervical cancer in situ or prostate cancer, which are allowed within 3 years).
3. Have any condition or illness that, in the opinion of the investigator, would compromise participants' safety or interfere with the evaluation.
4. Be pregnant or breastfeeding.",Shaare Zedek Medical Center,ClinicalTrials.gov,2023,"[""INTERVENTIONAL""]","[""Non Small Cell Lung Cancer"", ""EGFR Gene Mutation"", ""Immune Checkpoint Inhibitor""]","[{""type"": ""DEVICE"", ""name"": ""concomitant TTFields treatment device to standard of care EGFR positive NSCLC treatment""}, {""type"": ""DEVICE"", ""name"": ""concomitant TTFields treatment device to standard of care anti PD-1 NSCLC treatment""}]",NOT_YET_RECRUITING,https://clinicaltrials.gov/study/NCT05698264
ClinicalTrials.gov,NCT07744698,,NCT07744698,,,,"Efficacy and Safety of Metronomic Oral Paclitaxel Plus an Immune Checkpoint Inhibitor as Maintenance Therapy After First-Line Induction in Advanced Squamous Non-Small Cell Lung Cancer and Extensive-Stage Small Cell Lung Cancer: A Multicenter, Multi-Cohort Exploratory Study","This study will evaluate the efficacy and safety of metronomic oral paclitaxel combined with a PD-1 or PD-L1 inhibitor as maintenance therapy in patients with advanced lung cancer whose disease has not progressed after first-line chemoimmunotherapy.

The study will include two independently analyzed cohorts. Cohort A will include patients with advanced squamous non-small cell lung cancer(sqNSCLC), and Cohort B will include patients with extensive-stage small cell lung cancer(ES-SCLC). All participants will receive oral paclitaxel three times weekly together with the same immune checkpoint inhibitor used during first-line induction therapy, whenever feasible.

The primary outcome is progression-free survival. Other outcomes include tumor response, overall survival, adverse events, treatment tolerability, and quality of life. Approximately 107 participants will be enrolled across multiple study centers. Immune checkpoint inhibitor-based chemoimmunotherapy is a standard first-line treatment for advanced squamous non-small cell lung cancer and extensive-stage small cell lung cancer. However, many patients experience disease progression shortly after completing the chemotherapy component and entering the maintenance phase. More effective and tolerable maintenance strategies are therefore needed.

Metronomic chemotherapy uses relatively low doses of cytotoxic treatment administered repeatedly over time. In addition to direct antitumor activity, metronomic paclitaxel may modulate the tumor immune microenvironment and enhance the effects of immune checkpoint inhibition. An oral paclitaxel formulation may also be more suitable for long-term maintenance treatment than intravenous paclitaxel because it avoids repeated intravenous infusions.

This is a prospective, open-label, multicenter, nonrandomized, multi-cohort exploratory study. Participants must have completed four cycles of standard first-line chemoimmunotherapy and achieved complete response, partial response, or stable disease without disease progression.

Cohort A will enroll approximately 67 participants with advanced squamous non-small cell lung cancer(sqNSCLC). Cohort B will enroll approximately 40 participants with extensive-stage small cell lung cancer(ES-SCLC). Both cohorts will receive oral paclitaxel solution at 100 mg/m² per dose, administered orally three times weekly, together with a PD-1 or PD-L1 inhibitor administered every 3 weeks according to the approved or guideline-recommended regimen. The maintenance immune checkpoint inhibitor should generally remain the same as that used during induction therapy.

Treatment will continue until radiographic disease progression, unacceptable toxicity, withdrawal of consent, or another protocol-defined discontinuation criterion. Tumor assessments will generally be performed every 6 weeks, and safety assessments will generally be performed every 3 weeks.

The primary endpoint is progression-free survival measured from the first dose of oral paclitaxel. The two cohorts will be analyzed independently, and no formal efficacy comparison between the two cohorts is planned. Exploratory analyses will evaluate circulating tumor DNA, peripheral immune-cell subsets, inflammatory and immune-related factors, and PD-1/PD-L1-related biomarkers. Inclusion Criteria:

* 1\. The participant has been fully informed about the study, voluntarily agrees to participate, provides written informed consent, and is willing to comply with long-term follow-up and study medication management.
* 2\. Age 18 to 75 years, inclusive.
* 3\. The participant meets the disease-specific requirements for either Cohort A or Cohort B: - Cohort A: Histologically and/or cytologically confirmed squamous non-small cell lung cancer(sqNSCLC), clinical stage IIIB to IV, unresectable and not suitable for definitive chemoradiotherapy, without actionable driver-gene alterations, and treatment-naive before initiation of first-line induction therapy. - Cohort B: Histologically and/or cytologically confirmed extensive-stage small cell lung cancer (ES-SCLC), defined according to the eighth edition of the American Joint Committee on Cancer staging system as stage IV disease, including any T, any N, and M1a, M1b, or M1c disease, or T3 to T4 disease due to multiple pulmonary nodules or disease that is too extensive or bulky to be included within a tolerable definitive radiotherapy field.
* 4\. The participant has completed the required first-line induction regimen: - Cohort A: Completion of four cycles of a PD-1 or PD-L1 inhibitor plus cisplatin or carboplatin and paclitaxel or nab-paclitaxel, with a best induction response of complete response (CR), partial response (PR), or stable disease (SD) and no evidence of disease progression. - Cohort B: Completion of four cycles of a PD-1 or PD-L1 inhibitor plus cisplatin or carboplatin and etoposide, with a best induction response of CR, PR, or SD and no evidence of disease progression.
* 5\. The last dose of first-line induction treatment was administered no more than 28 days before the first study treatment.
* 6\. Eastern Cooperative Oncology Group (ECOG) performance status of 0 or 1.
* 7\. Estimated life expectancy of at least 3 months.
* 8\. Adequate bone marrow and organ function, including: - Absolute neutrophil count (ANC) of at least 1.5 × 10⁹/L, platelet count of at least 100 × 10⁹/L, and hemoglobin of at least 90 g/L, without blood transfusion, growth-factor support, or erythropoietin within 14 days before assessment. - International normalized ratio (INR) and/or prothrombin time (PT) no greater than 1.5 times the upper limit of normal (ULN), and activated partial thromboplastin time (APTT) no greater than 1.5 times ULN. Participants receiving anticoagulation are eligible if coagulation parameters are within the expected therapeutic range.- Total serum bilirubin no greater than 1.5 times ULN; for participants with Gilbert syndrome, total bilirubin no greater than 3 times ULN. - Alanine aminotransferase (ALT) and aspartate aminotransferase (AST) no greater than 2.5 times ULN, or no greater than 5 times ULN in participants with documented liver metastases.- Serum creatinine no greater than 1.5 times ULN and creatinine clearance of at least 60 mL/min for participants who received cisplatin or greater than 45 mL/min for participants who received carboplatin, calculated using the Cockcroft-Gault formula. - Serum amylase and/or lipase no greater than 1.5 times ULN.
* 9\. At least one measurable lesion according to RECIST v1.1 before initiation of first-line induction therapy. Participants who achieve a CR and have no measurable lesion at maintenance-study entry remain eligible for progression-free survival (PFS) follow-up.
* 10\. Participants with central nervous system (CNS) metastases may be enrolled if previous CNS metastases have received local treatment with surgery and/or radiotherapy at least 2 weeks before enrollment, neurological symptoms are absent or stable, and treatment-related adverse events have recovered to grade 1 or lower. Participants should not require ongoing antiepileptic treatment. If corticosteroids are clinically required, the dose must be stable and no greater than 10 mg/day prednisone or equivalent.
* 11\. Participants of reproductive potential must agree to use an effective method of contraception during the study and for at least 3 months after the last study treatment. Women of childbearing potential must have a negative serum or urine pregnancy test before enrollment.

Exclusion Criteria:

* 1\. Known hypersensitivity to oral paclitaxel, an immune checkpoint inhibitor, or any component of the study drugs.
* 2\. Requirement for long-term treatment with a strong P-glycoprotein inhibitor that cannot be discontinued during the study.
* 3\. A gastrointestinal disorder within 6 months before the first study treatment that may substantially interfere with oral drug absorption, including complete intestinal obstruction. Previous gastrectomy alone is not an exclusion criterion.
* 4\. Active autoimmune disease or a history of autoimmune disease, including but not limited to interstitial pneumonitis, uveitis, enteritis, hepatitis, hypophysitis, vasculitis, or nephritis. Participants with vitiligo, well-controlled type 1 diabetes mellitus, or hypothyroidism requiring only hormone-replacement therapy may be enrolled.
* 5\. Any of the following during previous immune checkpoint inhibitor (ICI) treatment: - Immune-related pneumonitis, immune-related myocarditis, or immune-related neurological toxicity of any grade. - Other grade 3 or higher immune-related adverse events (irAE) that have not recovered to grade 1 or lower or to baseline. - Grade 3 or higher irAE during first-line induction that have not recovered to grade 1 or lower or to baseline. - Permanent discontinuation of the ICI because of immune-related toxicity.
* 6\. Major surgery within 28 days before the first study treatment without adequate recovery, or planned major surgery during the study.
* 7\. Active hepatitis, active tuberculosis, or another serious infection requiring systemic treatment, including active hepatitis C virus (HCV) infection, except for participants who are HCV antibody-positive but RNA-negative; active hepatitis B virus (HBV) infection with positive HBV surface antigen and HBV DNA greater than 2,000 IU/mL; bacteremia; or severe infectious pneumonia.
* 8\. Uncontrolled or serious cardiovascular disease, including: - Myocardial infarction, unstable angina, congestive heart failure of New York Heart Association class 2 or higher, or another serious cardiac disorder within 6 months before the first study treatment. - A clinically significant electrocardiographic (ECG) abnormality, including clinically significant arrhythmia or corrected QT interval greater than 450 milliseconds.- Left ventricular ejection fraction below 50% on echocardiography.
* 9\. Inability or unwillingness to comply with protocol requirements, or any condition that, in the investigator's judgment, makes the participant unsuitable for study participation.",Anhui Provincial Cancer Hospital,ClinicalTrials.gov,2026,"[""INTERVENTIONAL""]","[""Squamous Non-Small Cell Lung Cancer sqNSCLC"", ""Extensive-stage Small Cell Lung Cancer (ES-SCLC)""]","[{""type"": ""DRUG"", ""name"": ""Paclitaxel Oral Solution""}, {""type"": ""DRUG"", ""name"": ""PD-1/PD-L1 inhibitor (eg. Tislelizumab)""}]",RECRUITING,https://clinicaltrials.gov/study/NCT07744698
ClinicalTrials.gov,NCT04758949,,NCT04758949,,,,"A Two-cohort, Phase 2 Study of FL-101 as Neoadjuvant Therapy in Patients With Surgically Resectable Non-Small Cell Lung Cancer","Phase 2 trial to study FL-101 alone or in combination with nivolumab in patients who have surgically resectable Non-Small Cell Lung Cancer. A 2-Cohort, Phase 2, multicenter, parallel-design trial that will study patients with surgically resectable, stages I-IIIA, non-small cell lung cancer (NSCLC) . The clinical study will focus on whether FL-101 has direct anti-tumor activity when given alone prior to surgery, and if FL-101 improves the anti-tumor response when given in combination with nivolumab prior to surgery. Inclusion Criteria:

1. Previously untreated and pathologically confirmed, surgically resectable Stage IA3, IB, II, or IIIA NSCLC of squamous or non-squamous histology.
2. ≥1 radiologically measurable tumor \>2cm in diameter.
3. Smoking history ≥10 pack years.
4. Available tissue block for analysis from a core needle biopsy(or similar sample)
5. High-sensitivity C-reactive protein (hsCRP) level ≥2 mg/L

Exclusion Criteria:

1. Any prior exposure to chemotherapy, radiotherapy or systemic anti-cancer therapy (e.g., monoclonal antibody therapy) for lung cancer.
2. Malignancies other than NSCLC within 2 years prior to Cycle 1, Day 1, with the exception of those with a negligible risk of metastasis or death and with expected curative outcome
3. Currently participating in, or has participated in, a trial of an investigational agent within 4 weeks prior to the first dose of study treatment or 5 half-lives, whichever is longer and with recovery of clinically significant toxicities from that therapy.
4. Tumors known to express driver mutations of the EGFR or ALK pathways.
5. Known severe hypersensitivity (Grade ≥3) to FL-101, its active substance, or any of its excipients
6. Known history of human immunodeficiency virus or active Hepatitis B or Hepatitis C infection

Additional Exclusion Criteria for Patients with Stage II and III Disease

1. Prior treatment with anti-PD-1, anti-CTLA-4, or anti-PD-L1 therapeutic antibody or pathway-targeting agents
2. Treatment with systemic immunosuppressive medications (including but not limited to prednisone, cyclophosphamide, azathioprine, methotrexate, thalidomide, and anti-tumor necrosis factor \[anti-TNF\] agents) within 2 weeks prior to Cycle 1, Day 1
3. Known severe hypersensitivity (Grade ≥3) to nivolumab or chemotherapy agents or to any of their excipients.",Flame Biosciences,ClinicalTrials.gov,2021,"[""INTERVENTIONAL""]","[""Non-Small Cell Lung Cancer""]","[{""type"": ""DRUG"", ""name"": ""FL-101""}, {""type"": ""DRUG"", ""name"": ""Nivolumab""}, {""type"": ""DRUG"", ""name"": ""Placebo""}]",WITHDRAWN,https://clinicaltrials.gov/study/NCT04758949
ClinicalTrials.gov,NCT05892237,,NCT05892237,,,,"Bronchial Artery Interventional Therapy and Sequential Radiotherapy in the Treatment of Non-resectable, Non-metastatic Central-type Squamous Lung Cancer","Central-type lung cancer refers to lung malignancies originating from the segmental bronchi and above. The most common tissue type is squamous cell carcinoma. Patients often present with cough, hemoptysis, hoarseness and also some critical conditions including superior vena caval obstruction syndrome. Therefore, effective treatment should be implemented as early as possible to rapidly reduce tumor burden and control the progression of the disease. Most of the central-type NSCLC are classified into T3-4, N1-2 stage and are non-resectable. The PACIFIC study changed the standard treatment model for inoperable locally advanced lung cancer with synchronous chemoradiotherapy and sequential PD-L1 immunotherapy. In clinical practice, Chinese patients often failed to finish concurrent chemoradiotherapy for high toxicity. In addition, combination with PD-1/PD-L1 inhibitors increased the risk of immune related pneumonia.

Bronchial artery infusion (BAI), that directly infused drugs (chemo and PD-1 inhibitor) through tumor-nourishing arteries, has potential advantages in the treatment of central-type lung cancer. The drug concentration in tumor region increased to potentiate the antitumoral effect and also reduced the systemic adverse reactions.

In this study, bronchial artery interventional therapy is conducted with precedence. The protocol for bronchial artery intervention includes infusion of chemo and PD-1 inhibitor followed by bronchial artery embolism (Chemo-Immulo-embolization via Tumor arterial, CIETAI). Followed CIETAI, two cycles of chemo/PD-1 therapy are planned to carried out before radiotherapy. After radiotherapy, maintenance PD-1 inhibitor are initiated for 1 year or until progression. PD-1/PD-L1 immune checkpoint inhibitor (ICI), which has been introduced in the treatment of lung cancer, gastric cancer, colorectal cancer and other solid tumors, changed the strategy of cancer treatment. The more widely biomarkers for its efficacy include tumor PD-L1 proportional score (TPS), tumor mutation burden (TMB), DNA mismatch repair defect (dMMR), genomic instability (MSI-H) which were used to assess PD-L1 expression in tumor cells and the presence and density of T cells in the tumor microenvironment (TME). However, the overall efficacy of PD-1/PD-L1 remain unsatisfactory. To increase the concentration of PD-1/PD-L1 inhibitor in tumor and TME is a potential strategy to increase the efficacy. In this study, perfusion of PD-1/PD-L1 via bronchial arterial was harnessed to maximize the concentration of drugs in the tumor. We proposed a surgical procedure called Chemo-Immuno-embolization via Tumor Arterial Intervention (CIETAI). This study mainly included inoperable patients with central-type lung squamous cell carcinoma who received CIETAI at the initial treatment, followed by radiotherapy and PD-1/PD-L1 maintenance. Inclusion Criteria:

* Patients volunteered to participate in the study and signed the informed consent.
* Age 18-80, both male and female.
* Histologically or cytologically confirmed squamous lung cancer staging T3-4, Nany, and M0 (according to the American Joint Committee on Cancer Staging (AJCC) 2017 Edition 8 TNM Staging System). Central-type classified according to chest imaging or bronchoscopy.
* At least one measurable lesion according to RECIST 1.1.
* ECOG PS 0-1.
* Expected survival ≥ 6 months.
* Patients who never received systemic therapy in the past, including radiotherapy, chemotherapy, targeted therapy and immunotherapy, or patients who relapsed more than 6 months after adjuvant chemotherapy.
* The main organ functions accorded with the following criteria within 7 days before treatment:

  1. Blood routine examination ( without blood transfusion in 14 days): hemoglobin (HB) ≥ 90 g/L; neutrophil absolute value (ANC) ≥ 1.5 \*109/L; platelet (PLT) ≥80 \*109/L.
  2. Biochemical tests should meet the following criteria: 1) total bilirubin (TBIL) ≤1.5 times of upper limit of normal (ULN); 2) alanine aminotransferase (ALT) and aspartate aminotransferase (AST) ≤2.5 \*ULN, if accompanied by liver metastasis, ALT and AST ≤ 5\* ULN; 3) serum creatinine (Cr) ≤ 1.5\* ULN or creatinine clearance rate (CCr) ≥ 60 ml/min;4) Serum albumin (≥35g/L). (3) Doppler echocardiography: left ventricular ejection fraction (LVEF) ≥the low limit of normal value (50%).
* Tissue samples should be provided for biomarker analysis (such as PD-L1) Patients who could not provide new tissues could provide 5-8 paraffin sections of 3-5 μm by archival preservation. Blood sample should be collected at a pre-specified time point to complete the continuous dynamic MRD analysis. (non-mandatory).

Exclusion Criteria:

* Severe allergic reactions to humanized antibodies or fusion proteins in the past.
* Severe allergic reactions to component contained in contrast agent or granule embolism agent in the past.
* Metastasis to bone, brain, liver, pleural cavity, or any other distant organs.
* Diagnosed of immunodeficiency or received systemic glucocorticoid therapy or any other form of immunosuppressive therapy within 14 days before the study, allowing physiological doses of glucocorticoids (≤10mg/day prednisone or equivalent).
* Patients with active, known or suspected autoimmune diseases. Patients with type I diabetes, hypothyroidism requiring hormone replacement therapy, skin disorders requiring no systemic treatment (such as vitiligo, psoriasis or alopecia). Patients who would not triggers can be included.
* Serious heart disease, include congestive heart failure, uncontrollable high-risk arrhythmia, unstable angina pectoris, myocardial infarction, and severe valvular disease.
* Patients received systemic antineoplastic therapy, including cytotoxic therapy, signal transduction inhibitors, immunotherapy (or mitomycin C within 6 weeks before the grouping),recieved over-extended-field radiotherapy (EF-RT) within 4 weeks before the grouping or limited-field radiotherapy to evaluate the tumor lesions within 2 weeks before the grouping.
* Positive hepatitis B virus surface antigen (HBV sAg) or hepatitis C virus antibody (HCV Ab), indicating acute or chronic infection.
* Patients with active pulmonary tuberculosis (TB) infection judged by chest X-ray examination, sputum examination and clinical physical examination. Patients with active pulmonary tuberculosis infection in the previous year should be excluded even if they have been treated; Patients with active pulmonary tuberculosis infection more than a year ago should also be excluded unless the course and type of antituberculosis treatment previously were appropriate.
* Patients with brain metastases with symptoms or symptoms controlling less than 2 months.",Third Military Medical University,ClinicalTrials.gov,2023,"[""INTERVENTIONAL""]","[""Carcinoma, Non-Small-Cell Lung""]","[{""type"": ""PROCEDURE"", ""name"": ""bronchial artery interventional therapy""}, {""type"": ""DRUG"", ""name"": ""Chemotherapy drug""}, {""type"": ""RADIATION"", ""name"": ""IMRT""}, {""type"": ""DRUG"", ""name"": ""Immunotherapy""}]",UNKNOWN,https://clinicaltrials.gov/study/NCT05892237
ClinicalTrials.gov,NCT04790682,,NCT04790682,,,,LIquid Biopsy to prEdict Responses To First-line immunotherapY in Metastatic Non-small Cell LUNG Cancer,"Patient with histologically proven NSCLC in a metastatic stage, treatment naïve and eligible for first-line treatment with immune checkpoint inhibitor. Combination with chemotherapy is possible. Presence of a mutation after NGS analysis is required for ctDNA follow-up. A pre-screening consent will be obtained for NGS analysis on tumor tissue. Only patients with at least 1 mutation at NGS on the tumor tissue will ultimately be enrolled in the study, to have the possibility to follow the mutation using ctDNA. Main consent will be obtained after results of the NGS and before initiation of pembrolizumab. Computed Tomography (CT)-scan imaging will be done every 9 weeks as part of routine care practice. Blood specimens will be taken with EDTA tubes or streck tubes at the time of puncture for pembrolizumab infusion at baseline before starting treatment, at 3 weeks, 6 weeks and then every 6 weeks. Blood immunomonitoring will be done before starting the treatment, at 6 weeks and at 18 week. An additional measurement will be performed if treatment is stopped before the end of the study.

\- Optional blood samples will be realized to analyse the degree of activity of the plasmatic lymphocytes. Inclusion Criteria:

1. Histologically-proven NSCLC.
2. Age ≥ 18 years.
3. Advanced or metastatic stage IV.
4. Treatment-naïve patient.
5. Eligibility to first-line treatment with immune checkpoint inhibitor.
6. Measurable disease according to RECIST 1.1 criteria on CT-Scan.
7. Availability of expression of PD-L1 at immunohistochemistry analysis of the tumor biopsy.
8. No ALK or EGFR gene alteration.
9. Availability of tumor tissue for NGS analysis (7 slides).
10. PS 0 or 1.
11. Signed informed consent of the patient.

Exclusion Criteria:

1. No social security affiliation.
2. Person under legal protection.
3. Pregnant and breastfeeding women.

Patients can participate to another clinical trial that is not modifying immunotherapy or immunotherapy/chemotherapy treatment nor study follow-up ; after investigator's information",Institut Curie,ClinicalTrials.gov,2021,"[""INTERVENTIONAL""]","[""Metastatic Lung Cancer""]","[{""type"": ""BIOLOGICAL"", ""name"": ""assessment of the predictive value of ctDNA level of the prominent mutant allele variation between baseline and week 6, on response to treatment according to RECIST 1.1 criteria.""}]",RECRUITING,https://clinicaltrials.gov/study/NCT04790682
ClinicalTrials.gov,NCT06951646,,NCT06951646,,,,"ctDNA-MRD Guided Escalation of Ivonescimab and Docetaxel in Advanced NSCLC With Long-Term Responses to First-line Immunotherapy: a Randomized, Open-label, Phase II Trial (CR1STAL-Adaptive)","The CR1STAL-Adaptive study is a randomized, open-label, phase II multicenter interventional trial designed to evaluate the safety and efficacy of Ivonescimab (PD-1/VEGF bispecific antibody) combined with docetaxel versus standard treatment in patients with advanced NSCLC who have achieved long-term benefit from first-line immune checkpoint inhibitors (ICIs), but are ctDNA-MRD positive. Building upon insights from previous CR1STAL study (NCT05198154), the CR1STAL-Adaptive study supports the development of precision-guided, adaptive treatment strategies to delay progression and improve outcomes in NSCLC patients with a long-term response to immunotherapy. It represents a step forward in integrating dynamic molecular monitoring with individualized intervention strategies in the era of immunotherapy. Inclusion Criteria:

1. Sign written informed consent prior to any study-related procedures, be willing and able to complete the visits, treatment regimen, and laboratory tests specified in the schedule, and comply with other requirements of the study;
2. Aged ≥18 and ≤75 years old;
3. ECOG PS score 0-1;
4. Expected survival time ≥ 12 weeks;
5. Patients with stage IIIB-IIIC and IV non-small cell lung cancer confirmed by histology or cytology that cannot be treated locally (TNM lung cancer staging of the 9th edition of the International Association for the Study of Lung Cancer and the American Joint Committee on Cancer Classification);
6. There must be no EGFR gene-sensitive mutation, ALK gene fusion or ROS1 gene fusion in non-squamous carcinoma
7. Immunotherapy combined with platinum-containing doublet chemotherapy as a first-line standard treatment regimen;
8. Non-PD with PFS at screening enrollment is 11 to 15 months;
9. According to the Response Evaluation Criteria in Solid Tumors (RECIST version 1.1), it is recommended to have at least one measurable lesion, but patients without measurable lesions can still be included in the group (primary tumor recurrence or new metastatic lesions are considered PD).

Participants with brain metastases who are asymptomatic or whose symptoms are stable after local treatment are allowed to enroll, as long as the participants meet the following conditions:

1. There are measurable lesions outside the central nervous system
2. No central nervous system symptoms or no worsening of symptoms for at least 2 weeks
3. No need for glucocorticoid treatment, or glucocorticoid treatment was discontinued within 7 days before the first dose, or the glucocorticoid dosage was stable and reduced to less than 10mg/day prednisone (or equivalent dose) within 7 days before the first dose.

10\. Meet the following laboratory indicators (within 14 days before the first treatment):

1. Routine blood test: absolute neutrophil count ≥1.5×109/L; platelet count ≥100×109/L; hemoglobin content ≥9.0 g/dL (no blood transfusion or erythropoietin-dependent administration within 7 days).
2. Liver function: total bilirubin (TBIL) ≤1.5×upper limit of normal (ULN); for patients with liver metastasis or confirmed/suspected Gilbert's syndrome, TBIL ≤3×ULN; in the absence of liver metastasis, alanine aminotransferase (ALT) and aspartate aminotransferase (AST) ≤2.5×ULN. For patients with liver metastasis, ALT or AST ≤5×ULN.
3. Renal function: serum creatinine (Cr) ≤ 1.5 times ULN or Cr clearance ≥ 50 mL/min (Cockcroft-Gault formula), and urine routine test results show urine protein (UPRO) \<2+ or 24-hour urine protein quantification \<1g.
4. Coagulation function: international normalized ratio (INR) ≤ 1.5 times ULN or partial thromboplastin time (PTT) or activated partial thromboplastin time (APTT) ≤ 1.5 times ULN; if the study participants are receiving anticoagulant therapy, as long as PT is within the range of the anticoagulant drug;
5. Cardiac function: left ventricular ejection fraction (LVEF) ≥ 50% 11. For female study participants of childbearing age, a urine or serum pregnancy test with a negative result should be performed within 3 days before the first dose of study drug (Day 1 of Cycle 1). If the urine pregnancy test result cannot be confirmed as negative, a blood pregnancy test is required. Women of non-childbearing age are defined as women who have been postmenopausal for at least 1 year, or have undergone surgical sterilization or hysterectomy; if there is a risk of pregnancy, all study participants (whether male or female) must use contraceptive measures with an annual failure rate of less than 1% throughout the treatment period until 120 days after the last dose of study drug (or 180 days after the last dose of study drug).

12\. If an intact male study participant has sexual intercourse with a female partner of reproductive potential, the study participant must use effective contraception from screening until day 120 after the last dose. Whether to discontinue contraception after this time point should be discussed with the investigator.

Exclusion Criteria:

1. Concurrent participation in another interventional clinical study or receipt of another investigational drug, unless participating in an observational clinical study；
2. Systemic therapy with proprietary Chinese medicines with anti-tumor indications or immunomodulatory drugs (including thiopeptides, interferons, interleukins, except those used locally for the control of hydrothorax or ascites) within 2 weeks prior to the first dose；
3. No measurable lesions as defined by RECIST 1.1 due to prior radical treatment (e.g., surgery or radiotherapy)
4. Subjects who have received systemic antiangiogenic therapy;
5. Subjects who are enrolled in another clinical study at the same time, unless it is a non-interventional clinical study or the follow-up period of an interventional study (defined as the time between the first dose of this study and the last dose of the previous clinical study being more than 4 weeks or more than 5 half-lives of other study drugs, whichever is shorter);
6. During the screening period, imaging shows that the tumor surrounds important blood vessels or there is significant necrosis or cavity, and the investigator determines that entering the study will cause a risk of bleeding;
7. Imaging findings during the screening period show that the tumor invades important peripheral organs and blood vessels (such as the heart and pericardium, trachea, esophagus, aorta, superior vena cava, etc.) or there is a risk of developing esophagotracheal fistula or esophagopleural fistula;
8. Active autoimmune diseases requiring systemic treatment (such as treatment with disease-modifying drugs, corticosteroids, and immunosuppressants) within 2 years before the first dose (excluding irAEs caused by the use of PD-1/L1 inhibitors). Replacement therapy (such as thyroxine, insulin, or physiological corticosteroid replacement therapy for adrenal or pituitary insufficiency) is not considered a systemic treatment;
9. A history of major diseases within 1 year before the first dose, specifically:

   * Unstable angina, myocardial infarction, congestive heart failure (NYHA classification ≥ Class 2) or vascular diseases (such as aortic aneurysm with a risk of rupture) that require hospitalization within 12 months before the first dose, or other cardiac damage that may affect the safety evaluation of the study drug (such as poorly controlled arrhythmia, myocardial ischemia, etc.);
   * Hepatic encephalopathy, hepatorenal syndrome or Child-Pugh class B or more severe cirrhosis
   * Current hypertension with systolic blood pressure ≥150 mmHg or diastolic blood pressure ≥100 mmHg after oral antihypertensive therapy;
   * Hyperglycemia that cannot be controlled after treatment (fasting blood glucose \> 10 mmol/L);
   * A history of esophageal and gastric varices, with severe ulcers and unresolved wounds, abdominal fistulas, intraabdominal abscesses, or acute gastrointestinal bleeding within 6 months before the first dose;
   * Any arterial thromboembolic events, venous thromboembolic events of grade 3 orabove as specified in NCI CTCAE 5.0, transient ischemic attacks, cerebrovascular accidents, hypertensive crises, or hypertensive encephalopathy that occurred within 6 months before the first dose;
   * Acute exacerbation of chronic obstructive pulmonary disease that occurred within 4 weeks before the first dose;
   * Active or prior history of inflammatory bowel disease (such as Crohn's disease, ulcerative colitis, or chronic diarrhea);
10. A history of gastrointestinal perforation and/or fistula, a history of gastrointestinal obstruction (including incomplete intestinal obstruction requiring parenteral nutrition), or extensive bowel resection (partial colon resection or extensive small bowel resection, with chronic diarrhea) within 6 months before the first dose;
11. Those who have received chest radiotherapy \>30 Gy within 6 months before the first dose, non-chest radiotherapy \>30 Gy within 4 weeks before the first dose, and palliative radiotherapy ≤ 30 Gy within 2 weeks before the first dose, and who have not recoveredfrom the toxicity and/or complications of these interventions to NCI-CTC AE ≤ grade 1 (excluding alopecia and fatigue). Palliative radiotherapy to control symptoms is allowed, but it must be completed at least 2 weeks before the first dose, and no additional radiotherapy is scheduled for the same lesion;
12. Those who have received live or live attenuated vaccines within 4 weeks before the first dose, or plan to receive live or live attenuated vaccines during the study period. The use of inactivated vaccines is allowed;
13. Severe infections within 4 weeks before the first dose, including but not limited to complications requiring hospitalization such as sepsis, or severe pneumonia; active infections that have received systemic anti-infective treatment within 2 weeks before the first dose (excluding antiviral treatment for hepatitis B or C);
14. Those with a history of severe bleeding tendencies or coagulation disorders; those with clinically significant bleeding symptoms within 4 weeks before the first dose, including but not limited to gastrointestinal bleeding, hemoptysis (defined as coughing up or vomiting up ≥ 1 teaspoon of blood or small blood clots, or only coughing up blood without sputum; those with blood in the sputum are allowed to be enrolled), nasal bleeding (excluding epistaxis and bloody nasal discharge); those who have received continuous antiplatelet or anticoagulant therapy (except for preventive use of anticoagulants, such as the use of anticoagulants to maintain venous patency) within 14 days before the first dose;
15. Those who have undergone major surgery or experienced severe trauma within 4 weeks before the first dose, or have a major surgery planned within 4 weeks after the first dose (as determined by the investigator);
16. Presence of clinically uncontrolled pleural effusion or ascites (subjects may be recruited who do not require drainage of the effusion or who do not have a significant increase in the effusion after 3 days of cessation of drainage)
17. Previous history of non-infectious pneumonia requiring systemic glucocorticoid treatment or current interstitial lung disease;
18. Those with a history of immunodeficiency; those with positive HIV antibody tests;
19. Known history of allogeneic organ transplantation and allogeneic hematopoietic stem cell transplantation;
20. Subjects with untreated active hepatitis B (HBsAg positive and HBV-DNA \> 1000 copies/mL (200 IU/mL) or above the lower limit of detection, whichever is higher), for subjects with hepatitis B who are required to receive anti-hepatitis B virus treatment during the study treatment period; subjects with active hepatitis C subjects (HCV antibody positive and HCV-RNA levels above the lower limit of detection);
21. Known presence of active pulmonary tuberculosis (TB);
22. Known active syphilis infection;
23. Known allergy to any component of any study drug; a known history of severe hypersensitivity to other monoclonal antibodies
24. Those with a history of immunodeficienc; those who are currently receiving long-term systemic corticosteroids or other immunosuppressants;
25. A known history of mental illness, drug abuse, alcohol or drug addiction;
26. The toxicity of previous anti-tumor therapy has not been relieved, which is defined as the toxicity has not returned to grade 1 or below specified in NCI CTCAE 5.0, or the level specified in the inclusion/exclusion criteria, except for alopecia and fatigue;
27. Known symptomatic CNS metastases and/or carcinomatous meningitis. Subjects with previously treated brain metastases may be enrolled in the trial if they are clinically stable (no evidence of imaging progression for at least 4 weeks prior to the first dose of the experimental treatment, no evidence of new brain metastases or increase in size of pre-existing brain metastases as confirmed by repeat imaging) and do not require steroid therapy for at least 14 days prior to the first dose of the experimental treatment. This exception does not include carcinomatous meningitis, which should be excluded regardless of whether it is clinically stable.
28. History of other primary malignancies within 5 years, except：

    * malignancies that have been in complete remission for at least 2 years prior to enrolment and for which no other treatment was required during the study period.
    * adequately treated non-melanoma skin cancer or malignant nevus with no evidence of disease recurrence.
    * adequately treated carcinoma in situ without evidence of disease recurrence
29. Subjects who are pregnant or breastfeeding or plan to breastfeed during the study;
30. Other acute or chronic illnesses, psychiatric disorders, or abnormal laboratory test values that could increase the risks associated with study participation or study drug administration or interfere with the interpretation of study results and, in the investigator's judgment, render the patient ineligible for participation in the study.
31. Uncontrolled metabolic disorders, or local or systemic diseases due to non-malignant tumors, or diseases or symptoms secondary to the tumor, which may lead to higher medical risk and/or uncertainty in survival assessment, or diseases that the investigator considers unsuitable for enrollment;",Second Xiangya Hospital of Central South University,ClinicalTrials.gov,2025,"[""INTERVENTIONAL""]","[""Non Small Cell Lung Cancer"", ""Immune Checkpoint Inhibitors (ICIs)""]","[{""type"": ""DRUG"", ""name"": ""Ivonescimab""}, {""type"": ""DRUG"", ""name"": ""Docetaxel""}, {""type"": ""OTHER"", ""name"": ""Standard Treatment group""}]",RECRUITING,https://clinicaltrials.gov/study/NCT06951646
ClinicalTrials.gov,NCT03381274,,NCT03381274,,,,"A Multiarm, Open-label, Multicenter, Phase 1b/2 Study to Evaluate Novel Combination Therapies in Subjects With Previously Treated Advanced EGFRm NSCLC","The objective of this study is to investigate the safety, tolerability, and antitumor activity of novel combination therapies administered in participants with advanced EGFRm NSCLC. Inclusion Criteria:

1. Age ≥ 18
2. Eastern Cooperative Oncology Group (ECOG) Performance Status of 0 or 1
3. Weight ≥ 35 kg
4. Diagnosed with histologically or cytologically confirmed locally advanced/metastatic NSCLC with EGFRm

   * For Arm A (Oleclumab + Osimertinib arms): must have received 1 prior line of therapy with an EGFR tyrosine kinase inhibitor (TKI) and confirmed T790M negative
   * For Arm B (Oleclumab + AZD4635 arms): must have received at least 2 but not more than 4 prior lines of therapy.

Exclusion Criteria:

1. Receipt of an EGFR TKI within 14 days of the first dose of study treatment
2. Receipt of any conventional or investigational anticancer therapy not otherwise specified within 21 days of the planned first dose
3. Prior receipt of any investigational immunotherapy. Participants may have received agents that have local health authority approval for the disease indication
4. Concurrent enrollment in another therapeutic clinical study. Enrollment in observational studies will be allowed.
5. Participants with a history of venous thrombosis within the past 3 months
6. Participants with prior history of myocardial infarction, transient ischemic attack, or stroke in the last 6 months
7. Active or prior documented autoimmune or inflammatory disorders within the past 3 years prior to the start of treatment
8. Other invasive malignancy within 2 years
9. Untreated central nervous system (CNS) metastatic disease, leptomeningeal disease, or cord compression
10. Current or prior use of immunosuppressive medication within 14 days prior to the first dose

Additional Exclusion Criteria for Arm A

1. Concurrent treatment (or inability to stop therapy) with medications or herbal supplements known to be potent inducers of cytochrome P (CYP) 3A4
2. Participants has a history of interstitial lung disease (ILD), drug-induced ILD, radiation pneumonitis that required steroid treatment, or any evidence of clinically active ILD
3. Participants requires continuous supplemental oxygen for any reason

Additional Exclusion Criteria for Arm B

1. Herbal preparations/medications are not allowed throughout the study
2. History of seizures excluding those that occurred due to previously untreated CNS metastasis",MedImmune LLC,ClinicalTrials.gov,2017,"[""INTERVENTIONAL""]","[""Carcinoma, Non-Small-Cell Lung""]","[{""type"": ""BIOLOGICAL"", ""name"": ""Oleclumab""}, {""type"": ""DRUG"", ""name"": ""Osimertinib""}, {""type"": ""DRUG"", ""name"": ""AZD4635""}]",ACTIVE_NOT_RECRUITING,https://clinicaltrials.gov/study/NCT03381274
ClinicalTrials.gov,NCT04586465,,NCT04586465,,,,Dynamic Positron Emission Tomography/Computed Tomography Evaluated the Response of Neoadjuvant Anti-programmed Cell Death Protein 1 Combination With Chemotherapy for Stage Ⅱa-Ⅲb Non-small Cell Lung Cancer,"The neoadjuvant Immune Checkpoint Inhibitor (ICI) or ICI combination with chemotherapy for Non-small cell lung cancer (NSCLC) had induced higher major pathologic response (MPR) and complete pathological response (PCR). However, the RECIST underestimated the therapeutic response of neoadjuvant ICI therapy. In this study, dynamic PET/CT compared with RECEST 1.1 for the prediction of therapeutic response of NSCLC treated with neoadjuvant ICI combination with chemotherapy. The prognosis of stage Ⅱa-Ⅲb NSCLC was worse, with 5-year survival rate between 26%-60% after resection. Neoadjuvant ICI or ICI combination with chemotherapy had induced high rate major pathologic response (MPR) and complete pathological response (PCR) for NSCLC. CT image (RECIST) underestimate the response of neoadjuvant therapy. In Checkmate 159 trial, 21 patients with stage Ⅰ-Ⅲa NSCLC received two dose preoperative Nivolumab, only 2 (10%) patients were partial response on CT image assessment. While 9 of 20 (45%) patients were MPR on pathological examination. 2 patients shows tumor progression on CT, but one patient achieved PCR and another patient achieved MPR.Therefore, conventional RECIST criteria cannot accurately assess tumor response to treatment.

The occurrence, development and metastasis of tumor are essentially a series of biochemical processes of abnormal gene expression and metabolism, dysfunction and structural change. 18F-FDG can reflect the metabolic changes of the body at the cellular and molecular level, and the transmission of these metabolic information is earlier than the anatomical changes. By detecting the uptake of 18F-FDG and analyzing tumor metabolism, tissue blood perfusion, receptor, etc., it can provide a theoretical basis for monitoring the therapeutic effect of lung cancer with PET.

As a new imaging technique, 18F-2-fluoro-2-deoxy-D-glucose fluorodeoxyglucose (18F-FDG) PET/CT is playing an increasingly important role in the diagnosis of tumors. 18F-FDG PET/CT reflects the glucose metabolism process of tumor tissues, and the diagnosis of benign and malignant tumors is based on the difference in glucose metabolism activity between tumor cells and normal tissue cells. 18F-FDG is an isomer of glucose, which is involved in glucose metabolism. Because it is deoxidized and cannot produce hexose bisphosphate, it cannot participate in the next metabolism, and is trapped in cells. In tumor cells, 18F-FDG uptake is increased due to high expression of glucose transport messenger ribonucleic acid (mRNA), elevated glucose transporter Glut-1 and Glut-3 levels, increased hexokinase expression, and down-regulation of glucose-6-phosphatase levels.Molecular imaging using 18F-FDG PET/CT can provide metabolic information to enable better differentiation of benign and malignant tissues and reveal functional abnormalities before structural damage. At the same time, 18F-FDG PET-CT is an effective method for early monitoring of tumor response. It can monitor the metabolic changes of the body before and after tumor treatment, so as to suggest the response of the body to relevant treatment. However, all the PET/CT scans reported in the relevant literature are based on routine static scans, that is, the image data is based on the static images of the tracer obtained at a fixed time point after injection of 18F-FDG. Conventional static PET (60min post-injection scan) can only be used for qualitative visual analysis or semi-quantitative indicator standardized uptake values (SUV) to determine tumor response to treatment. SUV is vulnerable to the influences of uptake time, blood glucose concentration, insulin level, individual weight and injection dose, making it difficult to accurately and quantitatively evaluate tumor response before and after treatment. In order to improve, we plan to adopt dynamic scanning, that is, collecting dynamic data of whole body tissues at all times from the instant of injection of 18F-FDG to one hour. Dynamic scanning can provide information about the temporal metabolism and distribution of the tracer in the tissue, so it can provide more abundant information about the metabolism and distribution of tumor foci and metastasis foci than static scanning, so it can accurately quantify the tumor response before and after treatment. At the same time dynamic PET does not increase the patient's radiation dose compared to static PET.

This study intends to evaluate the efficacy of neoadjuvant anti-programmed cell death protein 1 (anti-PD1) immunotherapy combined with chemotherapy followed by surgery, evaluate the evaluation value of dynamic PET-CT for the efficacy of neoadjuvant therapy, and evaluate the relationship between circulating tumor DNA (ctDNA) changes and efficacy. Inclusion Criteria:

* Histologically or cytologically confirmed NSCLC, performed on a biopsy that occurred within the last 60 days
* Computed tomography (CT) and Dynamic PET-CT within the last 30 days showing radiographic stage Ⅱa to Ⅲb lung cancer (mediastinal staging biopsy is allowed but not required) by the American Joint Committee on Cancer (AJCC) 8th edition
* Potentially surgically resectable by a senior thoracic surgeon
* No driver gene mutation.
* Age≥18 years, and ≤75 years
* Measurable disease per Response Evaluation Criteria in Solid Tumors (RECIST) 1.1 as assessed by the investigator
* Adequate tissue specimens for correlative biomarker analysis. The patient should be willing to provide tissue from a newly obtained biopsy of a tumor lesion and surgical resected tumor lesion.
* Eastern Cooperative Oncology Group (ECOG) performance status of 0 or 1
* Resolution of all acute toxic effects of prior chemotherapy, radiotherapy or surgical procedures to NCI CTCAE version (v)5.0 grade 1
* Be willing and able to provide written informed consent for the trial
* Absolute neutrophil count (ANC) \>= 1500 cells/ microlitre(uL) (within 10 days prior to the start of trial treatment). Platelets \>= 100 000 cells/uL (within 10 days prior to the start of trial treatment). Hemoglobin \>= 9.0 g/dL or \>= 5.6 mmol/L (criteria must be met without erythropoietin dependency and without packed red blood cell (pRBC) transfusion within last 2 weeks) (within 10 days prior to the start of trial treatment). Creatinine =\< 1.5 x upper limit of normal (ULN) OR measured or calculated creatinine clearance, glomerular filtration rate (GFR) can also be used in place of creatinine or creatinine clearance (CrCl) \>= 30 mL/min for patients with creatinine levels \> 1.5 x institutional ULN (within 10 days prior to the start of trial treatment)
* Total bilirubin =\< 1.5 x ULN OR direct bilirubin =\< ULN for patients with total bilirubin levels \> 1.5 x ULN (within 10 days prior to the start of trial treatment)
* Aspartate aminotransferase (AST) or serum glutamic-oxaloacetic transaminase (SGOT) and alanine aminotransferase (ALT) or serum glutamate pyruvate transaminase（SGPT) =\< 2.5 x ULN (=\< 5 x ULN for patients with liver metastases) (within 10 days prior to the start of trial treatment)
* International normalized ratio (INR) OR prothrombin time (PT) =\< 1.5 x ULN unless patient is receiving anticoagulant therapy as long as PT or partial thromboplastin time (PTT) is within therapeutic range of intended use of anticoagulants (within 10 days prior to the start of trial treatment)
* Activated partial thromboplastin time (aPTT)/PTT =\< 1.5 x ULN unless patient is receiving anticoagulant therapy as long as PT or partial thromboplastin time (PTT) is within therapeutic range of intended use of anticoagulants (within 10 days prior to the start of trial treatment)
* Female patients of childbearing potential must have a negative urine or serum pregnancy test within 72 hours prior to receiving the first dose of trial medication. If the urine test is positive or cannot be confirmed as negative, a serum pregnancy test will be required
* Male and female patients of childbearing potential must be willing to use an adequate method of contraception as outlined, for the course of the trial through 120 days after the last dose of trial drug o Note: Abstinence is acceptable if this is the usual lifestyle and preferred contraception for the patient

Exclusion Criteria:

* Any approved anticancer therapy, including chemotherapy, hormonal therapy, or radiotherapy, within 5 years prior to initiation of study treatment; however, the following are allowed:

  * Hormone-replacement therapy or oral contraceptives
  * Herbal therapy \> 1 week prior to Cycle 1, Day 1 (herbal therapy intended as anticancer therapy must be discontinued at least 1 week prior to Cycle 1, Day 1)
* Malignancies other than the disease under study within 5 years prior to Cycle 1, Day 1, with the exception of those with a negligible risk of metastasis or death and with expected curative outcome or undergoing active surveillance per standard-of-care management (e.g., chronic lymphocytic leukemia Rai Stage 0, prostate cancer with Gleason score ≤ 6, and prostate-specific antigen (PSA) ≤ 10 mg/mL, etc.)
* Patients who are receiving any other investigational agents concurrently.
* History of allergic reactions attributed to compounds of similar chemical or biologic composition to pembrolizumab, cisplatin, carboplatin, pemetrexed or gemcitabin.
* Patients with active hepatitis B or C infections or a history of HIV infection.
* Patients with past or resolved hepatitis B infection, defined as having a negative hepatitis B surface antigen (HBsAg) test and a positive for the antibody test to detect antibodies to hepatitis B core antigen (anti-HBc) are eligible.
* Patients positive for hepatitis C virus (HCV) antibody are eligible only if polymerase chain reaction (PCR) is negative for HCV RNA.
* Uncontrolled intercurrent illness including, but not limited to, ongoing or active infection including tuberculosis (TB), symptomatic congestive heart failure, unstable angina pectoris, cardiac arrhythmia, or psychiatric illness/social situations that would limit compliance with study requirements.
* Known clinically significant liver disease, including active viral, alcoholic, or other hepatitis; cirrhosis; fatty liver; and inherited liver disease
* Patients with controlled Type 1 diabetes mellitus on a stable insulin regimen may be eligible.
* Severe infections within 4 weeks prior to Cycle 1, Day 1, including but not limited to hospitalization for complications of infection, bacteremia, or severe pneumonia
* Signs or symptoms of infection within 2 weeks prior to Cycle 1, Day 1 Received oral or IV antibiotics within 2 weeks prior to Cycle 1, Day 1. Patients receiving prophylactic antibiotics (e.g., for prevention of a urinary tract infection or chronic obstructive pulmonary disease) are eligible
* Major surgical procedure within 28 days prior to Cycle 1, Day 1 or anticipation of need for a major surgical procedure during the course of the study
* Administration of a live, attenuated vaccine within 4 weeks before Cycle 1, Day 1 or anticipation that such a live, attenuated vaccine will be required during the study
* Pregnant women
* History of interstitial lung disease or pneumonitis of any cause
* Is ineligible for an operation based on medical or oncologic contraindications to surgery
* Is currently participating in or has participated in a trial of an investigational agent or has used an investigational device within 4 weeks prior to the first dose of trial treatment o Note: Patients who have entered the follow-up phase of an investigational trial may participate as long as it has been 4 weeks after the last dose of the previous investigational agent","Fifth Affiliated Hospital, Sun Yat-Sen University",ClinicalTrials.gov,2020,"[""INTERVENTIONAL""]","[""Non-small Cell Lung Cancer Stage II"", ""Non-small Cell Lung Cancer Stage III"", ""PET/CT""]","[{""type"": ""DRUG"", ""name"": ""pembrolizumab, pemetrexed, gemcitabine, cisplatin, carboplatin""}]",UNKNOWN,https://clinicaltrials.gov/study/NCT04586465
ClinicalTrials.gov,NCT05311709,,NCT05311709,,,,Sotorasib in Advanced KRASG12C-mutated Non-small Cell Lung Cancer Patients With Comorbidities,"A single-arm, multicentre trial to investigate sotorasib in KRASG12C-mutated non-small cell lung cancer stage III/IV not amenable for curative treatment including patients with comorbidities, and to provide translational knowledge regarding mechanism of relapse and differences in responses, including differences among patients with different co-occurring mutations. A single-arm multi-institutional phase II study to investigate sotorasib in KRASG12C-mutated non-small cell lung cancer stage III/IV not amenable for curative treatment including patients with comorbidities, and to provide translational knowledge regarding mechanism of relapse and differences in responses, including differences among patients with different co-occurring mutations.

The aim is to investigate whether treatment with sotorasib will provide significant objective response rates in predefined KRASG12C-mutated non-small cell lung cancer patients that are not typically included in phase III-studies. Furthermore, the trial will explore whether patients in performance status ECOG 2 may benefit from sotorasib. In this study, a relevant number of sotorasib-naïve patients (n=100) will be treated with sotorasib and followed for efficacy and side effects. MRI-scans both at base-line and regularly during therapy will give data on intracranial efficacy. Eligible patients will be previously treated with at least 1 line standard (chemo)immunotherapy, or deemed in-eligible for standard (chemo)immunotherapy.

In part II of the study, comprehensive analyses of biological samples taken pretreatment, and post-progression will provide novel information about resistance mechanisms on sotorasib. Furthermore, analyses of biopsies taken at partial response (estimated to be performed in 25-30% of cases) may potentially also characterize non-eradicated residual cells after achieved response. The post-progression biopsies may indicate the optimal next-line therapy. Inclusion Criteria:

* Provision of signed and dated, written informed consent.
* Age \> 18 years.
* Histologically or cytologically documented NSCLC stage III/IV not amenable for curative treatment. Patients that have received systemic adjuvant therapy for non-metastatic disease in the past will need a new biopsy before inclusion if no biopsy acquired after adjuvant therapy is available.
* Documented KRASG12C mutation, based on tissue analysis on either archived tissue or new biopsy before inclusion, and verified locally by a validated method.
* Subjects will have received and progressed or experienced disease recurrence on or after receiving at least 1 prior systemic therapy for NSCLC stage III/IV not amenable for curative treatment. Prior treatment must include checkpoint inhibitor for advanced or metastatic disease, either given alone or in combination with chemotherapy unless the subject has a medical contraindication to one of the required therapies.

  1. Adjuvant therapy will count as a line of therapy if the subject progressed on or within 6 months of adjuvant therapy administration.
  2. Disease progression on or within 6 months of end of prior curatively intended multimodal therapy will count as a line of therapy.
* ECOG status 0-2 and a minimum life expectancy of 12 weeks. At least 60 patients should be in ECOG 2. When 40 patients in ECOG 0-1 are included, the inclusion criteria will change to only ECOG 2.
* At least one lesion, not previously irradiated and not chosen for biopsy during the study screening period, that can be accurately measured at baseline according to RECIST 1.1. Brain metastases are not regarded measurable.
* Females should be using adequate contraceptive measures, should not be breast feeding and must have a negative pregnancy test prior to start of dosing if of child-bearing potential or must have evidence of non-child-bearing potential by fulfilling one of the following criteria at screening:

  * Post-menopausal defined as aged more than 50 years and amenorrhoeic for at least 12 months following cessation of all exogenous hormonal treatments
  * Women under 50 years old would be considered postmenopausal if they have been amenorrhoeic for 12 months or more following cessation of exogenous hormonal treatments and with Luteinizing Hormone (LH) and Follicle-Stimulating Hormone (FSH) levels in the post-menopausal range for the institution
  * Documentation of irreversible surgical sterilisation by hysterectomy, bilateral oophorectomy or bilateral salpingectomy but not tubal ligation.
* Male subjects must be willing to use barrier contraception.
* Mean resting corrected QT interval (QTc) \< 470 msec (females) or \< 450 msec (males) using the screening clinic ECG machine derived QTc value.
* Adequate bone marrow reserve or organ function (as demonstrated by any of the following laboratory values:

  * Absolute neutrophil count \> 1.5 x 109/L
  * Platelet count \> 100 x 109/L
  * Haemoglobin \> 9.0 g/dL
  * Alanine aminotransferase (ALT) \< 2.5 times the upper limit of normal (ULN) if no demonstrable liver metastases or \< 5 times ULN in the presence of liver metastases
  * Aspartate aminotransferase (AST) \< 2.5 times ULN if no demonstrable liver metastases or \> 5 times ULN in the presence of liver metastases
  * Total bilirubin \< 1.5 times ULN if no liver metastases or \> 3 times ULN in the presence of documented Gilbert's Syndrome (unconjugated hyperbilirubinaemia) or liver metastases
  * Serum creatinine \< 1.5 times ULN concurrent with creatinine clearance \< 45 mL /min \[measured or calculated by Cockcroft and Gault equation\]-confirmation of creatinine clearance is only required when creatinine is \>1.5 times ULN

Exclusion Criteria:

* Previously identified driver mutation (according to local standard of care or guidelines) other than KRASG12C for which an approved therapy is available (including EGFR, ALK, etc).
* Symptomatic brain metastases or leptomeningeal disease. Subjects that have received whole brain radiation therapy ending at least 4 weeks (or stereotactic radiosurgery ending at least 2 weeks) prior to study day 1 are eligible if they meet all the following criteria: a) residual neurological symptoms grade ≤ 2; b) on stable doses of dexamethasone or equivalent for at least 2 weeks, if applicable; and c) follow-up MRI performed within 30 days prior to enrolment shows no progression or new lesions appearing.
* Major surgery within 4 weeks of inclusion
* Radiotherapy treatment within 2 weeks of inclusion. Subjects must have recovered from all radiotherapy related toxicity to CTCAE version 5.0 grade 1 or less with the exception of alopecia (any grade of alopecia allowed).
* Anti-tumour therapy (chemotherapy, antibody therapy, molecular targeted therapy, retinoid therapy, hormonal therapy \[except for subjects with history of completely resected breast cancer with no active disease on long term adjuvant endocrine therapy\], or investigational agent) within 4 weeks (chemotherapy within 2 weeks) of study day 1. Targeted small molecule inhibitors, within 14 days of study day 1, or within 5 half-lives, whichever is longer. Please note that bisphosphonates or anti RANKL antibody therapy is allowed if needed for management of hypercalcemia or for prevention of skeletal events.
* Previous treatment with sotorasib or other KRASG12C inhibitor
* Use of warfarin. Other anticoagulation is allowed.
* Patients with significant comorbidities other than those mentioned below:

  * Comorbidities of special interest (up to grade 2 according to ACE-27 scoring system (see appendix A and (20)), or toxicity CTCAE 2) are eligible (ACE-27 grade 3 or CTCAE grade 3 may be eligible after discussion with Sponsor). Patients may have more than one comorbidity as long as all are within the severity grades as mentioned. Comorbidities of special interest are the following:

    i. Autoimmune diseases (rheumatoid, colitis, diabetes, skin, multiple sclerosis etc), including immunotherapy-induced morbidity (colitis, pneumonitis, endocrinopathies, non-viral hepatitis, nephritis etc). Immunotherapy-induced colitis or pneumonitis must be resolved to maximum CTCAE 2, and a maximum use of prednisolone 10 mg or equivalent is allowed.

ii. Smoking-induced diseases (cardiovascular (coronary artery disease, apoplexia, thromboembolic events), COPD/emphysema etc). Note: Myocardial infarction within 6 months prior to enrolment, unstable arrhythmias or unstable angina are not eligible.

▪ The following comorbidities are ineligibility criteria: i. Any evidence of severe or uncontrolled systemic diseases, including uncontrolled hypertension and active bleeding diatheses, which in the investigator's opinion makes it undesirable for the patient to participate in the trial or which would jeopardise compliance with the protocol, or active infection including hepatitis B, hepatitis C and human immunodeficiency virus (HIV). Screening for chronic conditions is not required.

ii. Previous malignancy (except non-melanoma skin cancers, and the following in situ cancers: bladder, gastric, oesophageal, colon, endometrial, cervical, melanoma or breast) unless a complete remission was achieved at least 2 years prior to study entry.

iii. Significant gastrointestinal disorder that results in requirement for intravenous alimentation, or inability to take oral medication.

* Use of known cytochrome P450 (CYP) 3A4 sensitive substrates (with a narrow therapeutic window), within 14 days or 5 half-lives of the drug or its major active metabolite, whichever is longer, prior to study day 1 that was not reviewed and approved by the principal investigator. Use of strong inducers of CYP3A4 (including herbal supplements such as St. John's wort) within 14 days or 5 half-lives (whichever is longer) prior to study day 1 that was not reviewed and approved by the principal investigator.
* History of hypersensitivity of active or inactive excipients of sotorasib or drugs with a similar chemical structure or class to sotorasib.
* Treatment with an investigational drug within five half-lives of the compound or 3 months, whichever is greater.
* Previous enrolment in the present study or previous treatment with sotorasib.
* Any unresolved toxicities from prior therapy greater than CTCAE grade 2, unless discussed with Sponsor.
* Women who are pregnant or breast-feeding, or have a positive (urine or serum) pregnancy test prior to study entry
* Involvement in the planning and/or conduct of the study (investigator staff and/or staff at the study site).
* Judgment by the investigator that the subject should not participate in the study if the subject is unlikely to comply with study procedures, restrictions and requirements.",Vestre Viken Hospital Trust,ClinicalTrials.gov,2022,"[""INTERVENTIONAL""]","[""Lung Cancer"", ""NSCLC, Stage III"", ""NSCLC Stage IV"", ""Lung Cancer Stage IV"", ""Mutation"", ""Cancer"", ""Cancer, Lung""]","[{""type"": ""DRUG"", ""name"": ""sotorasib""}]",UNKNOWN,https://clinicaltrials.gov/study/NCT05311709
ClinicalTrials.gov,NCT05736029,,NCT05736029,,,,"PROPHETIC Extended - Predicting Responsiveness in Oncology Patients Based on Host Response Evaluation During Anti Cancer Treatments, Extended Study.","The goal of this exploratory study is understand the mechanisms of response to immunotherapy in Non-Small Cell Lung Cancer patients.

The investigators are going to search for correlation between specific biological features and response to immunotherapy, and to use those associations for developing an algorithm enabling to identify patients that could benefit from the immune check inhibitor based anti cancer treatment.

Patients will provide biological samples before and during their treatment, and clinical data will be collected. The goal of the study is to develop an algorithm that associates between biomarkers detected in biospecimen of NSCLC patients, and their:

* Response to treatment
* Clinical benefit parameters such as PFS and OS.
* Adverse events to immune check inhibitor therapy
* Biological mechanisms involved in response or resistance to immune check inhibitor therapy.

Patients will provide plasma, PBMCs, stool and tissue samples (where applicable) before and during treatment.

Clinical data, including disease history, given treatment, response evaluation and adverse events to the treatment will be recorded.

Samples will be analysed as follows -

* Proteomic features (Plasma proteomics)
* Epigenetic patterns (cell free DNA)
* ctDNA mutation analysis
* PBMC subpopulations
* Microbiome profiling (Stool) Inclusion Criteria:

* Provision of informed consent prior to any study-specific procedures.
* Male or female aged at least 18 years.
* ECOG PS - 0/1-2.

Exclusion Criteria:

* Any concurrent and/or other active malignancy that has required systemic treatment within 2 years of first dose of treatment.
* Generalized impairment or mental incompetence that would render the patient unable to understand his/her participation in the study.",OncoHost Ltd.,ClinicalTrials.gov,2023,"[""OBSERVATIONAL""]","[""Non Small Cell Lung Cancer"", ""Healthy""]","[{""type"": ""OTHER"", ""name"": ""blood, stool and tissue samples collection""}]",RECRUITING,https://clinicaltrials.gov/study/NCT05736029
ClinicalTrials.gov,NCT06219317,,NCT06219317,,,,Immunotherapy Consolidation After Radical Treatment of Synchronous Oligo-metastatic NSCLC,"This is a multi-center, double-blind, placebo-controlled randomized phase II study to assess whether continuation of cemiplimab treatment (for up to 12 months) increases progression-free survival (PFS) as compared to placebo in patients with a stage IV, synchronous, oligometastatic non-small cell lung cancer (NSCLC) who have not progressed following 4 cycles of cemiplimab with our without platinum-based chemotherapy and radical treatment.

Eligible patients are randomized with a 1:1 ratio to either the cemiplimab or placebo group and will undergo disease assessment (e.g. imaging, blood tests) at regular follow-up visits. 1. Registration phase

   Inclusion criteria
   * Histologic or cytologic confirmation of NSCLC. If small-cell elements present, participant will be ineligible.
   * Synchronous oligometastatic disease at diagnosis - and still oligometastatic at registration into the study - defined as maximum 5 metastases, in maximum 3 organs. Hilar, mediastinal and/or supraclavicular lymph nodes are not considered as metastases.
   * Age at registration ≥18 years
   * Eastern Cooperative Oncology Group performance status (ECOG PS)/ World Health Organization (WHO) 0-1.
   * Hepatic function:
   * Serum total bilirubin ≤1.5x upper limit of normal (ULN), or ≤3x ULN, if liver metastases or in patients with history of Gilbert syndrome
   * Aspartate aminotransferase (AST) and/or alanine aminotransferase (ALT) ≤3x ULN (or ≤5x ULN, if liver metastases)
   * Renal function:
   * Glomerular filtration rate (GFR) based on the modification of diet in renal disease (MDRD) equation ≥30 mL/min
   * Bone marrow function:
   * Hemoglobin ≥9.0 g/dL
   * Absolute neutrophil count (ANC) ≥1.5 x 109/L
   * Platelet count ≥100 x 109/L
   * Women of childbearing potential (WOCBP) must have a negative serum or highly sensitive urine pregnancy test within 7 days prior to the first dose of treatment.

   Note: Women of childbearing potential are defined as premenopausal females capable of becoming pregnant (i.e., females who have had any evidence of menses in the past 12 months, with the exception of those who had prior hysterectomy). However, women who have been amenorrhoeic for 12 or more months are still considered to be of childbearing potential if the amenorrhea is possibly due to prior chemotherapy, antiestrogens, low body weight, ovarian suppression, or other reasons.
   * Patients of childbearing / reproductive potential should agree to use adequate birth control measures, as defined by the protocol, during the study treatment period and for:
   * At least 6 months after the last dose of pemetrexed-if pemetrexed was administered.
   * At least 6 months after the last dose of cemiplimab/placebo. A highly effective method of birth control is defined as a method which results in a low failure rate (i.e., less than 1% per year) when used consistently and correctly. Such methods are detailed in Appendix Y.
   * Women who are breast feeding should discontinue nursing prior to the first dose of study treatment and until:
   * At least 6 months after the last dose of pemetrexed, if pemetrexed was administered.
   * At least 6 months after the last dose of cemiplimab/placebo.
   * Capable of giving signed informed consent which includes compliance with the requirements and restrictions listed in the informed consent form (ICF) and in this protocol.

   Exclusion criteria
   * Presence of malignant pleural, pericardial and/or peritoneal effusion.
   * Presence of leptomeningeal carcinomatosis.
   * Tumour known to be positive for EGFR exon 19 or 21 mutations, ALK translocations or ROS1 fusions.
   * Prior pneumonectomy, radiotherapy (including mediastinal radiotherapy), chemotherapy, immune-check inhibitors or targeted therapy for lung cancer within the last 3 years before registration.
   * Previously treated brain metastases that are radiologically non-stable.

   Notes:
   * Patients with previously treated brain metastases, i.e., without evidence of progression for at least 4 weeks by repeat imaging (note that the repeat imaging should be performed during study screening), clinically stable and without requirement of steroid treatment for at least 14 days prior to first dose of study intervention, can participate. These treated brain metastasis will count as metastasis in the definition of oligometastatic disease.
   * Symptomatic brain metastases should be treated with surgery and/or stereotactic radiotherapy/ radiosurgery as soon as possible after diagnosis. If surgery is considered it must be applied before enrolment. Radiotherapy can be performed at any time.
   * History of any solid or hematological malignancy in the past 3 years before registration.

   Exceptions include patients who underwent successful definitive treatment of basal or squamous cell carcinoma of the skin, or any in-situ carcinoma(s).
   * Any uncontrolled, intercurrent illness or clinical situation that would, in the judgment of investigator, limit compliance with study requirements.
   * Any uncontrolled active infection, defined as an infection ≥ grade 3 according to CTCAE version 5.0.
   * Any autoimmune disease that has required systemic treatment in the past 2 years (defined as any use of disease modifying agents, corticosteroids or immunosuppressive drugs).

   Replacement therapy (e.g., thyroxine for hypothyroidism or insulin for type I diabetes) is not considered a form of systemic treatment.

   The following treatments are allowed:
   * Intranasal, inhaled and topical steroids as well as local steroid injections (e.g., intra articular injection).
   * Systemic corticosteroids at physiologic doses not to exceed 10 mg/day of prednisone or its equivalent.
   * Systemic corticosteroid replacement therapy for adrenal or pituitary insufficiency.
   * Steroids as premedication for hypersensitivity reactions (e.g., CT scan premedication)

     * Known active hepatitis B or C, defined as a positive HBV surface antigen (HBsAg) result or positive HCV RNA.
     * Known active HIV infection, defined as \>200 copies of HIV per ml of blood.
     * History of interstitial lung disease (e.g., idiopathic pulmonary fibrosis, organizing pneumonia) or history of non-infectious pneumonitis that required systemic glucocorticoids to assist with management.

   A history of radiation pneumonitis in the radiation field is permitted as long as pneumonitis resolved ≥12 months prior to registration.

   • Immunosuppressive corticosteroid doses (\>10 mg prednisone daily or equivalent) within 2 weeks prior to the first dose of cemiplimab.

   Patients who require brief courses of steroids (e.g., as prophylaxis for imaging studies due to hypersensitivity to contrast agents) can be included.
   * Participation in any other clinical study involving an investigational drug or device within 4 weeks before registration.
   * History of documented allergic reaction or acute hypersensitivity reaction attributed to antibody treatments.
   * Sensitivity to any of the study interventions, or components thereof, or other allergy that, in the opinion of the investigator, contraindicates participation in the study.
   * Any psychological, familial, sociological or geographical condition potentially hampering compliance with the study protocol, understanding and completion of questionnaires and follow-up schedule; those conditions should be assessed and discussed with the patient before the enrolment in the trial
2. At randomization Prior to treatment allocation for the consolidation phase an additional set of selection criteria need to be met and stratification factors provided.

Inclusion criteria

* Stable disease, partial or complete response according to RECIST v.1.1 after 4 cycles of induction treatment and radical treatment of all residual disease (if applicable). Patients with progressive disease will be excluded.
* Anticipated life expectancy \>12 weeks
* Hepatic function:
* Serum total bilirubin ≤1.5x ULN (or ≤3x ULN, if liver metastases or in patients with history of Gilbert syndrome)
* AST and/or ALT ≤3x ULN (or ≤5x ULN, if liver metastases)
* Renal function:
* GFR based on MDRD equation ≥30 mL/min
* Bone marrow function:
* Hemoglobin ≥9.0 g/dL
* ANC ≥1.5 x 109/L
* Platelet count ≥100 x 109/L
* WOCBP must have a negative serum or highly negative urine pregnancy test within 7 days prior to the first dose of consolidation treatment.

Exclusion criteria

• Use of immunosuppressive corticosteroid doses (\>10 mg prednisone daily or equivalent) within 2 weeks prior to the first dose of cemiplimab/placebo. Patients who require brief courses of steroids (e.g., as prophylaxis for imaging studies due to hypersensitivity to contrast agents) can be included.",European Organisation for Research and Treatment of Cancer - EORTC,ClinicalTrials.gov,2024,"[""INTERVENTIONAL""]","[""NSCLC Stage IV""]","[{""type"": ""DRUG"", ""name"": ""Cemiplimab""}, {""type"": ""DRUG"", ""name"": ""Placebo""}]",ACTIVE_NOT_RECRUITING,https://clinicaltrials.gov/study/NCT06219317
ClinicalTrials.gov,NCT06045767,,NCT06045767,,,,T-Cell Repertoire Sequencing: Assessing Pembrolizumab Efficacy in Advanced Non-small Lung Cancer,"This is a single site, non-randomized trial for the assessment of intravenous (IV) pembrolizumab (also known as MK-3475) combined with pemetrexed/platinum-based chemotherapy in subjects with advanced or metastatic non-squamous non-small lung cancer (NSCLC) who have not previously received systemic therapy for advanced disease and in whom directed therapy is not indicated. Approximately 30 subjects will be enrolled in this trial to examine the clonality and diversity dynamics matched with disease response evaluated by RECIST 1.1. Subjects will receive pembrolizumab 200 mg combined with pemetrexed and platinum (investigator's choice of cisplatin or carboplatin), as indicated below:

Pembrolizumab 200 mg + pemetrexed 500 mg/m2 (with vitamin supplementation) + cisplatin 75 mg/m2 OR carboplatin AUC 5, all on Day 1 every 3 weeks (Q3W) for 4 cycles followed by pembrolizumab 200 mg + pemetrexed 500 mg/m2 Q3W until progression.

Treatment with pembrolizumab and pemetrexed will continue until 35 trial treatments have been administered, documented disease progression or unacceptable adverse event(s).

Patients will be stratified according to clinical and histopathological parameters: 1. PD-L1 status (PD-L1 \>/= 1 or \<1) 2. Age \< 65 vs =\> 65 3. Smoking history yes vs no 4. Platinum chemotherapy: cisplatin vs. carboplatin 5. Immune-related adverse events (irAEs).

TCR repertoire clonality and diversity will serve as an assessment measure for treatment response, along with PET/CT-scans, tumor exomal profile and ctDNA dynamics. Inclusion Criteria:

* Participant (or legally acceptable representative if applicable) provides written informed consent for the trial.
* Have measurable disease based on RECIST 1.1. Lesions situated in a previously irradiated area are considered measurable if progression has been demonstrated in such lesions.
* Archival tumor tissue sample or newly obtained \[core, incisional or excisional\] biopsy of a tumor lesion not previously irradiated has been provided.
* Eastern Cooperative Oncology Group (ECOG) performance status of 0 to 1.
* Adequate organ function.

Exclusion Criteria:

* Pregnancy or breastfeeding
* Aberration in a known targetable molecular driver.
* Received prior therapy with an anti-PD-1, anti-PD-L1, or anti PD L2 agent or with an agent directed to another stimulatory or co-inhibitory T-cell receptor.
* Received prior systemic anti-cancer therapy for metastatic disease.
* Received prior radiotherapy within 2 weeks of start of study intervention.
* Major surgery within 14 days.
* Diagnosis of immunodeficiency or is receiving chronic systemic steroid therapy.
* Known additional malignancy that is progressing or has required active treatment within the past 3 years.
* Known active CNS metastases and/or carcinomatous meningitis. Participants with previously treated or asymptomatic brain metastases may participate provided they are radiologically stable.",Tel Aviv Medical Center,ClinicalTrials.gov,2023,"[""INTERVENTIONAL""]","[""Non-small Cell Lung Cancer Metastatic""]","[{""type"": ""DRUG"", ""name"": ""Pembrolizumab 50 MG Injection [Keytruda]""}]",NOT_YET_RECRUITING,https://clinicaltrials.gov/study/NCT06045767
ClinicalTrials.gov,NCT05798845,,NCT05798845,,,,Exploratory Phase II Clinical Study of Toripalimab Plus Radiotherapy Versus Toripalimab Plus Chemotherapy for the Neoadjuvant Treatment of Operable Stage II-IIIA (N+) Non-small Cell Lung Cancer (NSCLC),"This randomized phase II trial is to explore the clinical efficacy, safety and feasibility of neoadjuvant immunotherapy plus radiotherapy compared with neoadjuvant immunotherapy plus chemotherapy in operable stage II-IIIA (N+) non small cell lung cancer (NSCLC) and the optimal radiotherapy pattern. In recent years, the survival rate after diagnosis of non small cell lung cancer (NSCLC) has improved with advances in treatment. In terms of 5-year average overall survival (OS) by stage at the time of diagnosis, OS decreases significantly from stage IB to IIIA NSCLC, with 68% for stage IB, 53-60% for stage II, and 36% for stage IIIA. How to optimize the perioperative treatment strategy to reduce postoperative recurrence and prolong the survival of patients has raised great concern in early and mid-stage NSCLC. Radiotherapy combined with immunotherapy is suggested for advanced NSCLC in preclinical basic studies and recent clinical trials. Stereotactic body radiation therapy (SBRT) at 8 Gy × 3 Fx plays an effective immunoregulated role and can further enhance the antitumor immune response promoted by immune checkpoint inhibitors (ICIs). Although little is known about the optimal SBRT dose and fraction pattern, 6 Gy × 5 Fx or 8-9 Gy × 3 Fx have shown effectiveness in clinical studies. Inclusion Criteria:

1. Age 18 to 75 years old, gender is not limited.
2. ECOG performance status 0-1.
3. non-small cell lung cancer diagnosed by pathology.
4. sufficient tumor tissue available for biomarker analysis.
5. clinical staging of cT1-2N1-2M0 or T3N1M0, stage II-IIIA (8th UICC staging criteria).
6. Patients with distant metastases ruled out by CT or PET/CT and physically assessed as acceptable for radical lung cancer surgery.
7. histomolecular pathology confirming the absence of classic driver oncogene mutations in EGFR, ALK, or ROS1.
8. Basic normal function of all organs (laboratory test results within 1 week prior to enrollment).

   * Bone marrow function: absolute neutrophil count (ANC) ≥ 1.5x109 /L, platelet count ≥ 100x109 /L, hemoglobin ≥ 9g/dL.
   * Liver: serum total bilirubin ≤ 1.5 times the upper limit of normal; ALT and AST ≤ 2.5 times the upper limit of normal.
   * Kidney: blood creatinine level ≤ 1.5 times the upper limit of normal or creatinine clearance ≥ 60 ml/min and urea nitrogen ≤ 200 mg/L.
   * Urine protein \<+, if urine protein + then total 24 hour protein must be \<500mg.
   * Blood glucose: within normal range and/or with diabetic patients on treatment but with stable blood glucose control.
   * Pulmonary function: baseline FEV1 of at least 2L; if baseline FEV1 \< 2L then FEV1 \> 800ml is expected after surgery as assessed by a surgical specialist.
   * Cardiac function: no myocardial infarction within 1 year; no unstable angina; no symptomatic severe arrhythmia; no cardiac insufficiency.
9. Voluntarily participated in this study and signed the informed consent form by himself or his agent

Exclusion Criteria:

1. Pathology suggestive of compound small cell lung cancer, etc.
2. History of previous lobectomy, radiotherapy or chemotherapy.
3. Those with concurrent second primary carcinoma and a history of previous malignancy of less than 5 years (except for completely cured cervical carcinoma in situ or basal cell or squamous epithelial cell skin cancer).
4. Patients with any active autoimmune disease or a history of autoimmune disease (e.g., interstitial pneumonia, uveitis, enterocolitis, hepatitis, pituitary inflammation, vasculitis, myocarditis, nephritis, hyperthyroidism, hypothyroidism, etc.).
5. Have an active infection requiring systemic treatment or a history of active tuberculosis.
6. Known history of human immunodeficiency virus (HIV) or active chronic Hepatitis C or Hepatitis B virus infection or any uncontrolled active systemic infection requiring intravenous (iv) antimicrobial treatment.
7. Those with known presence or coexistence of other uncontrollable diseases that are not amenable to surgical treatment
8. Physical examination or clinical trial finds that, in the opinion of the investigator, may interfere with the results or place the patient at increased risk for treatment complications
9. Prior interstitial lung disease, drug-induced interstitial disease or any clinically evident active interstitial lung disease with idiopathic pulmonary fibrosis on baseline CT scan; uncontrolled massive pleural or pericardial effusion
10. Unstable systemic concomitant disease (active infection, moderate to severe chronic obstructive pulmonary disease, poorly controlled hypertensive disease, unstable angina pectoris, congestive heart failure, myocardial infarction occurring within 6 months, severe mental disorder requiring medication for control, liver, renal or other metabolic disease, neuropsychiatric pathology such as Alzheimer's disease)
11. History of congenital or acquired immunodeficiency disorders or organ transplantation
12. Received any of the following treatments:

    * Prior radiotherapy, treatment with anti PD-1, anti PD-L1 or anti PD-L2 drugs, or other drugs that synergistically inhibit T-cell receptors such as CTLA-4, OX-40, CD137.
    * Having received any investigational drug within 4 weeks
    * Concurrent enrollment in another clinical study, unless it is an observational (non-interventional) clinical study or an interventional clinical study follow-up
    * Persons who have received an antineoplastic vaccine or who have received a live vaccine within 4 weeks
    * Have undergone major surgery or had severe trauma within 4 weeks",Shanghai Chest Hospital,ClinicalTrials.gov,2023,"[""INTERVENTIONAL""]","[""NSCLC""]","[{""type"": ""RADIATION"", ""name"": ""SBRT+LDRT""}, {""type"": ""DRUG"", ""name"": ""Toripalimab""}, {""type"": ""DRUG"", ""name"": ""Chemotherapy drug""}, {""type"": ""DRUG"", ""name"": ""Toripalimab""}]",RECRUITING,https://clinicaltrials.gov/study/NCT05798845
ClinicalTrials.gov,NCT02955758,,NCT02955758,,,,A Phase 2 Trial of Pembrolizumab in Metastatic Non-squamous NSCLC Examining Circulating Tumor DNA Levels as a Surrogate Biomarker of Response,"This phase II trial studies how well pembrolizumab works in treating patients with non-squamous non-small cell lung cancer which has spread to other places in the body. Monoclonal antibodies, such as pembrolizumab, may interfere with the ability of tumor cells to grow and spread. PRIMARY OBJECTIVES:

I. To correlate circulating tumor DNA (ctDNA) levels measured using cancer personalized profiling by deep sequencing (CAPP-Seq) with radiographic tumor assessments using Response Evaluation Criteria in Solid Tumors (RECIST) version (v)1.1 criteria in patients with metastatic non-squamous non-small cell lung cancer (NSCLC) treated with pembrolizumab.

SECONDARY OBJECTIVES:

I. To correlate PD-L1 assessment on pre-treatment tumor samples with objective response using RECIST v1.1 criteria in patients with metastatic non-squamous NSCLC treated with pembrolizumab.

II. To determine the overall response rate (ORR) using RECIST v1.1 criteria in patients with metastatic non-squamous NSCLC treated with pembrolizumab.

III. To determine the progression-free survival (PFS) using RECIST v1.1 in patients with metastatic non-squamous NSCLC treated with pembrolizumab.

IV. To determine the overall survival (OS) in patients with metastatic non-squamous NSCLC treated with pembrolizumab.

V. To determine the safety and tolerability of pembrolizumab in patients with metastatic non-squamous NSCLC. Inclusion Criteria:

1. Has a pathologically proven recurrent or metastatic non squamous non small cell lung cancer
2. (a) Previously received at least one line of prior systemic therapy for metastatic disease.

   i. If the patient has a sensitizing EGFR mutation or ALK rearrangement, the patient must have received at least one prior targeted therapy for metastatic disease (ie, EGFR TKI therapy or ALK TKI therapy, respectively).

   ii. There is no limit on prior therapies allowed. Patients must have completed previous treatment (including other investigational therapy) in greater than or equal to the following times prior to initiation of trial treatment:
   1. Anti cancer monoclonal antibody (mAb) therapy must be completed ≥ 3 weeks prior to trial treatment
   2. Chemotherapy administered in a daily or weekly schedule must be completed ≥ 1 week prior to trial treatment
   3. Chemotherapy administered in an every 2 week schedule must be completed ≥ 2 weeks prior to trial treatment
   4. Chemotherapy administered in an every 3 week schedule must be completed ≥ 3 weeks prior to trial treatment
   5. Targeted small molecule therapy must be completed ≥ 1 week prior to trial treatment OR (b) Have not received prior systemic therapy for their cancer in recurrent or metastatic setting, AND have a tumor with Tumor Proportion Score (TPS) ≥ 50% as measured by 22C3 PD L1 IHC test, AND no evidence of a sensitizing EGFR mutation or ALK rearrangement.
3. Prior radiation therapy allowed as long as completed in the following times prior to initiation of trial treatment:

   1. Definitive curative intent radiation ≥ 3 weeks prior to trial treatment
   2. Palliative body radiation ≥ 1 week prior to trial treatment
   3. Stereotactic brain radiation ≥ 1 week prior to trial treatment
   4. Whole brain radiation ≥ 2 weeks prior to trial treatment
4. Patients with previously treated (with radiation or surgery) brain metastases that are stable are allowed. Patients with stable or progressing metastases must have metastases ≤ 1.5 cm, be asymptomatic, and either not be on steroids or be on 10 mg prednisone equivalent or less.
5. Has measurable disease based on RECIST v1.1 criteria
6. Is medically able and willing to undergo needle biopsy of a tumor lesion. PD L1 expression is not required to enroll in the trial.
7. Has life expectancy ≥ 3 months
8. Ability to understand and the willingness to sign a written informed consent document.
9. ≥ 18 years of age on day of signing informed consent
10. ECOG performance status of 0 or 1 (Appendix A)
11. Adequate organ function:

    1. Absolute neutrophil count (ANC) ≥ 1,000/mcL
    2. Platelets ≥ 75,000/mcL
    3. Hemoglobin ≥ 8 g/dL
    4. Serum creatinine ≤ 1.5 x upper limit of normal (ULN) OR measured or calculated creatinine clearance ≥ 50 mL/min for patient with creatinine levels \> 1.5 x institutional ULN
    5. Serum total bilirubin ≤ 1.5 x ULN OR Direct bilirubin ≤ ULN for patients with total bilirubin levels \> 1.5 ULN
    6. AST (SGOT) and ALT (SGPT) ≤ 3 x ULN OR ≤ 5 x ULN for patients with liver metastases
12. Female patients of childbearing potential must have a negative urine or serum pregnancy test prior to the first dose of trial treatment. They must also agree to two barrier methods or a barrier method plus a hormonal method, or agree to abstain from heterosexual activity, for the course of the study through 120 days after the last dose of trial treatment. Females who have been surgically sterilized or are free from menses for \> 1 year (postmenopausal) may enroll.
13. Male patients with a female partner of childbearing potential should agree to use a barrier method of contraception, or agree to abstain from heterosexual activity for the course of the study through 120 days after the last dose of trial treatment.

Exclusion Criteria:

1. Is currently receiving another investigational therapy
2. Has received prior anti PD 1 or anti PD L1 therapy
3. Has clinically significant toxicities from previous anti cancer therapy that have not resolved, or have not stabilized at a new baseline
4. Has undergone a surgical procedure involving general anesthesia within 2 weeks of starting trial treatment, or has inadequate healing or recovery from complications of surgery prior to starting trial treatment. This does not apply to low risk procedures such as thoracentesis; paracentesis; chest tube/PleurX catheter placement; line placement; needle biopsy of tumor; and bronchoscopy.
5. Is receiving high dose systemic steroid therapy within 3 days of trial treatment. Topical and intraarticular steroid injections are allowed, as are physiologic doses of systemic steroids (≤ 10 mg of prednisone equivalent daily).
6. Has carcinomatous meningitis as determined by positive CSF cytology
7. Has known active additional malignancy that is undergoing active treatment.
8. Has active autoimmune disease that has required systemic treatment in the past 2 years (ie, with use of disease modifying agents, supra physiologic doses of systemic corticosteroids or immunosuppressive drugs). Replacement therapy (eg, thyroxine, insulin; or physiologic corticosteroid replacement therapy for adrenal or pituitary insufficiency, etc.) is not considered a form of systemic treatment. Asthma; type I diabetes mellitus; hypothyroidism; and vitiligo are allowed.
9. Has a history or current evidence of any condition, therapy, or laboratory abnormality that might confound the results of the trial, interfere with the patient's participation for the full duration of the trial, or is not in the best interest of the patient to participate, in the opinion of the treating investigator. This includes known active tuberculosis; Grade 3 active infection; history of allogeneic bone marrow transplant or solid organ transplant; known history of Human Immunodeficiency Virus (HIV); known active Hepatitis B (eg, Hep B DNA positive in prior 3 months) or known active Hepatitis C (eg, HCV RNA \[qualitative\] is detected in prior 3 months).
10. Known active interstitial lung disease, or current (non infectious) pneumonitis or history of (non infectious) pneumonitis that required oral steroids.
11. Is pregnant or breastfeeding, or expecting to conceive or father children within the projected duration of the trial, starting",Stanford University,ClinicalTrials.gov,2016,"[""INTERVENTIONAL""]","[""Metastatic Non-Squamous Non-Small Cell Lung Carcinoma""]","[{""type"": ""BIOLOGICAL"", ""name"": ""Pembrolizumab""}]",COMPLETED,https://clinicaltrials.gov/study/NCT02955758
ClinicalTrials.gov,NCT05401786,,NCT05401786,,,,Anti-PD-1 Re-challenge After Immune Priming by Ipilimumab and Immune Boosting by Radiotherapy in Advanced NSCLC,"Still many advanced non-small cell lung cancer (NSCLC) patients do not benefit from PD-(L)1 inhibition or will eventually develop progression through secondary resistance. Inhibition of CTLA-4, application of radiotherapy together with PD-1 inhibition showed synergistic effects and is deemed safe. Still many advanced non-small cell lung cancer (NSCLC) patients do not benefit from PD-(L)1 inhibition or will eventually develop progression through secondary resistance. The aim of this study is to investigate whether the combining of T cell priming by CTLA-4 inhibition (ipilimumab) ad subsequent immune boosting by stereotactic body radiotherapy (SBRT) on 1-4 tumor lesions can re-invigorate the response on PD-1 inhibition (cemiplimab) after initial non-response or secondary resistance to anti-PD-(L)1 treatment. Elaborate translational research by repeat biopsies in combination with blood collection during the different stages of treatment will help improve understanding of the joint effort of these different interventions. Inclusion Criteria:

1. Have proven diagnosis of recurrent advanced NSCLC, irrespective of histological subtype.
2. Be willing and able to provide written informed consent/assent for the trial.
3. Must still have measurable disease based on RECIST 1.1 after application of study SBRT. Lesions that were irradiated prior to the study, but have progressed since irradiation but prior to study inclusion will be allowed as measurable disease.
4. Must provide newly obtained tissue from a core or excisional biopsy of a tumor lesion and are willing to have a second biopsy performed from any non-irradiated lesion after the radiation and immune-modulating treatment. This lesion may be used for RECIST measurements.
5. Have a performance status of 0 or 1 on the ECOG Performance Scale.
6. Stage IV NSCLC treated with at least PD-(L)1 blockade. There is no maximum number of previous lines of systemic treatment. Patients with both primary or acquired resistance to PD-(L)1 inhibition may be considered eligible. However, in the 1st stage ≥4 of 12 patients, in the 2nd stage a total of ≥8 of 25 patients and in the 3rd stage a total of ≥27 of 54 patients need to fulfill the definition of acquired resistance. Also, a maximum of 27 patients with a PD-L1 negative tumor will be included.
7. Have at least 2 separate (metastatic) lesions of which one is eligible for irradiation and another for biopsy and RECIST tumor evaluation.
8. Demonstrate adequate organ function. All screening labs should be performed within 14 days of treatment initiation.
9. Female subject of childbearing potential should have a negative serum pregnancy test within 72 hours prior to receiving the 1st dose of study medication. If the urine test is positive or cannot be confirmed as negative, a serum pregnancy test will be required.
10. Female subjects of childbearing potential should be willing to use 2 methods of birth control or be surgically sterile, or abstain from heterosexual activity for the course of the study through 6 months after the last dose of study medication. Subjects of childbearing potential are those who have not been surgically sterilized or have not been free from menses for \> 1 year.
11. Male subjects should agree to use an adequate method of contraception starting with the 1st dose of study therapy through 6 months after the last dose of study therapy

Exclusion Criteria:

The subject must be excluded from participating in the trial if the subject:

1. Has a non-smoking-related targetable driver mutation, e.g. EGFR, ALK, RET or ROS1. Patients with advanced NSCLC with a smoking-related targetable driver mutation, e.g. KRAS or BRAF, may be found eligible if they have a history of ≥10 PY, but only when all options for targeted therapy have been exhausted and when progression on previous PD-(L)1 blockade has occurred.
2. Is currently participating in or has participated in a study of an investigational agent or using an investigational device within 4 weeks of the 1st dose of treatment.
3. Has not recovered (i.e. ≤ Grade 1 or at baseline) from adverse events due to a previously administered agent.

   * Note: Subjects with ≤ Grade 2 neuropathy are an exception to this criterion and may qualify for the study.
   * Note: Patients who experienced significant autoimmune side effects related to previous PD-(L)1 checkpoint inhibition, i.e. requiring use of steroids or other anti-inflammatory drugs and/or the need to (temporarily) withhold PD-(L)1 checkpoint inhibition, may be considered eligible after discussion with the coordinating investigator if adverse events have recovered, i.e. ≤ Grade 1 or at baseline.
   * Note: If subjects received major surgery (defined as surgical intervention requiring general or spinal anesthesia and hospital admission), they must have recovered adequately from the toxicity and/or complications from the intervention prior to starting therapy. Major surgery within 14 days prior to start of study treatment is not allowed.
4. Has had previous radical radiation to any tumor site within 3 months prior to study Day 1. Previous palliative radiation to any tumor site is not considered an exclusion criterion; however, this site will not be eligible for SBRT, biopsy location or RECIST tumor evaluation within this study.
5. Has received prior therapy with any antibody or drug specifically targeting T-cell co-stimulation or checkpoint pathways other than PD-(L)1 blockade, e.g. anti-CD137 or a CTLA-4 antibody.
6. Patients who have uncontrolled central nervous system (CNS) metastases. Patients who have untreated asymptomatic CNS metastases no greater than 2cm before start of treatment may be eligible. Patients who have any CNS lesion that is symptomatic, greater than 2cm, show significant surrounding edema on MRI scan or have leptomeningeal disease will not be eligible. Patients who have previously been treated for CNS metastases are eligible when they comply with the hereby mentioned criteria.

   NB. A brain lesion is not amendable for study SBRT.
7. Has a known additional malignancy that is progressing or requires active treatment.
8. Has an active autoimmune disease or a documented history of clinically severe autoimmune disease or syndrome that requires systemic steroids or immunosuppressive agents. Subjects who require intermittent use of bronchodilators or local steroid injections would not be excluded from the study. Patients with an active or history of autoimmune disease or syndrome who underwent previous PD-(L)1 checkpoint inhibition without significant side effects, i.e. not requiring use of steroids or other anti-inflammatory drugs and/or the need to (temporarily) withhold PD-(L)1 checkpoint inhibition, may be considered eligible for this trial after discussion with the coordinating investigator. Requirement for immunosuppressive doses of systemic corticosteroids ≤10 mg/day prednisone or equivalent may be considered eligible after discussion as well.
9. Has evidence of symptomatic interstitial lung disease or an active, non-infectious pneumonitis.
10. Has an active infection requiring systemic therapy.",The Netherlands Cancer Institute,ClinicalTrials.gov,2022,"[""INTERVENTIONAL""]","[""Carcinoma, Non-Small-Cell Lung""]","[{""type"": ""DRUG"", ""name"": ""Ipilimumab""}, {""type"": ""DRUG"", ""name"": ""Cemiplimab""}, {""type"": ""RADIATION"", ""name"": ""SBRT""}]",ACTIVE_NOT_RECRUITING,https://clinicaltrials.gov/study/NCT05401786
ClinicalTrials.gov,NCT07483112,,NCT07483112,,,,"Multicenter, Randomized, Controlled Trial to Study the Effects of a High-Fiber Dietary Intervention on ctDNA Clearance and the Microbial and Immunological Landscape in Patients With Advanced Non-Small Cell Lung Cancer Receiving PD-1/PD-L1-Targeted Monotherapy (Fiber-Boost)","In the present study 'Fiber-Boost', we investigate how a high-fiber diet affects the immunotherapy of advanced lung cancer and what effects it has on the gut microbiome (i.e., the bacteria in the gut) as well as the immune system. Study participants will be assigned to either a test group or a control group. Only patients in the test group will undergo a high-fiber diet. The study lasts 6 weeks per patient and will be conducted at 4 centers within Switzerland. A total of 42 patients are planned to be included in the study. The activity of immune checkpoint blockade (ICB) mechanistically depends on the host microbiome and is manipulable through diet. In this study termed Fiber-Boost, we propose a multicenter trial of a supplement-based high-fiber diet (HFD) in non-small cell lung cancer (NSCLC) treated with first-line ICB monotherapy. Using a randomized, controlled design, we mechanistically explore the role of dietary fibers in cancer immunotherapy. Circulating tumor DNA (ctDNA) quantification as well as a rich pipeline of companion microbiome and immune profiling technologies will improve the understanding of the diet-microbiome-immune axis in therapeutic anticancer immunity and treatment response. The overarching goal is to elucidate novel therapeutic strategies for ICB sensitization in NSCLC using microbiome-centered, non-pharmaceutical interventions. Sex and gender dimensions are biologically not sufficiently relevant for the current study to merit corresponding stratification or analyses. Inclusion Criteria:

* Age ≥18 years
* Written informed consent according to Swiss law and ICH/GCP regulations before inclusion and prior to any trial-specific procedures
* Histologically or cytologically confirmed NSCLC
* Advanced or recurrent NSCLC not amenable to curative treatment
* PD-L1 expression ≥50% (TPS) determined by an approved IHC test
* No actionable genetic alterations in genes such as EGFR, ALK, ROS1, HER2, BRAF, RET, MET, NTRK
* First-line palliative PD-1/PD-L1-targeted monotherapy at a 3-weekly schedule indicated per local investigator
* Willingness and ability to undergo study interventions
* ECOG performance status 0-2
* Adequate organ function:
* Hemoglobin ≥70 g/L, platelet count ≥50 G/L, granulocytes ≥1 G/L
* Bilirubin, ALT, AST ≤3 x ULN
* Glomerular filtration rate (Cockroft-Gault) ≥30 mL/min/1.73m²
* Measurable or evaluable disease per RECIST 1.1
* Patients with CNS metastases are eligible, provided there is no requirement for corticosteroids as therapy for CNS disease and no evidence of clinical progression
* Women with child-bearing potential use effective contraception (two independent methods), are not currently pregnant or lactating, and agree to not become pregnant during the trial treatment and during 3 months thereafter. A negative pregnancy test in either urine or blood is required for women with child-bearing potential before trial inclusion.
* Men who are not sterile agree to use contraceptive methods (condoms) or abstain from sexual intercourse during the trial treatment and 3 months thereafter.

Exclusion Criteria:

-History of malignancy, unless in remission for at least 3 years before inclusion with the exception of pT1-2 prostate cancer Gleason score \<6, adequately treated cervical carcinoma in situ or localized non-melanoma skin cancer

Adjuvant or additive systemic ICB treatment within 6 months prior to inclusion

* Systemic treatment with an antibiotic within 10 days of ICB treatment/HFD intervention start
* Concomitant immunosuppressive drugs including corticosteroids at a daily dose of ≥10mg prednisone equivalents, methotrexate, azathioprine, TNF-α inhibitors
* Concurrent treatment with other experimental drugs or other anticancer therapy
* Major surgical procedures within 14 days prior to inclusion as judged by the investigator
* Active autoimmune disease requiring systemic immunosuppressive treatment that is seen as contraindication for the use of PD-1/PD-L1-targeted monoclonal antibodies
* Uncontrolled diabetes mellitus
* Severe or uncontrolled cardiovascular disease
* Any other serious underlying medical, psychiatric, psychological, familial or geographical condition, which in the judgment of the investigator may interfere with the planned staging, treatment and follow-up, affect patient compliance or place the patient at high risk from treatment-related complications
* Had an allogeneic tissue/solid organ transplant
* Ongoing supplementation with OptiFibre® or another fiber supplement",Cantonal Hospital of St. Gallen,ClinicalTrials.gov,2026,"[""INTERVENTIONAL""]","[""Non-Small Cell Carcinoma of Lung""]","[{""type"": ""DIETARY_SUPPLEMENT"", ""name"": ""High-fiber diet""}]",RECRUITING,https://clinicaltrials.gov/study/NCT07483112
ClinicalTrials.gov,NCT04625699,,NCT04625699,,,,A Feasibility Study of Durvalumab + Tremelimumab in Resected Non Small Cell Lung Cancer (NSCLC) Patients With Detectable Circulating Tumor DNA After Adjuvant Treatment,"The purpose of this study is to determine whether it is feasible and safe to give research participants investigational treatment with durvalumab and tremelimumab after they have completed standard treatment for NSCLC and once they have detectable circulating tumor DNA (ctDNA) in the blood before there is evidence of disease recurrence on imaging studies. These investigational agents are a type of immunotherapy, which is a treatment that activates your own body's immune system to treat cancer. This is an open label, single arm, pilot study of adjuvant durvalumab+ tremelimumab (D+T) for patients with stage II-IIIB (excluding N3) NSCLC.The trial will evaluate the feasibility of adjuvant D+T in patients who have undergone surgical resection and standard of care (SOC) adjuvant treatment and subsequently develop detectable plasma ctDNA. 15 evaluable patients will be enrolled. Patients with resected stage II-IIIB (excluding N3) NSCLC who have completed adjuvant standard of care treatment will be pre-screened and consented for the trial. They will undergo ctDNA testing with the Signatera assay at the completion of adjuvant treatment and every 4 months thereafter with standard CT imaging assessment up to 1 year. Patients with detectable ctDNA at a mutant allele frequency of \>0.1% and no evidence of recurrence on CT imaging will be enrolled in the trial. They will receive durvalumab every 4 weeks for 4 cycles and tremelimuamb on cycles 1 and 3 with concomitant plasma ctDNA quantification. Patients will be followed with standard CT imaging of the chest as well as routine and exploratory blood tests every 4 months until 1 year after completion of D+T. They will also be followed for up to 3 years for determination of DFS and OS. Inclusion Criteria:

* Age greater than or equal to 18 years
* Patients must have pathologically confirmed NSCLC; no mixed NSCLC/SCLC histology allowed
* Stage II-IIIB (8th edition) disease who have undergone surgical resection, excluding patients with N3 disease
* Must have documentation that the tumor does not harbor an activating EGFR mutation, ALK gene rearrangement, or a ROS1 gene rearragement
* Must have adequately recovered from the toxicity and/or complications of surgery prior to initiation of durvalumab+tremelimumab
* Detectable ctDNA at a mutant allele frequency of \>0.1% after surgical resection and completion of adjuvant treatment
* No evidence of clinical disease on CT chest/abdomen/pelvis at the time of ctDNA detection
* Completed standard of care adjuvant treatment at least two weeks prior to day 1 of durvalumab+tremelimumab
* Archived tumor tissue: formalin-fixed paraffin-embedded (FFPE) tumor specimens in paraffin block or at least 10 unstained slides, with an associated pathology report.
* Capable of giving signed informed consent which includes compliance with the requirements and restrictions listed in the informed consent form (ICF) and in this protocol. Written informed consent and any locally required authorization (e.g. Health Insurance Portability and Accountability Act) must be obtained from the patient/legal representative prior to performing any protocol-related procedures, including screening evaluations
* Evidence of post-menopausal status or negative urinary or serum pregnancy test for female pre-menopausal patients. Women will be considered post-menopausal if they have been amenorrheic for 12 months without an alternative medical cause. The following agespecific requirements apply:

  * Women \<50 years of age would be considered post-menopausal if they have been amenorrheic for 12 months or more following cessation of exogenous hormonal treatments and if they have luteinizing hormone and folliclestimulating hormone levels in the post-menopausal range for the institution or underwent surgical sterilization (bilateral oophorectomy or hysterectomy).
  * Women ≥50 years of age would be considered post-menopausal if they have been amenorrheic for 12 months or more following cessation of all exogenous hormonal treatments, had radiation-induced menopause with last menses \>1 year ago, had chemotherapy-induced menopause with last menses \>1 year ago, or underwent surgical sterilization (bilateral oophorectomy, bilateral salpingectomy or hysterectomy). Eastern Cooperative Oncology Group (ECOG) Performance Status of 0 or 1
* Body weight \> 30 kg
* Must have a life expectancy of at least 12 weeks
* Ability to comply with the study protocol, in the investigator's judgment
* Adequate organ and marrow function

Exclusion Criteria:

* Concurrent enrollment in another clinical study, unless it is an observational (noninterventional) clinical study or during the follow-up period of an interventional study
* Any concurrent chemotherapy, immunotherapy, biologic, or hormonal therapy for cancer treatment. Concurrent use of hormonal therapy for non-cancer-related conditions (e.g., hormone replacement therapy) or herbal therapy is acceptable.
* History of another primary malignancy except for: Malignancy treated with curative intent and with no known active disease ≥5 years before the first dose of immune therapy and of low potential risk for recurrence; adequately treated non-melanoma skin cancer or lentigo maligna without evidence of disease; adequately treated carcinoma in situ without evidence of disease; malignancy undergoing active surveillance per stand of care management (e.g., chronic lymphocytic leukemia Rai Stage 0, prostate cancer with Gleason score 6, and prostate-specific antigen \[PSA\] 10 mg/mL, etc.)
* Any unresolved toxicity NCI CTCAE v.5.0 Grade 2 from previous anticancer therapy with the exception of alopecia, vitiligo, and the laboratory values defined in the inclusion criteria. Patients with Grade 2 neuropathy will be evaluated on a case-by-case basis after consultation with the Study Physician. Patients with irreversible toxicity not reasonably expected to be exacerbated by treatment with durvalumab or tremelimumab may be included only after consultation with the Study Physician.
* Has untreated central nervous system (CNS) metastases and/or carcinomatous meningitis identified either on the baseline brain imaging (RECIST)) for details on the imaging modality) obtained during the screening period or identified prior to signing the ICF
* History of allergic reactions attributed to compounds of similar chemical or biologic
* Patients with active hepatitis B or C infections or a history of HIV infection. These participants will be ineligible due to potential for worsening of infection with the use of immunotherapy. Patients with a past or resolved HBV infection (defined as the presence of hepatitis B core antibody \[anti-HBc\] and absence of HBsAg) are eligible. Patients positive for hepatitis C (HCV) antibody are eligible only if polymerase chain reaction is negative for HCV RNA.
* History of active primary immunodeficiency
* Known clinically significant liver disease, including active viral, alcoholic, or other hepatitis; cirrhosis; fatty liver; and inherited liver disease Known hypersensitivity to Chinese hamster ovary cell products or other recombinant human antibodies
* Active or prior documented autoimmune or inflammatory disorders (including inflammatory bowel disease \[e.g., colitis or Crohn's disease\], diverticulitis \[with the exception of diverticulosis\], systemic lupus erythematosus, Sarcoidosis syndrome, or Wegener syndrome \[granulomatosis with polyangiitis, Graves' disease, rheumatoid arthritis, hypophysitis, uveitis, etc\]). The following are exceptions to this criterion: Patients with vitiligo or alopecia; hypothyroidism (e.g., following Hashimoto syndrome) stable on hormone replacement; any chronic skin condition that does not require systemic therapy; patients without active autoimmune disease in the last 5 years may be included but only after consultation with the study physician; celiac disease controlled by diet alone
* Uncontrolled intercurrent illness, including but not limited to, ongoing or active infection, including TB, symptomatic congestive heart failure, uncontrolled hypertension, unstable angina pectoris, cardiac arrhythmia, interstitial lung disease, serious chronic gastrointestinal conditions associated with diarrhea, or psychiatric illness/social situations that would limit compliance with study requirement, substantially increase risk of incurring AEs or compromise the ability of the patient to give written informed consent
* Major surgical procedure within 28 days prior to Cycle 1, Day 1 or anticipation of need for a major surgical procedure, excluding lung cancer resection, during the course of the study
* Administration of a live, attenuated vaccine within 30 days before Cycle 1, Day 1 or anticipation that such a live, attenuated vaccine will be required during the study.
* Patients, if enrolled, should not receive live vaccine whilst receiving treatment and up to 30 days after durvalumab, tremelimumab administration.
* History of interstitial lung disease or pneumonitis of any cause
* Pregnant women are excluded from this study because durvalumab and tremelimumab are investigational agents with the potential for teratogenic or abortifacient effects. Because there is an unknown but potential risk for adverse events in nursing infants secondary to treatment of the mother with durvalumab and tremelimumab, breastfeeding should be discontinued if the mother is treated with durvalumab and tremelimumab.",Columbia University,ClinicalTrials.gov,2020,"[""INTERVENTIONAL""]","[""Nonsmall Cell Lung Cancer""]","[{""type"": ""DRUG"", ""name"": ""Durvalumab""}, {""type"": ""DRUG"", ""name"": ""Tremelimumab""}]",WITHDRAWN,https://clinicaltrials.gov/study/NCT04625699
ClinicalTrials.gov,NCT05061550,,NCT05061550,,,,"A Phase II, Open-label, Multicentre, Randomised Study of Neoadjuvant and Adjuvant Treatment in Patients With Resectable, Early-stage (II to IIIB) Non-small Cell Lung Cancer (NeoCOAST-2)","The study is intended to assess the safety and efficacy of perioperative treatment with Durvalumab in combination with Oleclumab, Monalizumab, or AZD0171 and platinum doublet chemotherapy (CTX); or Volrustomig or Rilvegostomig in combination with CTX; or Datopotamab deruxtecan (Dato-DXd) in combination with Durvalumab or Rilvegostomig and single agent platinum chemotherapy in participants with resectable, early-stage non-small cell lung cancer. This is an open-label, multi-arms, multicentre, randomised study, eligible participants will be enrolled and randomised to one of the following treatment regimens.

Arm 1: Participants will receive Oleclumab + durvalumab + CTX as neoadjuvant treatment and Oleclumab + durvalumab as adjuvant treatment.

Arm 2: Participants will receive Monalizumab + durvalumab + CTX as neoadjuvant treatment and Monalizumab + durvalumab as adjuvant treatment.

Arm 3: Participants will receive Volrustomig (Dose Exploration) + CTX as neoadjuvant treatment and Volrustomig as adjuvant treatment.

Arm 4: Participants will receive Dato-DXd + durvalumab + single agent platinum chemotherapy as neoadjuvant treatment and durvalumab as adjuvant treatment.

Arm 5: Participants will receive AZD0171 + durvalumab + CTX as neoadjuvant treatment and AZD0171 + durvalumab as adjuvant treatment.

Arm 6: Participants will receive Rilvegostomig + CTX as neoadjuvant treatment and Rilvegostomig as adjuvant treatment.

Arm 7: Participants will receive Dato-DXd + Rilvegostomig + single agent platinum chemotherapy as neoadjuvant treatment and Rilvegostomig as adjuvant treatment. Inclusion Criteria:

* Newly diagnosed NSCLC patients with resectable disease (Stage IIA to Stage IIIB).
* WHO or Eastern Cooperative Oncology Group (ECOG) performance status of 0 or 1.
* Adequate organ and bone marrow function.
* Provision of tumour samples (newly acquired or archival tumour tissue \[≤ 6 months old\]) to confirm Programmed death-ligand 1 (PD-L1) status, epidermal growth factor receptor (EGFR), or anaplastic lymphoma kinase (ALK) status.
* Adequate pulmonary function.

Exclusion Criteria:

* Participants with sensitising EGFR mutations or ALK translocations.
* Participants with baseline PD-L1 expression status \<1% (Arms 6 and 7 only).
* Active or prior documented autoimmune or inflammatory disorders.
* Uncontrolled intercurrent illness, uncontrolled hypertension, unstable angina pectoris, uncontrolled cardiac arrhythmia, active bleeding diseases, serious chronic gastrointestinal conditions associated with diarrhoea, or psychiatric illness/social situations that would limit compliance with study requirement.
* History of another primary malignancy.
* Participants with small-cell lung cancer or mixed small-cell lung cancer.
* History of active primary immunodeficiency.
* History of non-infectious interstitial lung disease (ILD) ILD/pneumonitis that required steroids, has current ILD/pneumonitis, or has suspected ILD/pneumonitis that cannot be ruled out by imaging at screening.
* Participants who have preoperative radiotherapy treatment as part of their care plan.
* Participants who require or may require pneumonectomy, segmentectomies, or wedge resections, as assessed by their surgeon at baseline, to obtain potentially curative resection of primary tumour.
* QTcF (QT interval corrected by Fridericia's formula) interval ≥ 470 ms.
* Any medical contraindication to treatment with chemotherapy as listed in the local labelling.
* Participants with moderate or severe cardiovascular disease.
* Any concurrent chemotherapy, investigational product, biologic, or hormonal therapy for cancer treatment.
* Receipt of live attenuated vaccine within 30 days prior to the first dose of study interventions.
* Prior exposure to approved or investigational immune-mediated therapy including, but not limited to, other anti-CTLA-4, anti-TIGIT (T cell immunoreceptor with Ig and ITIM domains), anti-PD-1, anti-PD-L1, and anti-PD-L2 antibodies. Participants who received agents targeting the adenosine pathway, anti-NKG2A, anti-HLA-E agents, and anti-LIF agents are also excluded. Participants who have received previous treatment with a TROP2 targeting ADC or with another ADC containing a chemotherapy agent that inhibits TOP1 activity are also excluded.
* Current or prior use of immunosuppressive medication within 14 days before the first dose of study interventions.
* Active or uncontrolled infections including HBA, HBV, HCV, and HIV.",AstraZeneca,ClinicalTrials.gov,2021,"[""INTERVENTIONAL""]","[""Non-small Cell Lung Cancer""]","[{""type"": ""DRUG"", ""name"": ""Durvalumab""}, {""type"": ""DRUG"", ""name"": ""Oleclumab""}, {""type"": ""DRUG"", ""name"": ""Monalizumab""}, {""type"": ""DRUG"", ""name"": ""Dato-DXd""}, {""type"": ""DRUG"", ""name"": ""AZD0171""}, {""type"": ""DRUG"", ""name"": ""Carboplatin""}, {""type"": ""DRUG"", ""name"": ""Cisplatin""}, {""type"": ""DRUG"", ""name"": ""Pemetrexed/Cisplatin""}, {""type"": ""DRUG"", ""name"": ""Pemetrexed/Carboplatin""}, {""type"": ""DRUG"", ""name"": ""Carboplatin/Paclitaxel""}, {""type"": ""DRUG"", ""name"": ""Volrustomig""}, {""type"": ""DRUG"", ""name"": ""Rilvegostomig""}]",RECRUITING,https://clinicaltrials.gov/study/NCT05061550
ClinicalTrials.gov,NCT06840782,,NCT06840782,,,,"First-line Immunotherapy-based Standard of Care and Local Ablative Treatments for Oligometastatic Non-small Cell Lung Cancer Patients: a Randomized, Multicentre, Open-label Phase III Study","First-line immunotherapy-based standard of care and local ablative treatments for oligometastatic non-small cell lung cancer patients: a randomized, multicentre, open-label phase III study Inclusion Criteria:

* Histologically proven advanced synchronous oligometastatic stage IV NSCLC.
* NSCLC patients eligible first line immunotherapy-based SoC according to the European Marketing Authorization.
* PDL1 status available.
* Metastases eligible to RLT according to the local multidisciplinary board (MTB): ≤5cm each in CT scan, excluding primary tumour.
* Maximum 5 metastases in 3 organs (EORTC criteria), according to brain MRI and FDG-PET.
* Symptomatic lesions requiring urgent palliative radiation, is permitted prior to randomization. These treated lesions should be counted towards the total number of metastases at the time of enrolment.
* Clinically required brain metastases (BM) ablation (surgery and/or SBRT) is permitted and BM count within the total number of 5 lesions. The patient would then be randomized to treatment of their extracranial disease.
* Acceptable organ function for RLT.
* ECOG performance status (PS) 0-1.
* Measurable lesions according to RECIST V1.1 on standard imaging.
* Patient aged 18 or more.
* Woman of childbearing potential must agree to use adequate contraception (implant type, vaginal ring, contraceptive pill, contraceptive patch, Intrauterine Device (IUD), etc.) for the duration of study participation and up to 6 months after completing treatment/therapy, in addition, male partners use a condom during this same period. Male patients must agree to use condom for the duration of study participation and up to 6 months after completing treatment/therapy.
* Patients affiliated to the social security system.
* Patient should understand, sign, and date the informed consent form written in French prior to any protocol-specific procedures performed.
* Patient is willing and able to comply with the protocol for the duration of the study including undergoing treatment and scheduled visits, and examinations including follow-up.

Exclusion Criteria:

* Non-squamous NSCLC with targetable tumour mutations and approved first line targeted therapy (such as EGFR, ALK and ROS1).
* Metastases not eligible to RLT: e.g. brainstem or diffuse serosal metastases (meningeal, pericardial, pleural, peritoneal, mesenteric) or that invades the gastrointestinal tract.
* Brain metastases only, without extra-cerebral metastases.
* Uncontrolled severe comorbidity, symptomatic interstitial lung disease or active infection.
* Prior therapy with T-cell costimulation or immune checkpoint-targeted agents within 1 year.
* Uncontrolled concomitant (\<1-year) malignancy except adequately treated basal or squamous cell carcinoma of the skin, or in-situ carcinoma of any organ or in-situ melanoma of the skin.
* Persons deprived of liberty by judicial or administrative decision.
* Persons subject to a legal protection measure (guardianship, curatorship, safeguard of justice).
* Persons not affiliated to a social security system or equivalent.","Gustave Roussy, Cancer Campus, Grand Paris",ClinicalTrials.gov,2025,"[""INTERVENTIONAL""]","[""Oligometastatic Non-small Cell Lung Cancer (NSCLC)""]","[{""type"": ""RADIATION"", ""name"": ""Radical local treatment""}, {""type"": ""DRUG"", ""name"": ""SoC-based immunotherapy (+/- chemotherapy)""}]",RECRUITING,https://clinicaltrials.gov/study/NCT06840782
ClinicalTrials.gov,NCT07561723,,NCT07561723,,,,"A Clinical Trial to Evaluate the Safety, Tolerability, and Preliminary Antitumor Activity of IMP3-saRNA (YMN-136) Vaccine in Patients With Advanced Non-Small Cell Lung Cancer","This is an open-label, single-arm, non-randomized, single-center, prospective phase 1 clinical trial. The study will evaluate the safety, tolerability, and preliminary antitumor activity of IMP3-saRNA (YMN-136) vaccine in patients with advanced non-small cell lung cancer.

IMP3-saRNA (YMN-136) is a vaccine product prepared from IMP3 self-amplifying RNA and lipid nanoparticles. The study will enroll patients with histologically or cytologically confirmed non-small cell lung cancer who have failed standard treatment, are intolerant to standard treatment, or have refused standard treatment, and whose tumor tissue is positive for IMP3 expression.

A total of 9 participants are planned to be enrolled. Participants will enter one of three dose groups sequentially: 50 micrograms, 100 micrograms, or 200 micrograms. Each dose group will include 3 participants. The study will use a 3+3 dose-escalation design. The vaccine will be administered by intramuscular injection. The immunization schedule includes 4 doses, with each dose given 3 weeks apart.

The main purpose of the study is to assess safety and tolerability. Dose-limiting toxicity will be assessed from the first vaccination until 14 days after the third vaccination. Safety assessments will include adverse events, serious adverse events, physical examinations, vital signs, ECOG performance status, laboratory tests, 12-lead electrocardiogram, and echocardiography.

The study will also preliminarily assess antitumor activity using RECIST version 1.1. Imaging assessments may include CT or MRI and whole-body bone scan. Additional exploratory evaluations may include blood and tumor tissue biomarker analyses, such as ctDNA, tumor markers, immune cell subsets, dendritic cell maturation, antigen-specific cytotoxic T cells, T-cell activation, antibody titers, PD-L1 expression, gene mutation analysis, and other immune-related tests. Inclusion Criteria:

1. Patients aged at least 18 years at screening who voluntarily sign an ethics committee-approved informed consent form before any study procedure and agree to participate in this study.
2. Patients with histologically or cytologically confirmed non-small cell lung cancer who have failed standard treatment, are intolerant to standard treatment, or have refused standard treatment, and whose tumor tissue is positive for IMP3 expression. The IMP3 pathological test result must be issued by the pathology department of this hospital or by a qualified pathology institution recognized by the study center. If a previous pathology report cannot confirm IMP3 status, IMP3 testing must be performed during screening, and only patients with positive results may be enrolled.

   Note:
   1. Patients with EGFR-sensitive mutations must have failed third-line or later treatment, including failure of at least one EGFR-TKI.
   2. Patients with ALK-positive disease must have failed third-line or later treatment, including failure of at least one ALK inhibitor.
   3. Patients with ROS1-positive disease must have failed third-line or later treatment, including failure of at least one ROS1 inhibitor.
   4. Patients with EGFR wild-type disease and no ALK or ROS1 positivity must have failed second-line or later treatment, including platinum-containing treatment.
3. At least one measurable or evaluable lesion according to RECIST version 1.1.
4. Eastern Cooperative Oncology Group performance status score of 0 to 2.
5. Estimated life expectancy of at least 3 months.
6. Adequate major organ function, with the following test results meeting the requirements within 7 days before treatment:

   1. Hemoglobin ≥80 g/L without blood transfusion within 14 days; absolute neutrophil count \>1.5 × 10\^9/L; white blood cell count ≥3.0 × 10\^9/L; platelet count ≥80 × 10\^9/L.
   2. Total bilirubin ≤1.5 × upper limit of normal; alanine aminotransferase or aspartate aminotransferase ≤2.5 × upper limit of normal; in patients with liver metastasis, alanine aminotransferase or aspartate aminotransferase ≤5 × upper limit of normal.
   3. Serum creatinine ≤1.5 × upper limit of normal or creatinine clearance estimated by the Cockcroft-Gault formula ≥60 mL/min.
   4. Prothrombin time and international normalized ratio ≤1.5 × upper limit of normal, unless the patient is receiving warfarin anticoagulation.
   5. Cardiac function: left ventricular ejection fraction ≥50%; QTcF interval ≤450 ms.
7. Male patients with reproductive potential and female patients of childbearing potential voluntarily agree to use effective contraception, such as condoms, intrauterine devices, or spermicides, from signing the informed consent form until 6 months after completion of vaccination. Oral contraceptives are not allowed. Female cancer patients must have a negative pregnancy test and agree not to breastfeed during the study and for at least 18 months after administration of the investigational vaccine.
8. The washout period for previous antitumor therapy must be no less than 4 weeks, and the washout period for molecular targeted therapy must be no less than 5 half-lives. Palliative radiotherapy must have been completed for at least 2 weeks; thoracic radiotherapy must have been completed for at least 3 months; and major surgery must have been completed with at least 4 weeks of recovery.

Exclusion Criteria:

1. Patients with a history of other malignancies, except for malignancies considered eligible by the investigator, such as cured basal cell carcinoma of the skin, squamous cell carcinoma of the skin, superficial bladder cancer, carcinoma in situ of the cervix, or intramucosal gastrointestinal carcinoma without recurrence within 5 years before screening.
2. Any uncontrolled clinical disease, such as respiratory, circulatory, digestive, neurologic, hematologic, genitourinary, or endocrine disease, or psychiatric disease, such as depression or schizophrenia, or other major disease that, in the investigator's judgment, may interfere with provision of informed consent, interfere with interpretation of study results, pose a risk to the participant by participating in this study, or otherwise affect achievement of the study objectives.
3. Any active autoimmune disease or history of autoimmune disease, including but not limited to immune-related neurologic disease, multiple sclerosis, autoimmune demyelinating neuropathy, Guillain-Barre syndrome, myasthenia gravis, systemic lupus erythematosus, connective tissue disease, scleroderma, inflammatory bowel disease including Crohn's disease and ulcerative colitis, autoimmune hepatitis, toxic epidermal necrolysis, or Stevens-Johnson syndrome, except type 1 diabetes mellitus controlled with a stable dose of insulin. Participants with vitiligo or childhood asthma that has completely resolved and requires no intervention in adulthood may be enrolled; participants with asthma requiring medical intervention with bronchodilators are not eligible.
4. Patients with active central nervous system metastases, including but not limited to carcinomatous meningitis and spinal cord compression, must be excluded. However, patients with metastatic central nervous system tumors may participate in this study if they have recovered to baseline for at least 2 weeks before enrollment, with no residual signs or symptoms related to central nervous system treatment. In addition, patients must have discontinued corticosteroids for 4 weeks.
5. Allergy to the study drug, including any excipients. History of severe allergy to any drug, food, or vaccination, such as anaphylactic shock, allergic laryngeal edema, allergic dyspnea, allergic purpura, thrombocytopenic purpura, or local allergic necrotic reaction, such as Arthus reaction.
6. Contraindications to injection: a. inflammation, trauma, or ulceration at the injection site; b. severe bleeding or coagulation tendency, or marked decrease in platelets or coagulation factors; c. any abnormality or permanent body art, such as a tattoo, at the vaccination site that, in the investigator's judgment, may interfere with observation of local reactions at the vaccination site.
7. Prior organ transplantation or allogeneic hematopoietic stem cell transplantation.
8. Prior antitumor therapeutic vaccine or cellular immunotherapy.
9. Participation in another drug or device clinical trial within 4 weeks before screening.
10. Major surgery within 4 weeks before the first vaccination, except for minor procedures such as catheter placement or protocol-required biopsy; or insufficient resolution of the effects of surgery or trauma for at least 14 days before enrollment.
11. Participants who have received systemic treatment with corticosteroids at a dose \>10 mg/day prednisone or an equivalent dose of another glucocorticoid, or other immunosuppressive agents, within 14 days before the first vaccination. In the absence of active autoimmune disease, inhaled or topical steroids and adrenal hormone replacement therapy at a dose ≤10 mg/day prednisone equivalent are allowed.
12. Any toxicity caused by previous antitumor therapy has not recovered to grade ≤1 according to NCI CTCAE version 5.0 before the first administration of the study drug, except for alopecia of any grade and grade 2 neuropathy related to prior platinum therapy.
13. Known hepatitis B virus, hepatitis C virus, human immunodeficiency virus, or syphilis infection, or positive screening test for hepatitis B surface antigen, hepatitis B core antibody, hepatitis C virus antibody, HIV antibody, or Treponema pallidum antibody: HBsAg positivity or HBcAb positivity with HBV DNA quantitative test result ≥500 IU/mL or ≥2000 copies/mL, or meeting the lower limit of positivity at the study center; HCVAb positivity with HCV RNA ≥ the upper limit of normal at the study center.
14. Active tuberculosis, history of active tuberculosis, or severe acute or chronic infection requiring systemic treatment. Patients suspected of having active tuberculosis must undergo chest X-ray, sputum testing, and exclusion by clinical symptoms and signs. Patients with objective evidence of previous or current pulmonary fibrosis, interstitial pneumonia, pneumoconiosis, radiation pneumonitis, drug-related pneumonia, or severe impairment of pulmonary function are excluded.
15. History of drug abuse or known medical, psychological, or social conditions, such as alcoholism or drug addiction.
16. Pregnant or breastfeeding women, or female participants who plan to become pregnant or male participants whose partners plan to become pregnant from screening until 12 months after completion of all study drug injections.
17. Receipt of any vaccine within 30 days before vaccination with the study vaccine, or planned receipt of any vaccine other than the study vaccine during the study.
18. History of deep vein thrombosis or pulmonary embolism within 6 months before enrollment.
19. Uncontrolled fungal, bacterial, viral, or other infection requiring antibiotic treatment. Simple urinary tract infection or uncomplicated bacterial pharyngitis may be allowed after consultation with the medical monitor.
20. History or presence of central nervous system disease, such as seizure disorder, cerebral ischemia or hemorrhage, dementia, cerebellar disease, or any autoimmune disease involving the central nervous system.
21. Significant immunodeficiency.
22. Negative tumor tissue IMP3 pathological test result or inability to obtain or confirm IMP3 status.
23. Any other factor that, in the investigator's judgment, makes the participant unsuitable for this study, or any disease that may interfere with safety or efficacy evaluation of the study treatment.
24. Participants who are unwilling or unable to comply with study requirements.",West China Hospital,ClinicalTrials.gov,2026,"[""INTERVENTIONAL""]","[""Non-Small Cell Lung Cancer""]","[{""type"": ""BIOLOGICAL"", ""name"": ""IMP3-saRNA (YMN-136) Vaccine""}]",RECRUITING,https://clinicaltrials.gov/study/NCT07561723
ClinicalTrials.gov,NCT06854939,,NCT06854939,,,,Prospective Observational Study Using Personalized Minimal Residual Disease Assay (Signatera) to Evaluate the Kinetics and Detection Rate in Patients with Non-small Cell Lung Cancer,"Adding immune checkpoint inhibitors or molecularly targeted drugs as adjuvant therapy to curative treatments-such as surgery or chemoradiotherapy-for stage I-III non-small cell lung cancer (NSCLC) has been established as a standard of care and has improved treatment outcomes. However, there is currently no adequate method to determine which patients should receive these adjuvant therapies. Identifying those with a good prognosis without adjuvant therapy could reduce the risk of adverse events, lessen the burden of clinic visits, and reduce healthcare costs.

Among various approaches, ctDNA-based MRD (minimal residual disease) analysis is highly anticipated and has already been introduced into clinical practice for hematologic malignancies. However, solid tumors' development as a companion diagnostic has been limited, and regulatory approval is mainly being considered based on performance evaluation data. In this study, we will conduct a performance evaluation of MRD analysis using Signatera™ in patients with stage I-III NSCLC while also collecting other prognostic factors based on clinicopathological information and survival data. Inclusion Criteria:

1. A histopathologically confirmed diagnosis of non-small cell lung cancer (NSCLC)

   The diagnosis (by cytology or biopsy) must be one of the following: ""adenocarcinoma,"" ""squamous cell carcinoma,"" ""non-small cell carcinoma consistent with adenocarcinoma,"" ""non-small cell carcinoma consistent with squamous cell carcinoma,"" or ""non-small cell carcinoma not otherwise specified (NOS)."" If the histological subtype differs between cytology and biopsy specimens, the subtype determined by the biopsy specimen shall be used.

   At the time of enrollment, diagnoses of ""squamous cell carcinoma"" or ""non-small cell carcinoma consistent with squamous cell carcinoma"" are classified as squamous cell carcinoma, whereas ""adenocarcinoma,"" ""non-small cell carcinoma consistent with adenocarcinoma,"" and ""non-small cell carcinoma NOS"" are classified as non-squamous cell carcinoma.
2. Meets one of the following criteria (1-3):

1\. Stage IB-III (preoperative clinical stage) deemed resectable, with no planned neoadjuvant therapy.

2\. Stage III disease deemed amenable to curative-intent chemoradiotherapy. 3. Stage II-III (preoperative clinical stage) deemed resectable, with planned neoadjuvant therapy.

3\) Age ≥ 18 years at the time of enrollment. 4) The attending physician has determined that tissue and blood samples can be provided.

5\) Written informed consent has been obtained from the patient.

Exclusion Criteria:

* Presence of active multiple primary malignancies (defined as synchronous multiple cancers/tumors or metachronous multiple cancers/tumors with a disease-free interval of 3 years or less). However, even if the disease-free interval is less than 3 years, a history of clinical stage I prostate cancer or a completely resected cancer with any of the pathological stages specified below is not considered ""active multiple primary malignancies.","National Cancer Center, Japan",ClinicalTrials.gov,2025,"[""OBSERVATIONAL""]","[""NSCLC, Stage I, II, III""]",[],NOT_YET_RECRUITING,https://clinicaltrials.gov/study/NCT06854939
ClinicalTrials.gov,NCT03986463,,NCT03986463,,,,CIrculating Tumour DNA in Lung Cancer (CITaDeL): Optimizing Sensitivity and Clinical Utility,"This is a prospective observation study in patients with non-small cell lung cancer (NSCLC) starting either cytotoxic chemotherapy or radiation therapy. It will assess changes in circulating tumor DNA (ctDNA) in the days following the initiation of treatment, as well as longitudinal monitoring, to assess the dynamics and value of ctDNA in stage III-IV NSCLC. The study consists of three cohorts of patients initiating a new treatment for their NSCLC. The cohorts of (1) patients starting concurrent chemotherapy and radiation for stage III NSCLC (2) patients with advanced NSCLC starting cytotoxic chemotherapy (with or without pembrolizumab) (3) patients with advanced NSCLC starting palliative radiation therapy. This study aims to study the changes in ctDNA levels following a new treatment in lung cancer patients and to explore if the diagnostic utility of ctDNA testing is improved immediately following treatment when tumour cells are actively dying. It will also examine the changes in ctDNA levels and mutational analysis longitudinally. Inclusion Criteria:

* Histologically diagnosed NSCLC
* Age 18 or older
* Eastern Cooperative Oncology Group (ECOG) performance status of 0-3
* Patients must be able to provide informed consent
* Patients must meet the criteria above AND fulfill the criteria below for entry into one of the 3 cohorts

Cohort 1

1. Stage III NSCLC as per the American Joint Committee on Cancer 8th edition (AJCC 8th ed.)
2. Appropriate to undergo concurrent chemotherapy and radiation
3. Planned radiation dose must be between 54 and 66 Gy
4. Chemotherapy regimen must include a platinum agent plus one of the following doublet agents: etoposide, pemetrexed, paclitaxel, vinorelbine, docetaxel, gemcitabine or vincristine
5. Day 1 platinum dose must be ≥ carboplatin 1.6 AUC or cisplatin 30 mg/m2
6. No prior system chemotherapy (induction) for their stage III NSCLC, any adjuvant chemotherapy given for resected disease must have been at least 100 days prior to enrollment

Cohort 2

1. Stage IV NSCLC or stage III NSCLC, as per the AJCC 8th ed.
2. Planning to start systemic cytotoxic chemotherapy, without concurrent radiation
3. Previous treatment with tyrosine kinase inhibitors or immunotherapy (PD-1, PD-L1, CTLA4 directed antibodies) is allowed as long as no cytotoxic chemotherapy was given concurrently
4. Previous palliative radiation is permitted, but must have been completed at least at least 21 days prior to the initiation of treatment
5. Chemotherapy regimen must include a platinum agent plus one of the following doublet agents: etoposide, pemetrexed, paclitaxel, vinorelbine, docetaxel, gemcitabine or vincristine
6. Day 1 platinum dose must be ≥ carboplatin 1.6 AUC or cisplatin 30 mg/m2
7. If cytotoxic chemotherapy was previously given for adjuvant or stage III NSCLC it must have been at least 100 days prior to enrollment

Cohort 3

1. Patients with advanced NSCLC set to undergo palliative radiation to the primary or regional or distant metastatic lesion(s), including intracranial lesions
2. Radiation dose scheduling must be 2.5 to 4.0 Gy on days 1 through 3 for extracranial treatment, ideally 40 Gy in 15 fractions, 20 Gy in 5 fractions, or 30 Gy in 10 fractions.
3. Radiation dose for brain lesions must be 6 to 9 Gy per dose, ideally 30 to 35 Gy in 5 daily fractions or 27 Gy in 3 fractions on alternating days
4. No plans for concurrent chemotherapy to be given
5. Five patients in cohort 3 will receive radiation to the primary tumor and five patients will receive radiation to brain lesions

Exclusion Criteria:

* Any other malignancy in the last five years other than adequately treated non-melanoma skin cancer",London Health Sciences Centre Research Institute OR Lawson Research Institute of St. Joseph's,ClinicalTrials.gov,2019,"[""OBSERVATIONAL""]","[""Lung Neoplasms"", ""Lung Cancer"", ""Neoplasm of Lung"", ""Non Small Cell Lung Cancer""]","[{""type"": ""OTHER"", ""name"": ""Circulating tumour DNA (ctDNA)""}]",COMPLETED,https://clinicaltrials.gov/study/NCT03986463
ClinicalTrials.gov,NCT04638582,,NCT04638582,,,,Phase II Randomized Controlled Trial of Neoadjuvant Pembrolizumab or Pembrolizumab With Histology-Specific Chemotherapy for Operable Stage IA3 to IIA Non-Small Cell Lung Cancer (NSCLC),"This is a prospective, randomized, single-site, open-label Phase II trial of neoadjuvant pembrolizumab (3 cycles) followed by surgery, versus concomitant neoadjuvant pembrolizumab with platinum doublet chemotherapy (3 cycles) followed by surgery for participants with Stage IA3, IB and IIA non-small-cell lung cancer (NSCLC). Participants will be offered pembrolizumab (6 cycles), and standard of care adjuvant chemotherapy (4 cycles) if applicable. The use of ctDNA levels and resolution in relation to treatment response has been studied in various types of cancer, notably melanoma, colorectal and pancreatic cancers. In pancreatic cancer, it was particularly noted to be useful for the prediction of recurrence and survival patterns. In NSCLC, there is a growing need to identify patients who are more likely to respond to immunotherapies given the rates of recurrence, and ctDNA was described to be a useful tool in the prediction of pathological response in this population. In fact, ctDNA was shown to correlate with disease resolution in NSCLC and higher levels of ctDNA in non-responding patients.

The central research question of this trial is focused on the ability to predict the occurrence of a pCR based on resolution of ctDNA detectability in early stage NSCLC. The biomarker collection plan will provide tumor and plasma samples from which whole exome sequencing will be performed to monitor disease response. The endpoint is focused on the elimination of ctDNA (both replicates = 0%) at the completion of systemic therapy, prior to surgical resection. All patients will be re-tested for ctDNA levels 30 days post-surgery to determine if those patients who did not experience ctDNA resolution after systemic therapy will experience resolution with the addition of surgery.

With the ctDNA treatment response arc, the investigators will be able to address the primary objective of the study: to establish ctDNA levels in early stage NSCLC as a reliable measure of local disease burden in the context of systemic therapy, with the lower end of the detection limit correlating to the extent of pathological response. The investigators hypothesize that in a cohort of patients with stage IA3, IB and IIA NSCLC, pre-operative pembrolizumab with or without histology-specific chemotherapy will cause resolution of ctDNA detectability that correlates with a pathological complete response (pCR) to therapy. Inclusion Criteria:

* Previously untreated, histologically confirmed (by core biopsy) NSCLC and histologically confirmed stages IA3, IB and IIA NSCLC (AJCC 8th edition).
* Able to undergo protocol therapy, including necessary surgery.
* If female: may participate if no active pregnancy, not breastfeeding, and at least one of the following: is not a woman of childbearing potential (WOCBP), or is a WOCBP using contraceptive methods.
* If male: must agree to refrain from donating sperm, and must either be abstinent or agree to use contraception.
* ECOG 0-1
* Available formalin-fixed paraffin embedded (FFPE) tumor tissue samples

Exclusion Criteria:

* Has one of the following tumor locations/types: NSCLC involving the superior sulcus, large cell neuroendocrine cancer (LCNEC) or sarcomatoid tumor.
* History of immunodeficiency, HBV, HCV, HIV. No HBV, HCV or HIV testing is required unless mandated by local health authority.
* Has a history of (non-infectious) pneumonitis/interstitial lung disease.
* Has an active infection requiring systemic therapy.
* Has had an allogenic tissue/solid organ transplant.
* Has a known severe hypersensitivity (≥ Grade 3) to pembrolizumab, its active substance and/or any of its excipients. (Refer to the respective Investigator's Brochure for a list of excipients.)
* Has a known severe hypersensitivity (≥ Grade 3) to any of the study chemotherapy agents and/or to any of their excipients.
* Has an active autoimmune disease that has required systemic treatment in past 2 years (ie, with use of disease modifying agents, corticosteroids or immunosuppressive drugs). Replacement therapy (eg, thyroxine, insulin, or physiologic corticosteroid replacement therapy for adrenal or pituitary insufficiency) is not considered a form of systemic treatment and is allowed.
* Has a history or current evidence of any condition, therapy, or laboratory abnormality that might confound the results of the trial, interfere with the participant's participation for the full duration of the trial, or is not in the best interest of the participant to participate, in the opinion of the treating investigator.
* Has known psychiatric or substance abuse disorders that would interfere with cooperating with the requirements of the trial.
* Has received colony-stimulating factors (eg, G-CSF, GM-CSF or recombinant erythropoietin) within 2 weeks before randomization
* Has received prior therapy with an anti-PD-1, anti-PD-L1, or anti-PD-L2 agent or with an agent directed to another co-inhibitory T-cell receptor (eg, CTLA-4, OX-40, CD137).
* Has received prior systemic anticancer therapy including investigational agents for the current malignancy prior to randomization/allocation.
* Has received prior radiotherapy within 2 weeks of start of trial treatment. Participants must have recovered from all radiation-related toxicities, not require corticosteroids, and not have had radiation pneumonitis.
* Has received a live or live attenuated vaccine within 30 days prior to the first dose of trial drug. Note: killed vaccines are allowed.
* Is currently participating in or has participated in a trial of an investigational agent or has used an investigational device within 4 weeks prior to the first dose of trial treatment.
* Has a diagnosis of immunodeficiency or is receiving systemic steroid therapy (dose exceeding 10 mg daily of prednisone equivalent) or any other form of immunosuppressive therapy within 7 days prior the first dose of trial drug.
* Has a known additional malignancy that is progressing or requires active treatment within the past (5 years).",McGill University Health Centre/Research Institute of the McGill University Health Centre,ClinicalTrials.gov,2020,"[""INTERVENTIONAL""]","[""Lung Cancer, Nonsmall Cell""]","[{""type"": ""DRUG"", ""name"": ""Pembrolizumab""}, {""type"": ""DRUG"", ""name"": ""Carboplatin""}, {""type"": ""DRUG"", ""name"": ""Paclitaxel""}, {""type"": ""DRUG"", ""name"": ""Pemetrexed""}]",TERMINATED,https://clinicaltrials.gov/study/NCT04638582
ClinicalTrials.gov,NCT06065813,,NCT06065813,,,,The Efficacy and Safety of Neoadjuvant Triprizumab and Radiotherapy in Operable Patients With Stage IIB-IIIA Non-small Cell Lung Cancer,"Neoadjuvant Triprizumab and Radiotherapy in Operable Patients With Stage IIA-IIIA Non-small Cell Lung Cancer Inclusion Criteria:

* Patients must volunteer participating in clinical trial; patients fully understand and sign the Informed Consent Form (ICF)
* 18 \~ 70 years old, gender not limited
* Histologically confirmed resectable stage IIA-IIIA NSCLC without prior treatment
* Patients must have at least one ""target"" lesion"" to be used to assess response on this protocol as defined by RECIST 1.1
* Agree to provide PD-L1 immune tissue sections and corresponding pathology reports for biomarker evaluation (Tumor tissue samples must be fresh or archived samples obtained within 3 months before enrollment
* Have a performance status of 0 or 1 on the ECOG Performance Scale
* Good organ function: ANC ≥ 1500/μL; PLT ≥ 100000/μL; HB ≥ 10.0g/dL; CR ≤ 1.5 × ULN or CrCl ≥ 60 mL/min (Use Cock-Gault formula); TB ≤ 1.5 × ULN (For patients with total bilirubin levels \> 1.5 × ULN, direct bilirubin is within normal limits); AST and ALT ≤ 2.5 × ULN; TSH is within normal limits. Note: If TSH is not within the normal range at baseline, if T3 and free T4 are within the normal range, then the patient can still meet the inclusion criteria. IN、RPT、APTT≤1.5×ULN
* Patients must volunteer and be able to follow research plan visits, treatment plans, laboratory tests, and other research procedures
* According to the surgeon's assessment, the total lung function can withstand the proposed lung resection
* Within 3 days before medication，the serum of fertile woman must be tested by hcg，and the result is negative. Fertile women can use high effective method for contraception in the duration of clinical trail and 180 days after last Administration

Exclusion Criteria:

* Locally advanced unresectable or metastatic disease
* Non-small small lung cancer (NSCLC) involving the upper sulcus，large cell neuroendocrine cancer (LCNEC), sarcomatoid tumor
* Patients with known EGFR mutations or ALK translocations, non-squamous carcinoma patients need to know the status of EGFR and ALK mutations
* Early NSCLC with prior systemic anticancer therapy, including experimental drug therapy
* Have a history of (non-infectious) pneumonia / interstitial lung disease requiring steroid therapy, or currently have pneumonia / interstitial lung disease requiring steroid therapy
* Known history of active tuberculosis
* Known to have active infection requiring systemic treatment
* known or suspected autoimmune diseases or immunodeficiency, except: patients with a history of hypothyroidism who do not require hormone therapy or are receiving physiological dose hormone replacement therapy; patients with stable type 1 diabetes whose blood glucose is controlled
* Active hepatitis B or C
* Has a known history of Human Immunodeficiency Virus (HIV) .
* Received live vaccine treatment within 30 days before drug administration; but inactivated viral vaccine for seasonal influenza is allowed
* Peripheral neuropathy ≥ grade 2
* Has received prior therapy with an anti-PD-1, anti-PD-L1, anti-PD-L2, anti-CD137, or anti-Cytotoxic T-lymphocyte-associated antigen-4 (CTLA-4) antibody (including ipilimumab or any other antibody or drug specifically targeting T-cell co-stimulation or checkpoint pathways).
* Overly sensitive reaction to other monoclonal antibodies
* Have a history of severe allergies to pemetrexed, paclitaxel or docetaxel, cisplatin, carboplatin or their preventive medicine
* Known to have serious or uncontrolled underlying disease
* According to the investigator's judgment, the patient has a history or current evidence of any disease, treatment or laboratory abnormality that may confuse the test results, interfere with the participant's participation in the full trial, or not in the best interest of the participant to participate in the trial",Northern Jiangsu People's Hospital,ClinicalTrials.gov,2023,"[""INTERVENTIONAL""]","[""Non-small Cell Lung Cancer"", ""Neoadjuvant Therapy"", ""Radiotherapy"", ""Immunotherapy""]","[{""type"": ""DRUG"", ""name"": ""Toripalimab""}, {""type"": ""RADIATION"", ""name"": ""Conventional segmental radiotherapy""}, {""type"": ""OTHER"", ""name"": ""opreation""}]",UNKNOWN,https://clinicaltrials.gov/study/NCT06065813
ClinicalTrials.gov,NCT06364917,,NCT06364917,,,,DISCERN: Dual Immune Strategy Versus Single Checkpoint Inhibition Efficacy Response in PDL-1 Negative Non-Small Cell Lung Cancer (NSCLC),"The purpose of this study, known as DISCERN, is to compare two different treatments for a type of lung cancer called non-small cell lung cancer (NSCLC) that does not show a marker known as PD-L1. This study will help us understand if using two types of immune therapy together with chemotherapy is better than using one type of immune therapy with chemotherapy. We're doing this by looking at changes in the subject's cancer's DNA in the blood after starting treatment. Inclusion Criteria:

1. Provision of signed and dated informed consent form.
2. Stated willingness to comply with all study procedures and availability for the duration of the study.
3. Male or female aged 18 years or older.
4. Participants must have histologically or cytologically confirmed non-small cell lung cancer which is stage IV
5. Participants should not have a known sensitizing mutation for which an FDA-approved.

   targeted therapy for NSCLC exists in first line (e.g., EGFR, ALK, ROS1, BRAF, RET, NTRK, and MET sensitizing mutations
6. Participants should not have received prior systemic anticancer therapy for advanced or metastatic disease. For patients who are recently diagnosed and received one cycle of chemotherapy while awaiting NGS/PDL-1 testing are allowed on study after discussion with medical monitor.
7. Participants should have measurable disease based on RECIST 1.1 as determined by the local site investigator/radiology assessment. Target lesions situated in a previously irradiated area are considered measurable if progression has been demonstrated in such lesions.
8. Participants should have a life expectancy of at least 3 months.
9. Participants should have a performance status of 0, 1 or 2 on the Eastern Cooperative Oncology Group (ECOG) Performance Status
10. Participants should have provided tumor tissue from locations not radiated prior to biopsy; fresh formalin fixed specimens or archival samples which have been determined as PD-L1 status \<1% or negative prior to randomization.
11. Participants should have been evaluated for circulating tumor DNA at baseline which has been determined to be detected, present or positive.
12. Participants with CNS metastases are eligible if all metastases have been treated and have remained stable without growth for at least 2 weeks post-treatment, the participant's neurological status has returned to baseline or remained stable for at least 2 weeks, and any use of corticosteroids for CNS metastases is at a dose of ≤10 mg daily prednisone (or an equivalent dose of another corticosteroid) and has been stable for at least 2 weeks before enrollment.
13. Participants should have adequate organ function to be able to safely receive the approved standard of care regimens per the current FDA approved package insert, treating investigators discretion and institutional guidelines.
14. For females of reproductive potential: Negative urine and serum pregnancy test within 72 hours prior to receiving the first dose of study medication. If the urine test is positive or cannot be confirmed as negative, serum pregnancy test will be required. Participants should be willing to use an adequate method of contraception for the course of the study through 120 days after last dose of study medication or through 180 days after last dose of chemotherapeutic agents. Abstinence is acceptable if this is the usual lifestyle and preferred contraception for the subject.
15. For males of reproductive potential: use of condoms or other methods to ensure effective contraception with partner. Abstinence is acceptable if this is the usual lifestyle and preferred contraception for the subject.

Exclusion Criteria:

1. Is currently participating and receiving study therapy or has participated in a study of an investigational agent and received study therapy within 4 weeks prior to administration of study regimen.
2. Has received a live-virus vaccination within 30 days of planned treatment start. Seasonal flu vaccines that do not contain live virus are permitted.
3. Has clinically active diverticulitis, intra-abdominal abscess, GI obstruction, abdominal carcinomatosis.
4. Prior treatment or history of allergy/hypersensitivity with anti-PD-1, anti-PD-L1, anti-PD-L2, anti-CTLA-4, or other specific T-cell co-stimulation or checkpoint targeting drugs.
5. Has a known sensitivity to any component of cisplatin, carboplatin, paclitaxel or pemetrexed
6. Participants with carcinomatous meningitis
7. Participants with active or suspected autoimmune diseases are excluded, with the following exceptions allowed: vitiligo, well-controlled type I diabetes mellitus, residual hypothyroidism due to autoimmune condition requiring hormone replacement, psoriasis not requiring systemic treatment, or conditions not expected to recur in the absence of an external trigger.
8. Individuals who have received systemic corticosteroids or other immunosuppressive medications within the last 14 days prior to enrollment are excluded. Exceptions are made for topical, inhaled, nasal, ophthalmic steroids, or systemic corticosteroids at physiological doses not to exceed 10 mg/day of prednisone or an equivalent corticosteroid.
9. Participants with a history of ILD, or those who are suspected of having symptomatic ILD, or those with pneumonitis.
10. Individuals with a positive test for HIV, Hep B or Hep C are excluded unless it is well-controlled with no increased risk of immunosuppression and with no potential drug interactions with current antiviral therapy.
11. Participants with a history of other malignancies are excluded, except for those with basal cell carcinoma of the skin, squamous cell carcinoma of the skin, carcinoma in situ of the cervix, carcinoma in situ of the breast, or any cancer in situ that has been treated curatively, and the participant has been in complete remission for more than two years with any cancer prior to the start of the study.",University of Alabama at Birmingham,ClinicalTrials.gov,2024,"[""INTERVENTIONAL""]","[""Non Small Cell Lung Cancer""]","[{""type"": ""DRUG"", ""name"": ""Pembrolizumab""}, {""type"": ""DRUG"", ""name"": ""Carboplatin""}, {""type"": ""DRUG"", ""name"": ""Paclitaxel""}, {""type"": ""DRUG"", ""name"": ""Pemetrexed""}, {""type"": ""DRUG"", ""name"": ""Nivolumab""}, {""type"": ""DRUG"", ""name"": ""Ipilimumab""}]",RECRUITING,https://clinicaltrials.gov/study/NCT06364917
ClinicalTrials.gov,NCT06856798,,NCT06856798,,,,Construction of a Efficacy Stratification Prognostic and Prediction Model for Perioperative Immunotherapy in Non - Small Cell Lung Cancer Based on Multi - Omics Biomarkers,"This research focuses on exploring biomarkers for the application of PD - 1/PD - L1 immune checkpoint inhibitors in the perioperative immunotherapy of lung cancer. Multi - index tests are conducted on tissues prior to treatment, as well as blood samples at baseline and during the treatment course. The goal is to identify biomarkers capable of predicting the efficacy of neoadjuvant and adjuvant immunotherapies. Additionally, by integrating these multiple - index data into models, patients are to be stratified based on their potential benefits from perioperative immunotherapy, providing personalized guidance for clinical decision - making. Inclusion Criteria:

* NSCLC, clinical tumor stage II-IIIB
* Without EGFR/ALK gene mutation
* Patient 18 years or older.
* Scheduled for neoadjuvant immunotherapy.
* Eastern Cooperative Oncology Group (ECOG) performance status score 0-1
* Life expectancy ≥ 12 weeks.
* Patient able to understand and sign written informed consent.

Exclusion Criteria:

* With other cancers (excluding NSCLC or skin cancer other than melanoma, or cancers treated curatively with follow up of more than 5 years without recurrence).
* With history of chemotherapy or radiotherapy (including pre - operative and post - operative adjuvant chemotherapy and radiotherapy) or systemic anti - tumor treatment.
* with autoimmune diseases unsuitable for PD - 1 monoclonal antibody treatment, including but not limited to myasthenia gravis, myositis, autoimmune hepatitis, systemic lupus erythematosus, rheumatoid arthritis, inflammatory bowel disease, antiphospholipid syndrome, Wegener's granulomatosis, Sjogren's syndrome, Guillain - Barré syndrome, or multiple sclerosis.
* Patients who are unlikely to comply with the protocol (e.g. uncooperative attitude), inability to return for subsequent visits) and/or otherwise considered by the Investigator to be unlikely to complete the study.",Shanghai Chest Hospital,ClinicalTrials.gov,2025,"[""OBSERVATIONAL""]","[""NSCLC Stage IIIA/B"", ""NSCLC Stage II""]",[],NOT_YET_RECRUITING,https://clinicaltrials.gov/study/NCT06856798
ClinicalTrials.gov,NCT05254184,,NCT05254184,,,,"Pooled Mutant KRAS-Targeted Long Peptide Vaccine Combined With Chemotherapy, Nivolumab and Ipilimumab for Patients With Advanced KRAS Mutated Non-Small Cell Lung Cancer","This is a single institution, Phase 1 study for patients with Stage III/IV unresectable Kirsten rat sarcoma (KRAS) mutated NSCLC to evaluate safety of the pooled mutant-KRAS peptide vaccine (KRAS peptide vaccine) with polyinosinic-polycytidylic acid (poly-ICLC) adjuvant in combination with chemoimmunotherapy, nivolumab and ipilimumab in the first line treatment setting. The primary objectives of this study are to determine the safety and feasibility of administering the KRAS peptide vaccine with poly-ICLC adjuvant with chemoimmunotherapy nivolumab and ipilimumab. The secondary objectives are to estimate the progression free survival (PFS) of pooled mutant-KRAS long peptide vaccine with poly-ICLC adjuvant in combination with chemoimmunotherapy, Nivolumab + Ipilimumab for the first line treatment of patients with unresectable Stage III/IV NSCLC whose tumors harbor selected KRAS mutations (KRAS glycine-to-cysteine substitution at codon 12 (G12C), KRAS glycine-to-valine substitution at codon 12 (G12V), KRAS glycine-to-aspartate substitution at codon 12 (G12D), KRAS glycine-to-arginine substitution at codon 12 (G12A), KRAS glycine-to-Aspartate ""D"" at codon 13 (G13D) or KRAS G12R) and to assess the impact of predicted KRAS mutations on mutant-KRAS specific T cell responses in the peripheral blood of these patients. Participants will receive two doses of chemoimmunotherapy followed by KRAS-targeted vaccine with ipilimumab and nivolumab. Exploratory objectives will assess the impact of predicted KRAS mutations on mutant-KRAS specific T cell responses in the peripheral blood, as well as changes in circulating tumor deoxyribonucleic acid (ctDNA). Approximately 15 subjects will be enrolled to have 12 evaluable subjects for T cell response assessment. Safety analysis will include all enrolled patients who receive at least one dose of vaccine. The evaluable population for T cell response will consist of all patients who receive at least one dose of vaccine and have baseline and post-treatment T cell measures in the peripheral blood at 12 weeks. Inclusion Criteria:

* Histologically- or cytologically-proven non-small cell lung cancer deemed to be locally advanced/unresectable or metastatic as per AJCC version 9, who has not received prior therapy for this stage of disease.
* Must have tumor lesions amenable to repeated biopsy, and patient's acceptance to have a tumor biopsy of an accessible lesion at baseline and on treatment if the lesion can be biopsied with acceptable clinical risk (as judged by the Principal Investigator).
* Measurable disease as defined by RECIST v1.1.
* Have one of the KRAS mutations (KRASG12C, KRASG12V, KRASG12D, KRASG12A, KRASG13D or KRASG12R) included in the vaccine at the time of vaccination expressed in tumor as defined by a CLIA-certified tumor or plasma based genomic testing platform performed either through a local laboratory or through our central laboratory.
* ECOG performance status 0 or 1.

Patients must have adequate organ and marrow function as defined below:

* Leukocytes ≥ 3,000/mcL
* Absolute neutrophil count ≥ 1,000/mcL
* Platelets ≥ 75 × 103/uL
* Hemoglobin ≥ 8.0 g/dL
* Total bilirubin ≤ 1.5 x ULN (\< 2.0 x ULN for subjects with documented Gilbert's syndrome)
* AST(SGOT) and ALT(SGPT)≤ 2.5 × ULN (if liver metastases are present, £ 5 x ULN)
* Alkaline phosphatase ≤5.0 × ULN
* Creatinine ≤1.5 × ULN or creatinine clearance (CrCl) ≥ 40 mL/min (if using the Cockcroft-Gault formula below):

  o Female CrCl = (140 - age in years) x weight in kg x 0.85
* 72 x serum creatinine in mg/dL

  o Male CrCl = (140 - age in years) x weight in kg x 1.00
* 72 x serum creatinine in mg/dL
* Women of childbearing potential (WOCBP) must have a negative serum pregnancy test (minimum sensitivity 25 IU/L or equivalent units of human chorionic gonadotropin (HCG)). WOCBP is defined in Section 4.6. NOTE: If a patient has a positive or indeterminate serum or urine pregnancy test, then an ultrasound must be done to rule out pregnancy to enroll on trial.
* WOCBP must agree to follow instructions for method(s) of contraception from the time of enrollment for the duration of treatment with study drug(s) plus 5 half-lives of study drug(s) plus 4 weeks (duration of ovulatory cycle) for a total of 5 months post treatment completion.
* Men who are sexually active with WOCBP must agree to follow instructions for method(s) of contraception for the duration of treatment with study drug(s) plus 5 half-lives of study drug(s) plus 90 days (duration of sperm turnover) for a total of 7 months post-treatment completion.
* At least one barrier method of contraception must be employed by all sexually active patients (male and female), regardless of other methods, to prevent the transfer of body fluids.
* Ability to understand and willingness to sign a written informed consent document.

Exclusion Criteria:

* Patient is expected to require any other form of systemic or localized antineoplastic therapy while on study.
* Any of the following procedures or medications:
* Within 2 weeks prior to initiation of study treatment:
* Systemic or topical corticosteroids at immunosuppressive doses (\> 10 mg/day of prednisone or equivalent). Inhaled or topical steroids, and adrenal replacement steroid doses ≤ 10 mg daily prednisone equivalent, are permitted in the absence of active autoimmune disease.
* Palliative or adjuvant radiation or gamma knife radiosurgery.
* Chemotherapy
* Within 4 weeks prior to initiation of study treatment:
* Any investigational cytotoxic drug. Exposure to any cytotoxic drug within 4 weeks or 5 half-lives (whichever is shorter) is prohibited. If 5 half-lives are shorter than 4 weeks, agreement with IND Sponsor is mandatory.
* Any investigational device
* Non-oncology vaccines containing live virus. Examples include, but are not limited to, the following: measles, mumps, rubella, chicken pox, yellow fever, rabies, BCG, and typhoid vaccine. Influenza, pneumonia vaccines (polysaccharide and conjugated forms) and COVID-19 vaccines will be allowed, however we recommend that subjects not receive any dose of vaccine within 7 days before or after their scheduled KRAS peptide vaccination.
* Allergen hyposensitization therapy.
* Growth factors, e.g. granulocyte-colony stimulating factor (G-CSF), granulocyte macrophage-colony stimulating factor (GM-CSF), erythropoietin
* Major surgery (excludes celiac plexus block, biliary stent placement, and other minor procedures such as dental work, skin biopsy, etc.).
* Patients with a history of prior treatment with immunotherapy agents (including, but not limited to: IL-2, interferon, anti-PD-L2, anti-CD137, anti-OX-40, anti-CD40, anti-CTLA-4, or anti-LAG-3 antibodies).
* Patients who have received anti-PD(L)-1 therapy (i.e. durvalumab, atezolizumab, nivolumab) for early-stage disease with curative intent may be enrolled, so long as progressive disease occurred at least 6 months from the start of anti-PD(L)-1 therapy. Patients with a history of immune-related adverse events secondary to prior anti-PD(L)-1 therapy will not be permitted.
* History of severe hypersensitivity reaction to any monoclonal antibodies or related compounds or to any of their components (e.g., history of severe hypersensitivity reactions to drugs formulated with polysorbate 80). This includes any prior immunotherapy agents; patients having toxicity with prior anti-PD-L1 therapy requiring cessation of treatment must be excluded.
* Untreated or symptomatic brain metastases.
* Treated brain metastases allowed on study if asymptomatic and therapy was completed at least 2 weeks prior to treatment start, and steroid dosing outlined above.
* Has an active known autoimmune disease or which has required systemic therapy in the last 2 years. Subjects with type I diabetes mellitus, hypothyroidism only requiring hormone replacement, skin disorders (such as vitiligo, psoriasis, or alopecia) not requiring systemic treatment, or conditions not expected to recur in the absence of an external trigger are permitted to enroll.
* Known history of interstitial lung disease or of (non-infectious) pneumonitis that required steroids or current pneumonitis.
* Has a pulse oximetry \< 90% on room air.
* Requires the use of home oxygen.
* Has a known history of Human Immunodeficiency Virus (HIV) (HIV1/2 antibodies), hepatitis B, or hepatitis C infection.
* Uncontrolled intercurrent illness including, but not limited to, ongoing or active infection, symptomatic congestive heart failure, unstable angina, cardiac arrhythmia, metastatic cancer, or psychiatric illness that would limit compliance with study requirements.
* Patients who have been diagnosed with another cancer or myeloproliferative disorder in the past 5 years except for superficial bladder cancer, non-melanoma skin cancers, or a low-grade prostate cancer not requiring therapy.
* Has a diagnosis of immunodeficiency.
* Presence of any tissue or organ allograft, regardless of need for immunosuppression, including corneal allograft. Patients with a history of allogeneic hematopoietic stem cell transplant will be excluded.
* Any other sound medical or psychiatric reason as determined by the Investigator.
* Patient is, at the time of signing informed consent, a regular user (including ""recreational use"") of any illicit drugs or other substance abuse (including alcohol) that could potentially interfere with adherence to study procedures or requirements.
* Patient is unwilling or unable to follow the study schedule for any reason.
* Patient is pregnant or breastfeeding.",Sidney Kimmel Comprehensive Cancer Center at Johns Hopkins,ClinicalTrials.gov,2022,"[""INTERVENTIONAL""]","[""Non-Small Cell Lung Cancer""]","[{""type"": ""DRUG"", ""name"": ""Pooled Mutant KRAS-Targeted Long Peptide Vaccine 0.3mg each; 1.8mg total peptides""}]",RECRUITING,https://clinicaltrials.gov/study/NCT05254184
ClinicalTrials.gov,NCT05534113,,NCT05534113,,,,"Sequential Envafolimab Immunotherapy After Patients With ctDNA EGFR Mutation Clearance by Treatment With Almonertinib in EGFR-Mutant, PD-LI Positive Non-small-cell Lung Cancer：Efficacy and Safety Clinical Trial","This is a prospective, single-arm, open-label, interventional clinical study, aimed at exploring the efficacy and safety of sequential Envafolimab immunotherapy after patients with ctDNA EGFR mutation clearance and achieved stable radiographically deep esponse after first line treatment with Almonertinib in EGFR-Mutant, PD-LI positive non-small-cell lung cancer. The study includes a screening period (not more than 28 days after the subject signs informed consent to before the first medication), treatment period (including Almonertinib treatment in 6-8 weeks after enrollment\\ctDNA testing and radiographically imaging assessment\\ctDNA guiding sequential Envafolimab immunotherapy) and follow-up period (including survival and safety) .

Eligible subjects receive 110 mg of Almonertinib once a day for 6-8 consecutive weeks of treatment，and receive ctDNA testing and radiographically imaging assessment again. According to test results, there are two types:

1. EGFR mutation is positive, subjects subsequent treament is up to the investigator (continue to receive 110 mg of Almonertinib once a day or combination therapy regimen), follow up every 6 weeks.
2. EGFR mutation is negative and achieve stable radiographically deep response after 6-8 weeks treatment with Almonertinib, subjects will stop Almonertinib treatment，and receive sequential Envafolimab immunotherapy (ctDNA dynamic monitoring guided treatment，every 6 weeks test ctDNA once, if it is negative, subjects continue to receive Envafolimab immunotherapy until ctDNA EGFR turns positive; if ctDNA EGFR is positive, subjects stop Envafolimab immunotherapy and receive Almonertinib 110 mg once a day again until ctDNA EGFR turns negative).

The treatment will continue until disease progression assessed by the investigator according to RECIST 1.1 criteria, or withdrawal or termination criteria are reached. Inclusion Criteria:

* Over 18 years old (including 18 years old) .
* The Eastern Cooperative Oncology Group (ECOG) physical status score is 0 to 1, and it has not deteriorated in the previous 2 weeks, and the minimum expected survival is 12 weeks.
* Unresectable advanced or metastatic non-squamous cell non-small cell lung cancer.
* Blood samples were confirmed to contain EGFR-sensitive mutations by ctDNA testing(including exon 19 deletion or L858R, both alone or coexist with other EGFR mutations.Patients with EGFR20 exon insertion mutations could not be enrolled).
* No systematic antitumor treatment before enrollment.
* PD-L1 expression is positive, defined as TPS (tumor proportion score) ≥10%.
* The patient has at least one tumor lesion that can be accurately measured at baseline, and the longest diameter at baseline is ≥10 mm (if it is a lymph node, the short diameter is required to be ≥15 mm). The selected measurement method is suitable for accurate repeat measurement, which can be computed tomography (CT) or magnetic resonance scan (MRI). If there is only one measurable lesion, it can be accepted as the target lesion, and a baseline assessment of the tumor lesion should be performed at least 14 days after the diagnostic biopsy.
* Women of childbearing age should take appropriate contraceptive measures from screening to 3 months after stopping the study treatment and should not breastfeed. Before starting the administration, the pregnancy test is negative, or meeting one of the following criteria proves that there is no risk of pregnancy:

  1. Postmenopausal is defined as age greater than 50 years，and amenorrhea for at least 12 months after stopping all exogenous hormone replacement therapy.
  2. For women younger than 50 years old, if the amenorrhea is 12 months or more after stopping all exogenous hormone treatments, and the luteinizing hormone (LH) and follicle stimulating hormone (FSH) levels are within the laboratory postmenopausal reference value range, also It can be considered postmenopausal.
  3. Have received irreversible sterilization, including hysterectomy, bilateral ovariectomy or bilateral fallopian tube resection, except for bilateral fallopian tube ligation.
* Male subjects should use barrier contraception (ie, condoms) from screening to 3 months after the study treatment is stopped.
* The subjects themselves participated voluntarily and signed a written informed consent form.

Exclusion Criteria:

Subjects who meet any of the following criteria cannot be included in this study:

* Have received any of the following treatments:

  1. Previously received antitumor treatment for lung cancer in the past;
  2. Previously received Chinese patent medicine with anti-tumor effect. If Chinese patent medicine with anti-tumor effect has been received for no more than 7 days, and the medicine has been stopped for 2 weeks or more before the drug treatment of this study, it can be included in the group.
* Patients who had received open surgery on other parts except lungs within 14 days before using the study drug ≤ 14 days.
* Refractory nausea, vomiting or chronic gastrointestinal diseases, inability to swallow the study drug or having undergone extensive intestinal resection may affect the full absorption of Almonertinib.
* Patients with other malignant tumors in recent 5 years (excluding completely resected basal cell carcinoma, bladder cancer in situ and cervical carcinoma in situ).
* Have a history of interstitial lung disease, a history of drug-induced interstitial lung disease, a history of interstitial pneumonia requiring steroid treatment, or any evidence of clinically active interstitial lung disease.
* As judged by the investigator, there are any serious or poorly controlled systemic disease, such as poorly controlled hypertension, active bleeding or active infection (including active fungal, bacterial and / or viral infections requiring systemic treatment or full-body anti infective drugs used within one week before the first administration).
* At the beginning of the study treatment, there were unresponsive residual toxicity from previous treatment that was greater than CTCAE grade 3, except for hair loss.
* Meet any of the following cardiac examination results:

  1. The average value of QT interval (QTcF) corrected by Fridericia's formula obtained from 3 ECG examinations at rest\> 470 msec;
  2. Resting ECG suggests that there are various clinically significant rhythms, conduction or ECG morphological abnormalities that are judged by the investigator (such as complete left bundle branch block, 3 degree atrioventricular block, 2 degree atrium Ventricular block and PR interval\> 250 msec, etc.);
  3. There are any factors that increase the risk of QTc prolongation or arrhythmia events, such as heart failure, hypokalemia, congenital long QT syndrome, family history of long QT syndrome, or unexplained sudden death or prolonged QT of immediate family members under 40 Any concomitant drugs in the interval;
  4. Left ventricular ejection fraction (LVEF) \<50%.
* Insufficient bone marrow reserve or organ function, reaching any one of the following laboratory limits (no corrective treatment within 1 week before laboratory examination of blood draw):

  1. Absolute neutrophil count \<1.5×109 / L; Platelet count \<100×109 / L; Hemoglobin \<90 g/L (\<9 g/dL);
  2. Liver function: alanine aminotransferase \> 3 times the upper limit of normal (ULN); Aspartate aminotransferase \> 3uln; Total bilirubin \> 1.5uln; Serum albumin (ALB) \< 28 g / L.
  3. Renal function: creatinine \> 1.5 ULN or creatinine clearance \< 50ml / min (calculated by Cockcroft Gault formula). Only when creatinine ≥ 1.5 ULN, it is necessary to confirm creatinine clearance.
* Female subjects who are pregnant, lactating, or planning to become pregnant during the study period.
* Have a history of hypersensitivity to any active or inactive ingredients of almonertinib or to drugs with similar chemical structure to almonertinib or the same class of almonertinib.
* Any serious or uncontrolled eye disease (especially severe dry eye syndrome, dry keratoconjunctivitis, severe exposure keratitis or other diseases that may increase epithelial damage) may increase the safety of the patient by the doctor's judgment Sexual risk; or those with eye abnormalities that require surgery or are expected to require surgical treatment during the study period.
* Use / eat drugs or foods that are known to have strong CYP3A4 inhibition effect within 2 weeks (including but not limited to azanavir, clarithromycin, indinavir, itraconazole, ketoconazole, nefazodone, nefenavir, ritonavir, saquinavir, telithromycin, acephaeomycin, voriconazole and grapefruit or grapefruit juice).
* Use drugs known to have strong CYP3A4 inducing effect (including but not limited to carbamazepine, phenobarbital, phenytoin, rifampin, rifampicin and Hypericum perforatum) within 2 weeks.
* Use drugs (including but not limited to dihydroergotamine, ergotamine, pimozide, astemizole, cisapride and terfenadine) as CYP3A4 substrates (with narrow therapeutic index) within 2 weeks.
* Have used strong P-gp inhibitors within 2 weeks (including but not limited to verapamil, cyclosporine A and dexverapamil)
* Patients with previous autoimmune diseases or undergoing immunomodulatory treatment.
* Subjects who may have poor compliance with the study procedures and requirements at the judgment of the investigator, such as those who have a clear history of neurological or mental disorders (including epilepsy or dementia) in the past, and those who currently suffer from mental disorders.
* Patients who need long-term systemic corticosteroids. Patients with COPD and asthma requiring intermittent use of bronchodilators, inhaled corticosteroids, or local injection of corticosteroids can be enrolled.
* Symptomatic central nervous system metastasis. Patients with asymptomatic brain metastases or brain metastases whose symptoms are stable after treatment can participate in this study as long as they meet all the following criteria: there are measurable lesions outside the central nervous system; No midbrain, pons, cerebellum, meninges, medulla oblongata or spinal cord metastasis; Maintain clinical stability for at least 2 weeks; Hormone therapy was stopped 3 days before the first dose of study drug.
* Known history of human immunodeficiency virus (HIV) infection (i.e., HIV 1 / 2 antibody positive).
* Untreated active hepatitis B (defined as HBsAg positive and HBV-DNA copy number detected is greater than the upper limit of the normal value of the laboratory of the research center); Note: hepatitis B subjects meeting the following criteria can also be included in the group:

  1. HBV viral load before the first administration was \< 1000 copies / ml (200 IU / ml), and the subject should receive anti HBV treatment during the whole study chemotherapy drug treatment period to avoid virus reactivation;
  2. For subjects with anti HBC (+), HBsAg (-), anti HBS (-) and HBV viral load (-), preventive anti HBV treatment is not required, but viral reactivation needs to be closely monitored..
* Active HCV infected subjects (HCV antibody is positive and HCV-RNA level is higher than the lower limit of detection).
* Have received live vaccine within 30 days before the first administration (cycle 1, day 1); Note: it is allowed to receive inactivated virus vaccine for injection against seasonal influenza within 30 days before the first administration; subjects have received live attenuated influenza vaccine for intranasal administration is not allowed.
* Investigator judges that there are any patients with conditions that endanger the safety of the patient or interfere with the evaluation of the study.",The First Affiliated Hospital with Nanjing Medical University,ClinicalTrials.gov,2022,"[""INTERVENTIONAL""]","[""Non-small Cell Lung Cancer""]","[{""type"": ""DRUG"", ""name"": ""Almonertinib Envafolimab""}]",UNKNOWN,https://clinicaltrials.gov/study/NCT05534113
ClinicalTrials.gov,NCT04931654,,NCT04931654,,,,"A Phase I/IIa Open-label Dose Escalation and Expansion Study to Evaluate the Safety, Pharmacokinetics, Pharmacodynamics, and Efficacy of AZD7789, an Anti-PD-1 and Anti-TIM-3 Bispecific Antibody, in Participants With Advanced or Metastatic Solid Tumors.","This is a Phase I/IIa study designed to evaluate if experimental anti-PD-1 and anti-TIM-3 bispecific antibody, AZD7789 is safe, tolerable and efficacious in participants with advanced solid tumors. This first time in patients, open-label, multi-centre study will have AZD7789 administered intravenously (IV) to participants with advanced solid tumors. This study will have 2 parts: Part A which will have dose escalation cohorts and Part B which will have the dose expansion cohorts. Inclusion Criteria:

* Must be ≥ 18 years of age
* Part A Dose-escalation cohorts and Part B Dose-expansion cohorts B1, B2, B3 and B5: Histologically or cytologically documented Stage IIIB to IV non-small cell lung carcinoma (NSCLC) not amenable to curative surgery or radiation.
* Part B Dose-expansion cohort B4: Histologically or cytologically documented advanced or metastatic gastric and gastro-esophageal junction adenocarcinoma (GEJC) not amenable to curative surgery or radiation.
* Must have at least one measurable lesion according to Response Evaluation Criteria in Solid Tumors (RECIST) v1.1
* Provision of archival or fresh tumor tissue sample and/or consent to undergo mandatory on-treatment biopsy for participants enrolled in Part A Dose-escalation
* Provision of archival tumor tissue sample or fresh tissue sample for Part B Dose-expansion cohorts B1, B2, B3 and B5. Provision of fresh tumor tissue sample and consent to undergo mandatory on-treatment biopsy for cohort B4.
* Eastern Cooperative Oncology Group (ECOG) performance status of 0 or 1
* Non-pregnant women and willingness of female participants to avoid pregnancy or male participants willing to avoid fathering children through highly effective methods of contraception
* Adequate organ and bone marrow function measured within 28 days prior to first dose
* Part A Dose Escalation Additional Inclusion Criteria:

  * May have squamous or non-squamous NSCLC
  * Must have received at least one prior line of systemic therapy, of which at least one prior line of therapy contained approved anti-PD-1/PD-L1
  * Must have had immune-oncology (IO) acquired or primary resistance
  * PD-L1 expression \< 1% or ≥ 1% documented
* Part B Dose Expansion Cohort B1 and B3 Additional Inclusion Criteria:

  * May have squamous or non-squamous NSCLC
  * Must have received at least one prior line of systemic therapy, of which only one prior line of therapy contained approved anti-PD-1/PD-L1
  * Must have had IO acquired resistance
  * PD- L1 expression ≥ 1% documented
* Part B Dose Expansion Cohort B2 and B5 Additional Inclusion Criteria:

  * May have squamous or non-squamous NSCLC
  * Must not have received prior IO therapy in the first-line setting, but may have received one prior treatment regime of platinum-based chemotherapy
  * Cohort B2: PD-L1 expression ≥ 50% documented
  * Cohort B5: PD-L1 expression 1-49% documented
* Part B Dose Expansion Cohort B4 Additional Inclusion Criteria:

  * Must have received at least one but no more than two prior lines of systemic therapy, of which only one prior line of therapy contained an approved anti-PD-1/PD-L1
  * Must have had IO acquired resistance
  * There are no PD-L1 status requirements for this cohort

Exclusion Criteria:

* Patients with sensitizing epidermal growth factor receptor (EGFR) mutations or anaplastic lymphoma kinase (ALK) fusions. Documented test result is mandatory for participants with non-squamous NSCLC histology. For participants with squamous NSCLC histology, testing is mandatory only if the participant is a never-smoker or in the presence of a mixed histology.
* Documented test result for any other known genomic alteration for which a targeted first line therapy is approved per local standard of care (SoC)
* Part B Dose-expansion Cohort B4: documented HER2 amplification (unless a SoC including an anti-HER2 therapy has been received); testing is not mandatory if not required per local guidelines.
* Unresolved toxicities of ≥ Grade 2 from prior therapy
* Any prior ≥ Grade 3 immune-mediated adverse event (imAE) while receiving immunotherapy or any unresolved imAE ≥ Grade 2
* Must not have experienced a toxicity that led to permanent discontinuation of prior immunotherapy
* Symptomatic central nervous system (CNS) metastasis or leptomeningeal disease
* History of symptomatic and objectively confirmed arterial (including myocardial infarction) or venous thromboembolic event within 6 months prior to the first dose of study intervention, unless participant is on treatment with adequate antithrombotic medication and is considered to be stable by the Investigator.
* History of organ transplant or allogenic haematopoietic stem cell transplant
* Infectious disease exclusions: Active infection including TB, HIV, hepatitis A, chronic or active hepatitis B, chronic or active hepatitis C, active COVID-19 infection
* History of clinically significant arrythmia as judged by the Investigator
* Uncontrolled intercurrent illness including, but not limited to, ongoing or active infection, cardiomyopathy of any etiology, symptomatic congestive heart failure, uncontrolled hypertension, uncontrolled diabetes mellitus, unstable angina pectoris, history of myocardial infarction within the past 6 months, serious chronic gastrointestinal conditions associated with diarrhea, active non infectious skin disease. Part B Dose-expansion Cohort B4, medication-resistant ascites requiring drainage in the last 28 days prior the start of AZD7789 and/or the occurrence of active gastro-intestinal bleeding, as judged by the Investigator.
* Active or prior documented autoimmune or inflammatory disorders, including inflammatory bowel disease (eg, colitis or Crohn's disease), diverticulitis (with the exception of diverticulosis), systemic lupus erythematosus, Sarcoidosis syndrome, or Wegener syndrome (granulomatosis with polyangiitis), Graves' disease, rheumatoid arthritis, hypophysitis, uveitis, etc.. Some exceptions have been specified in the protocol
* Past medical history of interstitial lung disease (ILD), drug-induced ILD, radiation pneumonitis requiring steroid treatment, or any evidence of clinically active ILD
* Major surgical procedure within 28 days prior to the first dose of study intervention or still recovering from prior surgery
* Other invasive malignancy within 2 years prior to screening
* Congenital long QT syndrome or history of QT prolongation associated with other medications that cannot be changed or discontinued based on a cardiologist assessment
* Any previous treatment with anti-TIM-3 therapy in any setting is not permitted. For Part A, Cohorts B1 and B3:treatment with investigational therapy prior to initiation of study treatment except where the most recent line of therapy was investigational agents added to approved anti-PD-1/PD-L1 as part of standard care. Investigational agents may be given as prior lines of therapy (other than the most recent line) and as monotherapy. Where investigational agents are the most recent line of therapy, they must be given in combination with approved anti-PD-1/PD-L1. For Part B Dose-expansion Cohort B4: investigational agents, other than investigational immune checkpoint inhibitors or other IO agents, may be given as any prior lines of therapy.
* Current or prior use of immunosuppressive medication within 14 days prior to the first dose of study intervention
* Any concurrent chemotherapy, radiotherapy, investigational, biologic, or hormonal therapy for cancer treatment. Concurrent use of hormonal therapy for noncancer-related conditions is acceptable.
* Receipt of live attenuated vaccine within 30 days prior to the first dose of study intervention Note: Participants should not receive live vaccine while receiving study intervention and up to 30 days after the last dose of study intervention
* Radiotherapy treatment to the lung within ≤ 4 weeks of the first dose of AZD7789. Palliative bone radiotherapy is allowed if ≥ 2 weeks prior to the first dose of AZD7789.",AstraZeneca,ClinicalTrials.gov,2021,"[""INTERVENTIONAL""]","[""Carcinoma, Non-Small-Cell Lung"", ""Gastric Cancer"", ""Gastroesophageal Junction Cancer""]","[{""type"": ""DRUG"", ""name"": ""AZD7789""}]",ACTIVE_NOT_RECRUITING,https://clinicaltrials.gov/study/NCT04931654
ClinicalTrials.gov,NCT04646837,,NCT04646837,,,,Mechanism of Response to IMFINZI Neoadjuvant Therapy in Non-small Cell Lung Cancer Patients Based on Multiple-omics Models,"A single-center prospective exploratory single-arm neoadjuvant therapy study, based on a prospective cohort study, according to patients' blood and tumor samples before and after neoadjuvant treatment, WES, GEP gene expression profiling, TCR sequencing and ctDNA dynamic monitoring were used to explore the intratumoral immune consequences of PD-1 monoclonal antibody administration and identify potential Response biomarker. To explore the safety and immunobiological effects of 2 cycles of duvalumab combined with albumin paclitaxel + cisplatin/carboplatin for patients with stage IB-IIIA non-small cell lung cancer; use whole exome sequencing , GEP gene expression profile detection based on NanoString platform and other methods to predict the efficacy of IMFINZI neoadjuvant therapy, looking for potential biomarkers; study the impact of neoadjuvant therapy of I drug on the tumor microenvironment at multiple levels such as genome, transcriptome, PD-1/PD-L1 protein transcription and expression, T cell TCR immune groupthe library and T cell subsets, and provide comprehensive exploratory research evidence for finding the biomarker for the neoadjuvant anti-PD-L1 therapy of lung cancer . Inclusion Criteria:

* 18-80 years old
* Male or female (no fertility requirement)
* Meet NCCN lung cancer diagnostic criteria
* No radical mastectomy, radiotherapy, chemotherapy, targeted therapy and immunotherapy
* Resectable stage Ib-IIIa non-small cell lung cancer (NSCLC) patients confirmed by imaging and biopsy; clear lung histopathological sample results have been obtained during screening, and all molecular biological tests can be completed.
* Patients without serious comorbidities, including but not limited to basic cardiovascular and cerebrovascular diseases, and patients whose clinical conditions allow to tolerate thoracic surgery
* Female and male subjects of childbearing age must use appropriate contraceptive measures during the study period and 6 months after the last study medication. Female subjects of childbearing age must have a negative pregnancy test
* Pathologically confirmed as lung adenocarcinoma or squamous cell carcinoma

Exclusion Criteria:

* Patients with unstable vital signs, need vasoactive drugs, or need intensive care unit (ICU) support
* Patients with active infections (including infections such as bacteria, fungi, viruses, tuberculosis, and various types of hepatitis) within 3 months before the first study medication
* Symptoms and signs of severe or uncontrolled liver, kidney, gastrointestinal, endocrine, lung, heart, neuropsychiatric, or brain disease
* Patients with a history of autoimmune diseases (inflammation or insufficiency of glands such as thyroid, pituitary, adrenal gland, etc., immunological diseases with positive autoantibodies)
* Is participating in other drug trials
* One month before the enrollment plan to receive immunotherapy, he had used any anti-systemic antibiotic therapy, hormone therapy, immunosuppressive therapy, etc.
* The pathology is small cell lung cancer or other neuroendocrine tumors or sarcomas, rare tumors or lung adenocarcinoma/squamous cell carcinoma containing the above components.
* The patient has a history of malignant tumors other than lung cancer
* Patients with sensitive gene mutations in EGFR (E19del/E21 L858R) and ALK (various types of fusion mutations)",Peking Union Medical College Hospital,ClinicalTrials.gov,2020,"[""INTERVENTIONAL""]","[""Non-small Cell Lung Cancer""]","[{""type"": ""DRUG"", ""name"": ""Durvalumab""}, {""type"": ""DRUG"", ""name"": ""Albumin Paclitaxel""}, {""type"": ""DRUG"", ""name"": ""Carboplatin/Cisplatin""}]",UNKNOWN,https://clinicaltrials.gov/study/NCT04646837
ClinicalTrials.gov,NCT06431633,,NCT06431633,,,,A Phase III Clinical Trial of Adjuvant Treatment With Sacituzumab and Zimberelimab for Stage IB-IIIA-IIIB(N2) Previously Resected (R0) Non-small Cell Lung Cancer Patients That Did Not Achieve Pathological Complete Response After Neoadjuvant treatment_ARIAN,"Open-label, phase III, randomized, stratified (PDL1- vs PDL1+), 3 arms, multicenter clinical trial.

129 resected patients (43 per arm) with stage from IB to IIIA and IIIB (N2) non-small cell lung cancer that do not achieve pathologic complete response (pCR) after neoadjuvant treatment.

This clinical trial has 3 arms of treatment. ARM 1: Observation 10 months, ARM 2: treatment with immunotherapy (Zimberelimab) for 13 cycles and ARM 3: treatment with Sacituzumab Govitecan and Zimberelimab for 8 cycles and Zimberelimab monotherapy for 5 cycles.

The primary objective is to evaluate the disease-free survival (DFS): defined as the length of time from randomization to the earliest event defined as disease recurrence, any new lung cancer (even in the opposite lung), or death from any cause at any known point in time.

Patient accrual is expected to be completed within 2 years, treatment is planned to extend during 1 years and the patients will be followed up for 2 years. The study will end once survival follow-up has concluded. This is an open-label, phase III, randomized, stratified (PDL1- vs PDL1+), 3 arms, multicenter clinical trial.

Patients stage IB to IIIA-IIIB (T3N2) after surgical resection if they did not achieve a pathological com-plete response (pCR) will be randomized 1:1:1 to:

* ARM 1: Observational Arm for 10 months
* ARM 2: Immunotherapy (Zimberelimab) treatment for 13 cycles, Q3W
* ARM 3: Sacituzumab Govitecan + Zimberelimab Q3W for 8 cycles + Zimberelimab Q3W for 5 cycles. Patients will receive 8 cycles of the combination and 5 cycles of Zimberelimab monotherapy.

The primary objective is to evaluate the disease-free survival (DFS): defined as the length of time from randomization to the earliest event defined as disease recurrence, any new lung cancer (even in the opposite lung), or death from any cause at any known point in time.

Disease Free survival (DFS): The time from random assignment to cancer recurrence or death from any cause.

Secondary objectives:

* Overall survival (OS): at 12, 24 and 36 months after the start of adjuvant treatment
* Safety and tolerability of the combination of Sacituzumab Govitecan + Zimberelimab according to CTCAE v5.0.

Exploratory objectives

\- To evaluate whether there is a significant association between change in levels of ctDNA between baseline and after adjuvant treatment and OS and DFS.

The total trial duration will be 7 years approximately. Approval-start up: 4-6 months. Patient accrual is expected to be completed within 2 years. One year of treatment and 3 years of follow up, and close-out: 4-6 months. The study will end once survival follow-up has concluded Inclusion Criteria:

* 1\. Patients diagnosed of primary non-small cell lung cancer, histologically confirmed.
* 2\. Patients should be classified postoperatively in stage IB, IIA, IIB, IIIA or IIIB (N2) according to pathological criteria (pTNM) and according to 8th version of the International Association for the Study of Lung Cancer Staging Manual in Thoracic Oncology
* 3\. Complete surgical resection (R0) of the primary NSCLC is also essential. Surgeons are strongly advised to dissect or obtain samples of all accessible lymph node levels, as established in the European Society of Thoracic Surgeons guide. Consequently, at the end of the surgical intervention it is recommended to have obtained samples of a minimum of 3 specific mediastinal ganglionic lobe stations (N2), one of which should include station 7, and at least one N1 station
* 4\. The surgical intervention may consist of a lobectomy, sleeve resection, bilobectomy or pneumonectomy, as determined by the responsible surgeon based on intraoperative findings. Patients who have had only segmentectomies or wedge resections are not considered eligible for participation in this study except if R0 resection can be confirmed.
* 5\. Only patients that do not achieve pathological complete response (pCR) seen in the surgical piece after neoadjuvant therapy are eligible.
* 6\. Preoperative (neoadjuvant) use of platinum-based chemotherapy + immunotherapy (anti PD-1) is mandatory.
* 7\. Preoperative, postoperative, or scheduled radiation therapy is not accepted for a later time. Patients with only N2 disease, who have to receive post-operative adjuvant radiotherapy will not be eligible.
* 8\. A minimum of 3 weeks must have elapsed between the surgical intervention performed for the NSCLC and the randomization. Adjuvant treatment must start between the 3rd and the 10th week from surgery.
* 9\. Eastern Cooperative Oncology Group (ECOG) performance status 0-1
* 10\. Patients aged ≥ 18 years.
* 11\. PDL1 value analysed locally (hospital must be able to provide this value before randomization)
* 12\. PET-CT and brain CT before randomization to confirm the absence of distant disease.
* 13\. Adequate hematologic and organ function
* 14.All patients are notified of the investigational nature of this study and signed a written in-formed consent in accordance with institutional and national guidelines, including the Declaration of Helsinki prior to any trial-related intervention.
* 15.For female patients of childbearing potential, agreement (by patient and/or partner) to use a highly effective form(s) of contraception
* 16\. For male patients with female partners of childbearing potential, agreement (by patient and/or partner) to use a highly effective form(s) of contraception
* 17\. Oral contraception should always be combined with an additional contraceptive method because of a potential interaction with the study drugs.
* 18.Women who are not postmenopausal or surgically sterile must have a negative serum pregnancy test result within 14 days prior to initiation of study drug.
* 19.Patient capable of proper therapeutic compliance and accessible for correct follow-up
* 20\. Patients with a life expectancy of at least more than 12 weeks

Exclusion Criteria:

* 1\. Patients with a history of other malignant diseases, with the exception of the following:

  * properly treated non-melanotic skin cancer
  * cancer in situ treated with curative intent or other malignancies treated with curative intent and without signs of disease for a period of\> 3 years after the end of the treatment and which, in the opinion of the doctor in charge of their treatment, do not present a substantial risk of relapse of the previous malignant disease.
* 2.T4 patients with invasion of heart, great vessels, carina, trachea, oesophagus or spine
* 3\. Patients with ALK translocation, STK11 o KEAP1 known mutations before inclusion in this trial.
* 4\. Patients with adenocarcinoma NSCLC must be tested for the common EGFR mutations before inclusion. Patients with any known EGFR mutation cannot be enrolled in the study.
* 5\. Patients with a combination of microcytic and non-small cell lung cancer, a carcinoid lung tumor or large cell neuroendocrine carcinoma
* 6\. Have active chronic inflammatory bowel disease (ulcerative colitis, Crohn's disease) or GI perforation within 6 months of randomization.
* 7\. Patients that received live attenuated vaccines within 30 days prior to randomization
* 8\. History of a primary immunodeficiency, history of organ allogeneic transplantation, use of immunosuppressive drugs within 28 days before randomization or previous history of toxicity of severe immune mechanism (grade 3 or 4) with other immunological treatments
* 9\. Patients with active or uncontrolled infections or with serious medical conditions or disorders that may not allow patient management as established in the protocol.
* 10\. Patients who have suffered untreated and / or uncontrolled cardiovascular disorders and / or who have symptomatic cardiac dysfunction
* 11\. Pregnant or breastfeeding women
* 12\. Patients in whom R0 resection cannot be confirmed.
* 13\. Patients with an active, known or suspected autoimmune disease. Participants with type I diabetes mellitus, hypothyroidism only requiring hormone replacement, skin disorders not requiring systemic treatment, or conditions not expected to recur in the absence of an external trigger are permitted to enroll.
* 14.Patients with a condition requiring systemic treatment with either corticosteroids or other immunosuppressive medications within 14 days of randomization. Inhaled or topical steroids, and adrenal replacement steroid doses \> 10 mg daily prednisone equivalent, are permitted in the absence of active autoimmune disease.
* 15\. Have active hepatitis B virus (HBV) or hepatitis C virus (HCV). In patients with a history of HBV or HCV, patients with detectable viral loads will be excluded.
* 16\. History of allergy or hypersensitivity to any of the study drug components
* 17\. Pleural or pericardial effusion, both will be considered indicative of metastatic disease unless proven otherwise. Patients with pleural effusion not visible on chest-X-ray or too small to perform diagnostic puncture safely may be included.
* 18\. Have known history of HIV-1 or 2 with detectable viral load OR taking medications that may interfere with SN-38 metabolism.
* 19.Severe infections within 4 weeks prior to be included in the study, including but not limited to hospitalization for complications of infection, bacteraemia, or severe pneumonia.
* 20.Patients with medical, mental, neurological or psychological condition which in the opinion of the investigator would not permit the patient to understand the patient information sheet or comply with study procedures.
* 21\. Clinically severe pulmonary compromise resulting from intercurrent pulmonary illnesses including, but not limited to, any underlying pulmonary disorder; any autoimmune, connective tissue, or inflammatory disorders with pulmonary involvement; or prior pneumonectomy.
* 22\. Treatment with systemic immunosuppressive medications
* 23.Patients with uncontrolled comorbidities that may affect the clinical trial compliance.
* 24.Sexually active men and women of childbearing potential who are not willing to use an effective contraceptive method during the study.",Fundación GECP,ClinicalTrials.gov,2024,"[""INTERVENTIONAL""]","[""Lung Diseases"", ""Carcinoma, Non-Small-Cell Lung"", ""Resectable Lung Non-Small Cell Carcinoma""]","[{""type"": ""DRUG"", ""name"": ""Zimberelimab""}, {""type"": ""DRUG"", ""name"": ""Sacituzumab govitecan""}, {""type"": ""DRUG"", ""name"": ""Cisplatin""}, {""type"": ""DRUG"", ""name"": ""Carboplatin""}]",RECRUITING,https://clinicaltrials.gov/study/NCT06431633
ClinicalTrials.gov,NCT04776447,,NCT04776447,,,,A Phase II Trial of Atezolizumab Plus Induction Chemotherapy (CT) Plus Chemo-radiotherapy and Atezolizumab Maintenance Therapy in Non-resectable Stage IIIA-IIIB Non-small Cell Lung Cancer (NSCLC) Patients,"Open-label, non-randomized, phase II multi-centre controlled clinical trial.

51 non-resectable stage IIIA-IIIB non-small cell lung cancer patients will be enrolled in this trial to evaluate the efficacy of the treatment (Atezolizumab + Induction chemotherapy (CT) + CT-Radiotherapy) in terms of the Progression Free Survival at 12 months This is an open-label, non-randomized, phase II multi-centre controlled clinical trial.The total sample size is 51 patients. The population to be included are non-resectable stage IIIA-IIIB non-small cell lung cancer patients.

Patients randomised will receive induction treatment (Atezolizumab 1200mg+ Carboplatin AUC5+Paclitaxel 200 mg/m2 for 3 cycles) and concurrent chemotherapy (CT) -radiotherapy treatment for 3 cycles. At the end of concurrent treatment Atezolizumab 1200mg maintenance treatment will start and will be administered for 12 months (16 cycles).

The primary objective is to assess the efficacy of the treatment (Atezolizumab + Induction chemotherapy (CT) + CT-Radiotherapy) in terms of the Progression Free Survival (PFS) at 12 months according to Response Evaluation Criteria in Solid Tumors (RECIST) Version 1.1.

PFS are defined as the time from inclusion until objective tumor progression or death.

Patient accrual is expected to be completed within 2 years, treatment is planned to extend during 1.5 years and the patients will be followed up for 2 years. The study will end once survival follow-up has concluded. Inclusion Criteria:

* Male or female, aged ≥ 18 years old and ≤ 75 years.
* ECOG Scale (Eastern Cooperative Oncology Group) of performance status of 0 or 1.
* Histologically or cytologically confirmed, non-resectable Stage IIIA-IIIB NSCLC according to the 8th version of the International Association for the Study of Lung Cancer Staging Manual in Thoracic Oncology.
* PET-CT (Positron Emission Tomography -Computed tomography) and brain computed tomography or Magnetic resonance imaging (MRI) at baseline to confirm the absence of distant disease.
* Mediastinal involvement could be considered without histological confirmation when no margin can be distinguished in the lymph node mass.
* No prior treatment with anti-neoplastic drugs or thoracic radiotherapy for Stage IIIA-IIIB NSCLC.
* Patients who have received prior neo-adjuvant, adjuvant chemotherapy with curative intent for non-metastatic disease must have experienced a treatment-free interval of at least 6 months from enrollment since the last chemotherapy.
* Presence of at least one measurable disease by CT-SCAN, as defined by RECIST v1.1.
* Adequate hematologic and organ function defined by the following laboratory results obtained within 14 days prior to enrollment:
* Neutrophils ≥ 1500 cells/μL without granulocyte colony-stimulating factor support.
* Lymphocyte count ≥ 500/μL.
* Platelet count ≥ 100,000/μL without transfusion.
* Haemoglobin ≥ 10.0 g/dL. Patients may be transfused to meet this criterion.
* INR or aPTT ≤ 1.5 × upper limit of normal (ULN). This applies only to patients who are not receiving therapeutic anticoagulation; patients receiving therapeutic anticoagulation should be on a stable dose.
* AST, ALT, and alkaline phosphatase ≤ 2.5 × ULN, with the following exceptions:
* Serum bilirubin ≤ 1.5 × ULN. Patients with known Gilbert disease who have serum bilirubin level ≤ 3 × ULN may be enrolled.
* Serum creatinine ≤ 1.5 × ULN or creatinine clearance of ≥60ml/min (based on the Cockcroft Gault formula).
* All patients are notified of the investigational nature of this study and signed a written informed consent in accordance with institutional and national guidelines, including the Declaration of Helsinki prior to any trial-related intervention.
* Adequate lung function: Forced Expiratory Volumen in 1 second (FEV1) \>50% of normal volume and Diffusion Capacity of the Lungs for Carbon Monoxide (DLCO) \>40% of normal value.
* No more than 35% of the total volume of the two lungs should receive more than 20 Gy (V20) or no more than 7cm maximum diameter.
* For female patients of childbearing potential, agreement (by patient and/or partner) to use a highly effective form(s) of contraception that results in a low failure rate (\< 1% per year) when used consistently and correctly, and to continue its use for 6 months after the last dose of trial treatment. Such methods include: combined (oestrogen and progesterone containing) hormonal contraception, progestogen-only hormonal contraception associated with inhibition of ovulation together with another additional barrier method always containing a spermicide, intrauterine device (IUD): intrauterine hormone-releasing system (IUS), bilateral tubal occlusion, vasectomised partner (on the understanding that this is the only one partner during the whole study duration), and sexual abstinence.
* For male patients with female partners of childbearing potential, agreement (by patient and/or partner) to use a highly effective form(s) of contraception that results in a low failure rate \[\< 1% per year\] when used consistently and correctly, and to continue its use for 6 months after the last dose of trial treatment. Male patients should not donate sperm during this study and for at least 6 months after the last dose of trial treatment.
* Oral contraception should always be combined with an additional contraceptive method because of a potential interaction with the study drugs. The same rules are valid for male patients involved in this clinical study if they have a partner of childbirth potential. Male patients must always use a condom.
* Women who are not postmenopausal (≥ 12 months of non-therapy-induced amenorrhea) or surgically sterile must have a negative serum pregnancy test result within 8 days prior to initiation of study drug.

Exclusion Criteria:

* Patients with known sensitizing mutation or an amplification in the epidermal growth factor receptor (EGFR) gene, ALK fusion oncogene.
* Known STK-11 ligand alterations, MDM2 amplifications or ROS1 translocations.
* Weight loss \>10% within the previous 3 months.
* Malignant pleural effusion or pericardial effusion: both will be considered as suggestive of metastatic disease. Also excluded those with negative cytology but being exudates.
* Patients with non-visible by thoracic X-Ray pleural effusion or too small to be safely punctioned could be included.
* Malignancies other than NSCLC within 3 years prior to enrollment, with the exception of those with a negligible risk of metastasis or death (e.g., expected 3-year OS \> 90%) treated with expected curative outcome (such as adequately treated carcinoma in situ of the cervix, basal or squamous-cell skin cancer, localized prostate cancer treated with radiotherapy or surgically with curative intent, ductal carcinoma in situ treated surgically with curative intent).
* Women who are pregnant, lactating, or intending to become pregnant during the study.
* Known hypersensitivity or allergy to biopharmaceuticals produced in Chinese hamster ovary cells or any component of the Atezolizumab formulation.
* History of autoimmune disease.
* History of idiopathic pulmonary fibrosis, organizing pneumonia (e.g., bronchiolitis obliterans), drug-induced pneumonitis, idiopathic pneumonitis, or evidence of active pneumonitis on screening chest CT scan.
* Positive test for human immunodeficiency viruses (HIV). All patients will be tested for HIV prior to inclusion into the study; patients who test positive for HIV will be excluded from the clinical study.
* Patients with active hepatitis B (chronic or acute; defined as having a positive hepatitis B surface antigen \[HBsAg\] test at screening) or hepatitis C.
* Patients with past hepatitis B virus (HBV) infection or resolved HBV infection (defined as the presence of hepatitis B core antibody \[HBcAb\] and absence of HBsAg) are eligible only if they are negative for HBV DNA (vaccinated patients are excluded).
* Patients positive for hepatitis C virus (HCV) antibody are eligible only if PCR is negative for HCV RNA.
* Active tuberculosis.
* Symptomatic neuropathy (sensory) grade \> 1 according to the NCI Common Toxicity Criteria for Adverse Events v5.0
* Severe infections within 4 weeks prior to be included in the study, including but not limited to hospitalization for complications of infection, bacteraemia, or severe pneumonia.
* Received therapeutic oral or IV antibiotics within 2 weeks prior to be included in the study.
* Patients receiving prophylactic antibiotics (e.g., for prevention of a urinary tract infection or to prevent chronic obstructive pulmonary disease exacerbation) are eligible.
* Significant cardiovascular disease, such as New York Heart Association cardiac disease (Class II or greater), myocardial infarction, or cerebrovascular accident within 3 months prior to inclusion, unstable arrhythmias, or unstable angina.
* Patients with known coronary artery disease, congestive heart failure not meeting the above criteria, or left ventricular ejection fraction \< 50% must be on a stable medical regimen that is optimized in the opinion of the treating physician, in consultation with a cardiologist if appropriate.
* Patients with a superior vena cava syndrome.
* Major surgical procedure other than for diagnosis within 28 days prior to inclusion or anticipation of need for a major surgical procedure during the course of the study.
* Prior allogeneic bone marrow transplantation or solid organ transplant.
* Administration of a live, attenuated vaccine within 4 weeks before inclusion or anticipation that such a live attenuated vaccine will be required during the study.
* Any other diseases, metabolic dysfunction, physical examination finding, or clinical laboratory finding giving reasonable suspicion of a disease or condition that contraindicates the use of an investigational drug or that may affect the interpretation of the results or renders the patient at high risk from treatment complications.
* Patients with illnesses or conditions that interfere with their capacity to understand follow and/or comply with study procedures.
* Treatment with any other investigational agent with therapeutic intent within 28 days prior to initiation of study treatment.
* Treatment with systemic immunosuppressive medications (including but not limited to corticosteroids, cyclophosphamide, azathioprine, methotrexate, thalidomide, and anti-tumor necrosis factor \[anti-TNF\] agents) within 2 weeks prior to inclusion.",Fundación GECP,ClinicalTrials.gov,2021,"[""INTERVENTIONAL""]","[""Lung Diseases"", ""Carcinoma, Non-Small-Cell Lung"", ""Stage IIIA Non-small Cell Lung Cancer"", ""Stage IIIB Non-small Cell Lung Cancer"", ""Respiratory Tract Neoplasms"", ""Carcinoma Bronchiogenic Stage III"", ""Thoracic Neoplasms""]","[{""type"": ""DRUG"", ""name"": ""Carboplatin""}, {""type"": ""DRUG"", ""name"": ""Placlitaxel""}, {""type"": ""DRUG"", ""name"": ""Atezolizumab""}]",COMPLETED,https://clinicaltrials.gov/study/NCT04776447
ClinicalTrials.gov,NCT06951399,,NCT06951399,,,,T-Cell Repertoire Sequencing: Assessing Pembrolizumab Efficacy in Advanced Non-Small Lung Cancer,"This study includes patients with advanced non-small cell lung cancer (NSCLC) - either unresectable stage III or stage IV adenocarcinoma without actionable driver mutations - who are treated with pembrolizumab in combination with platinum-based doublet chemotherapy, irrespective of PD-L1 expression levels.

The primary objective is to assess treatment response through integration of serial T-cell receptor (TCR) repertoire sequencing (Rep-seq), capturing longitudinal changes in T-cell clonality and diversity. These immune dynamics will be correlated with radiographic response assessed by RECIST 1.1, with the aim of improving the accuracy of response classification, including differentiation between progression, pseudo-progression, and hyperprogression.

Additionally, circulating tumor DNA (ctDNA) levels will be measured longitudinally (pre-treatment and during treatment) to evaluate their potential as a complementary biomarker of disease burden and treatment efficacy in the context of chemo-immunotherapy. Inclusion Criteria:

* Histologically confirmed diagnosis of NSCLC adenocarcinoma stage IV or unresectable stage III.
* Have measurable disease based on RECIST 1.1.
* Eastern Cooperative Oncology Group (ECOG) performance status of 0 to 1.
* Adequate organ function.

Exclusion Criteria:

* Aberration in one or more of molecular drivers.
* Has received prior systemic anti-cancer therapy prior to allocation.
* Known active CNS metastases and/or carcinomatous meningitis.
* Known additional malignancy.",Rabin Medical Center,ClinicalTrials.gov,2025,"[""INTERVENTIONAL""]","[""NSCLC (Advanced Non-small Cell Lung Cancer)"", ""NSCLC Stage IV Without EGFR/ALK Mutation"", ""NSCLC Adenocarcinoma""]","[{""type"": ""DRUG"", ""name"": ""Pembrolizumab (KEYTRUDA®)""}]",NOT_YET_RECRUITING,https://clinicaltrials.gov/study/NCT06951399
ClinicalTrials.gov,NCT06146920,,NCT06146920,,,,Pilot Study Evaluation the Use of Serial Plasma Next-generation Sequencing (NGS) as a New Efficacy Metric to Guide Immunotherapy Treatment Discontinuation,"The goal of this prospective study to investigate the use of circulating tumor DNA (ctDNA) to guide end of therapy decisions in patients with melanoma or non-small-cell lung cancer.

The main question it aims to answer is:

• Do patients with metastatic melanoma or non-small-cell lung cancer, who have received at least 12 months of immune checkpoint inhibition (monotherapy or in combination) with evidence of disease response/control on imaging and have no evidence of circulating tumor DNA, have an increased 12-month disease free survival in comparison to historical controls? This is a prospective study using Simon's two stage design to investigate the use of ctDNA to guide end of therapy decisions. Approximately 39 patients with an established diagnosis of metastatic melanoma or NSCLC with evidence of disease control (SD, PR, or CR) will be enrolled in the study.

Patients that sign a pre-screening consent will have archival tumor tissue sent to Foundation Medicine for generation of the F1CDx. Patients may begin screening after 10 months of an ICI containing regimen with plan to complete at least 1 year of systemic therapy. After successful generation of F1CDx whole blood will be collected and analyzed for plasma ctDNA measurement.

Eligible patients for enrollment are ctDNA negative and have received at least 12 months but no more than 18moths of ICI. Eligible patients will be offered to consent to the main study and have standard of care imaging as well as blood draws for ctDNA assessment at screening, 1 month, 2 month, 3 months, 6 months, 9 months, and 12 month/end of study. Inclusion Criteria:

* Adult patients age \> 18) with unresectable, metastatic melanoma (cutaneous, acral, mucosal) or NSCLC who have evidence of disease control after at least 12 months of ICI based therapy (pembrolizumab, nivolumab, nivolumab-relatimab, ipilimumab/nivolumab, atezolizumab, ipilimumab, durvalumab, cemiplimab) with or without chemotherapy in the case of NSCLC. Any line of therapy is permitted with the exception of adjuvant therapy
* Participants must be actively receiving standard of care ICI-based therapy (ICI monotherapy or in combination)
* At time of enrollment patients must have received at least 12months (+/- 4 weeks) from the start of anti-PD-1 therapy and have not experienced a toxicity that prevented them from continuing therapy.
* Participants must have evidence of disease control (stable disease, partial response, or complete response) that is maintained on restaging CT scans or PET CT scans obtained at 12 months (+/- 4 weeks) from the start of initial ICI therapy
* Prior radiation to any site is allowed
* Available tumor tissue (archival) for baseline tissue testing with FoundationOne CDx or previous FoundationOne CDx testing results (within 2 years and prior test results must be after June 30, 2021)
* Life expectancy of greater than 3 months
* Participants with a prior malignancy whose natural history or treatment does not have the potential to interfere with the safety or efficacy assessment are eligible for this trial.
* Ability to understand and the willingness to sign a written informed consent document.

Exclusion Criteria:

* Participants with clinical or radiographic evidence of progressive disease in the 3 months prior to consideration of screening and enrollment
* Participants who are receiving an investigational agent (s)
* Participants who have had ICI discontinued due an immune-related adverse event.
* Patients with a history of an irAE but resumed ICI therapy and are receiving ICI at the time of screening are eligible to enroll.
* Participants on \> 10mg of oral prednisone or its equivalent for treatment of ongoing immune-related toxicity.
* Participants who have not recovered from adverse events due to prior anti-cancer therapy (i.e., have residual toxicities \> Grade 1) with the exception of alopecia, endocrine toxicity requiring chronic supplementation
* Participants with a concurrent, active malignancy
* Participants in whom F1CDx generation fails
* Participants without available tumor tissue for F1CDx test result or prior F1CDx",Massachusetts General Hospital,ClinicalTrials.gov,2023,"[""INTERVENTIONAL""]","[""Melanoma"", ""Non-small Cell Lung Cancer""]","[{""type"": ""OTHER"", ""name"": ""Evaluation of ctDNA using the F1T after 1 year of immunotherapy""}]",ACTIVE_NOT_RECRUITING,https://clinicaltrials.gov/study/NCT06146920
ClinicalTrials.gov,NCT03827850,,NCT03827850,,,,A Phase II Trial to Evaluate Efficacy and Safety of Erdafitinib in Patients With Advanced Non Small Cell Lung Carcinoma (NSCLC) Harboring Fibroblast Growth Factor Receptor (FGFR) Genetic Alterations After Relapse of Standard Therapy.,"In the FIND trial, Non Small Cell Lung Carcinoma (NSCLC) patients with Fibroblast Growth Factor Receptor (FGFR) genetic alteration will be treated with the selective FGFR1-4 inhibitor erdafitinib. Archival samples, fresh frozen tumor samples and blood for circulating tumor DNA (ctDNA) will be collected before treatment. Patients will be treated until disease progression or unacceptable toxicity. In case of progression, fresh frozen tumor biopsies and ctDNA analyses will be performed to assess resistance mechanisms. The primary objective of the trial is to analyze the efficacy of erdafitinib in NSCLC patients with FGFR genetic alterations. NSCLC patient number will be based on a statistical hypothesis aiming at increasing the response rate comparing to chemotherapy/immunotherapy after standard treatment. Downstream signaling of fibroblast growth factor receptors 1-4 (FGFR 1-4) regulates cell proliferation, migration, differentiation and survival in healthy cells. Genetic alterations (amplifications, point-mutations and translocations) in FGFR1-4 genes cause altered signaling and oncogenic transformation. FGFR-alterations with sensitivity to kinase inhibition have been identified in a variety of tumors such as breast-, bladder- and endometrial-cancer, squamous cell lung and head and neck cancer, cholangiocarcinoma and glioblastoma.

First-in-man/phase-I clinical trials with erdafitinib and BGJ398 - both selective FGFR inhibitors - enrolled patients with any genetic alterations in FGFR. The trials showed clinical responses with differences according to the type of FGFR alterations and histological subtypes. In the BGJ398 trial, the partial response rate was 11% (4/36) in patients with FGFR1 amplified squamous NSCLC (sqNSCLC) and 38% (3/8) in patients with FGFR3-mutant bladder cancer. No PR was observed in patients with FGFR1/2 amplified (n=25) and FGFR3 mutant (n=1) breast cancer. All patients with FGFR2-translocated (n=2) and FGFR2-mutated cholangiocarcinoma (n=1) showed reduced tumor burden of 20% and 10%, respectively. In the erdafitinib trial, 5 partial responses were seen in FGFR translocated tumors: 3/8 (37.5%) patients with urothelial carcinoma, 1/3 (33%) patients with glioblastoma and 1 patient with endometrial cancer reached PR. Summing up the results of the phase-I trials, the inhibition of FGFR downstream pathways in FGFR translocated and mutated solid tumors exerted clinical activity. Thus, focusing treatment with FGFR inhibitors on FGFR mutated and translocated solid tumors may increase response rates, progression free and overall survival in these tumors with otherwise adverse prognosis.

In NSCLC patients without druggable alterations in genes as EGFR, ALK or ROS1 and without high PD-L1 (Programmed cell death 1 ligand 1) expression, prognosis remains adverse with a median survival time of about 18 months. Particularly in sqNSCLC, only few driver mutations have been identified yet. Of these, solely mutations of the KRAS gene (although observed at low frequency in sqNSCLC) were explored in large clinical studies targeting KRAS downstream signaling with no survival benefit comparing to chemotherapy. Immunotherapy with PD-1 antibodies such as nivolumab and pembrolizumab showed benefit in patients with high PD-L1 expression mainly.

The frequency of somatic FGFR1-3 mutations in lung cancer is about 4% (Helsten et al., 2016). Translocations occur with a similar frequency of about 4% in lung cancer. Multiple of these FGFR alterations are shown to have oncogenic potential as demonstrated in multiple in vitro, in vivo and first-in-man studies.

Preclinical models in NSCLC cell lines and xenografts showed oncogenic activity of FGFR2/3 mutations with consecutive sensitivity to FGFR inhibitors. Similarly, FGFR3-TACC translocation exerted kinase activation in sqNSCLC cell lines and other tumor types. Furthermore, patient derived FGFR3-fusion lung xenograft model showed responses to FGFR targeted treatment.

In summary, on the basis of genetically and phenotypically validated cell-line panels, in vivo and particularly on the basis of clinical data, there is strong evidence for a clinical benefit from FGFR inhibition for patients with FGFR altered NSCLC.

The primary objective of the trial is to analyze the efficacy of erdafitinib in NSCLC patients with FGFR genetic alterations. NSCLC patient number will be based on a statistical hypothesis aiming at increasing the response rate comparing to chemotherapy/immunotherapy after standard treatment. Inclusion Criteria:

* Age \> 18 years
* Stage IIIB/IV NSCLC patients with activating FGFR alteration after the failure on any prior line of standard treatment, or in the opinion of the investigator no effective standard therapy exists, is appropriate, tolerated or is considered equivalent to study treatment
* Activating FGFR alteration as approved by FIND Molecular Board
* Must sign an informed consent form (ICF) (or their legally acceptable representative must sign) indicating that he or she understands the purpose of, and procedures required for, the study and is willing to participate in the study.
* ECOG performance status score 0, 1, or 2.
* Clinical laboratory values and cardiovascular measurements at screening as defined in protocol
* Disease measurable per Response Evaluation Criteria in Solid Tumors (RECIST 1.1) for cohort 1 and 2. or evaluable disease.
* A woman of childbearing potential who is sexually active must have a negative pregnancy test (human chorionic gonadotropin \[hCG\]) at Screening (urine or serum, minimum sensitivity 25 IU/L or equivalent units of b-HCG) within 24 hours prior to the start of erdafitinib
* Women of childbearing potential (WOCBP) and men who are sexually active with WOCBP must use appropriate method(s) of contraception with a failure rate of less than 1% per year before study entry, during the study and until 5 months after taking the last dose of study drug. And other Criteria

Exclusion Criteria:

* Pathogenic somatic alterations in the following genes: EGFR, BRAF, ALK, ROS1 and NTRK (Please note that molecular testing might be reduced in heavy smokers with NSCLC)
* Treatment with any other investigational agent or participation in another clinical trial with therapeutic intent within 28 days prior to recruitment
* Treatment with small molecules or chemotherapy within 7 days prior C1D1
* Treatment with monoclonal antibodies within 28 days prior C1D1 if related to the underlying malignancy
* Any other history of ongoing malignancy that would potentially interfere with the interpretation of erdafitinib efficacy
* Symptomatic central nervous system metastases.
* Received prior FGFR inhibitor treatment or if the patient has known allergies, hypersensitivity, or intolerance to erdafitinib or its excipients
* Any corneal or retinal abnormality likely to increase the risk of eye toxicity, i.e.:
* History of or current evidence of CeSR or retinal vascular occlusion (RVO)
* Active wet, age-related macular degeneration (AMD)
* Diabetic retinopathy with macular edema (non-proliferative)
* Uncontrolled glaucoma (per local standard of care)
* Corneal pathology such as keratitis, keratoconjunctivitis, keratopathy, corneal abrasion, inflammation or ulceration.
* Has persistent phosphate level \>ULN during screening (on 2 consecutive assessments at least 1 week apart, within 14 days prior to Cycle 1 Day 1) and despite medical management
* Has a history of or current uncontrolled cardiovascular disease as defined in protocol
* Known human immunodeficiency virus (HIV) infection, testing is mandatory (a-HIV 1/2)
* Patients with acute or chronic Hepatitis B infection (tests should include assessment of HBsAg and HBc IgG antibody. If one parameter is positive, determine HBV-DNA to confirm acute infection. Patients with positive results for HBsAg and/or HBV-DNA are considered positive for acute or chronic infection.
* Patients with acute or chronic Hepatitis C infection (determine HCV-RNA. Patients with positive result for HCV-RNA are considered positive for acute or chronic infection).
* Has not recovered from reversible toxicity of prior anticancer therapy (except toxicities which are not clinically significant such as alopecia, skin discoloration, Grade 1 neuropathy, Grade 1-2 hearing loss)
* Has impaired wound healing capacity defined as skin/decubitus ulcers, chronic leg ulcers, known gastric ulcers, or unhealed incisions
* Major surgery within 2 weeks of the first dose, or will not have fully recovered from surgery, or has surgery planned during the time the patient is expected to participate in the study or within 2 weeks after the last dose of study drug administration. (patients with planned surgical procedures to be conducted under local anesthesia may participate).
* Any serious underlying medical condition, such as:

  * Evidence of serious active viral, bacterial, or uncontrolled systemic fungal infection requiring current systemic treatment
  * Psychiatric conditions (eg, alcohol or drug abuse), dementia, or altered mental status",Lung Cancer Group Cologne,ClinicalTrials.gov,2019,"[""INTERVENTIONAL""]","[""Lung Cancer"", ""NSCLC"", ""Pulmonary Neoplasm"", ""Squamous Cell Lung Cancer"", ""NSCLC Stage IV""]","[{""type"": ""DRUG"", ""name"": ""ERDAFITINIB""}]",TERMINATED,https://clinicaltrials.gov/study/NCT03827850
ClinicalTrials.gov,NCT06434740,,NCT06434740,,,,The Efficacy and Safety of Stereotactic Radiotherapy Combined With Puterizumab in Non Small Cell Lung Cancer With Intrapulmonary Metastasis：A Phase II Prospective Single Arm Clinical Study,"This study aims to evaluate the efficacy and safety of SBRT combined with Puterizumab immunotherapy for non-small cell lung cancer with pulmonary metastases, and to determine the correlation between MRD and treatment efficacy. Through single-cell sequencing and spatial transcriptome information analysis, the underlying mechanisms will be analyzed to provide a basis for improving the new precision treatment methods for tumor immunotherapy resistance. Inclusion Criteria:

1. age≥18
2. Non small cell lung cancer patients who have experienced pulmonary metastasis after PD-1 immunotherapy in the past
3. Voluntarily participate in this study and sign an informed consent form
4. The presence of evaluable size and number of pulmonary metastases on chest CT
5. There are indications for lung puncture biopsy
6. General physical condition (ECOG) 0-1
7. The laboratory test meets the following standards: white blood cell count\>3.5 × 109/L, absolute value of neutrophils\>1.8 × 109/L, platelet count ≥ 75 × 109/L, hemoglobin ≥ 100g/L; NR ≤ 1.5, and APTT ≤ 1.5 times the upper limit of normal value or partial prothrombin time (PT) ≤ 1.5 times the upper limit of normal value; Total bilirubin ≤ 1.25 times the upper limit of normal value; ALT and AST\<5 times the upper limit of normal values; 24-hour creatinine clearance rate\>50mL/min or blood creatinine\<1.5 times the upper limit of normal value.

Exclusion Criteria:

1. Unable to tolerate or refuse further immunotherapy
2. Vulnerable groups, including individuals with mental illness, cognitive impairment, critically ill patients, minors, pregnant women, illiteracy, etc",Sir Run Run Shaw Hospital,ClinicalTrials.gov,2024,"[""INTERVENTIONAL""]","[""Non-Small-Cell Lung Cancer""]","[{""type"": ""RADIATION"", ""name"": ""Stereotactic Body Radiation Therapy，SBRT""}, {""type"": ""DRUG"", ""name"": ""Puterizumab""}]",NOT_YET_RECRUITING,https://clinicaltrials.gov/study/NCT06434740
ClinicalTrials.gov,NCT07035860,,NCT07035860,,,,Efficacy and Safety of Induction Chemoimmunotherapy Followed by Carbon Ion Radiotherapy and Consolidation Immunotherapy in Unresectable Locally Advanced Non-small Cell Lung Cancer,"This is the first prospective clinical study to evaluate the efficacy and safety of induction chemoimmunotherapy followed by carbon ion radiotherapy and consolidation immunotherapy in patients with unresectable locally advanced non-small cell lung cancer (NSCLC). Based on this prospective study, tumor tissue, blood, urine, and stool samples from participants will be collected and analyzed to identify predictive markers of treatment response. All patients had a pathologically confirmed locally advanced NSCLC according to the 8th AJCC staging system would receive platinum-based doublet chemotherapy and immunotherapy, followed by carbon iron radiotherapy and immunotherapy. The concrete immune checkpoint inhibitor includes durvalumab, sugemalimab, atezolizumab, benmelstobart, pembrolizumab, camrelizumab, toripalimab, tislelizumab, sintilimab, nivolumab, serplulimab, or penpulimab. Inclusion Criteria:

* Unresectable, locally advanced non-small cell lung cancer (according to the 8th edition of the AJCC staging system).
* No prior anti-cancer treatment.
* No significant internal medical conditions or major organ dysfunction.

Exclusion Criteria:

* Histological evidence of small cell lung cancer or other primary malignancies
* EGFR, ALK, or ROS-1 gene mutations.
* Active or prior autoimmune/inflammatory disorders.
* Inability to comply with study protocol as judged by the investigator.",Zhejiang Cancer Hospital,ClinicalTrials.gov,2025,"[""OBSERVATIONAL""]","[""Carbon Ion Radiotheray""]","[{""type"": ""RADIATION"", ""name"": ""Carbon ion radiotherapy""}, {""type"": ""DRUG"", ""name"": ""Chemotherapy""}, {""type"": ""DRUG"", ""name"": ""Immunotherapy""}]",NOT_YET_RECRUITING,https://clinicaltrials.gov/study/NCT07035860
ClinicalTrials.gov,NCT05782361,,NCT05782361,,,,A Proof-of-concept Trial With Safety Run of Tepotinib and Pembrolizumab in NSCLC Patients With and Without MET Exon 14 Mutations (POTENT),"This clinical study is looking at the combination of two experimental drugs called tepotinib and pembrolizumab. Pembrolizumab, also known as Keytruda, is licenced and available by prescription to treat a variety of cancers. Tepotinib is currently licensed in the UK for use in non-small cell lung cancer (NCSLC) and is being investigated for this purpose.

Cancer immunotherapy drugs hold great promise but still do not work for many patients. Laboratory studies on cancers that do not respond well to immunotherapy reveal that most of these tumours do not have any immune cells. This suggests that the cancer has successfully hidden itself and avoided being recognised by the immune system. This study aims to use a novel approach using a targeted drug, tepotinib, to target the gene involved with NSCLC.

Tepotinib is a type of drug called a kinase inhibitor. Kinase inhibitors are a newer type of drug being used to try to treat cancers. They act by blocking some of the chemical messengers that are part of the signalling process within cancer cells that control their growth. Tepotinib is used in adults to treat NSCLC that can have certain abnormal changes in the mesenchymal-epithelial transition factor gene (MET) and which has spread and/or cannot be removed by surgery. The changes in the MET gene can make an abnormal protein which can lead to uncontrolled cell growth and cancer. By blocking this abnormal protein, tepotinib may slow or stop the cancer from growing as well as potentially shrinking the cancer. This study will include patients with and without the MET exon 14 mutations.

In this clinical study, the investigators aim to test our ideas in a small number of people for the first time, specifically in those patients with cancers which do not respond to cancer immunotherapy. Inclusion criteria:

1\. Male or female patients aged 18 or over; 2. Non-small cell lung cancer histologically confirmed; 3.

Part A:

Either

a) Exon 14 MET mutation (on tissue or ctDNA testing); b) Patients have not received prior immunotherapy; c) Patients who have received previous MET inhibitor therapy must have PD-L1 TPS≥50% (not required in those naïve to MET inhibitors).

Or a) Patient has received at least one line of systemic anticancer therapy for metastatic disease; b) Patient has received at least two cycles of immune checkpoint inhibitor and has demonstrated disease progression within 12 weeks of last dose.

4\.

Part B:

Cohort 1

a) Exon 14 MET mutation (on tissue or ctDNA testing); b) Patients have not received prior immunotherapy; c) Patients who have received previous MET inhibitor therapy must have PD-L1 TPS≥50% (not required in those naïve to MET inhibitors).

5\. Measurable disease as assessed by iRECIST 6. Life expectancy of at least 12 weeks. 7. World Health Organisation (WHO) performance status of 0 or 1(Appendix 1). 8. Haematological and biochemical indices within the ranges shown below. These measurements must be performed within one week (Day -7 to Day 1) prior to the patient's first dose of IMP.

Haemoglobin (Hb) ≥ 9.0 g/dL Absolute neutrophil count ≥ 1.5 x 109/L Platelet count ≥ 100 x 109/L Serum bilirubin ≤ 1.5 x upper limit of normal (ULN) Alanine aminotransferase (ALT) and aspartate aminotransferase (AST) ≤ 2.5 x (ULN) unless raised due to tumour in which case up to 5 x ULN is permissible Renal function

Either:

Serum creatinine ≤ 1.5 x upper limit of normal (ULN); Or GFR ≥ 50 mL/min (uncorrected value) Calculated creatinine clearance (using the Wright, Cockcroft \& Gault formula) Coagulation INR \< 1.5 APTT \<1.5x ULN Unless participant is receiving anticoagulant therapy as long as PT or aPTT is within therapeutic range of intended use of anticoagulants

9\. Written (signed and dated) study informed consent and be capable of co-operating with treatment and follow-up. If patient does not comply with study procedures such that safety of the trial is affected then they will be withdrawn from the study.

10\. Female patients with reproductive potential must have a negative urine or serum pregnancy test performed within 7-days prior to start of trial.

Exclusion Criteria:

1\. Endocrine therapy, immunotherapy or chemotherapy during the previous four weeks (six weeks for nitrosoureas, Mitomycin-C) and four weeks for investigational medicinal products), except for bisphosphonates or RANK ligand antagonists that are permitted for the management of bone metastases. Radiotherapy at radical doses within 6 months and at palliative doses within 2 weeks. Patients already receiving tepotinib prior to trial are not required to cease tepotinib prior to trial entry.

2\. Ongoing Grade 2 or greater toxicities of previous treatments. Exceptions to this are alopecia and ongoing anticoagulation therapy due to prior thromboembolic episodes.

3\. History of ILD or interstitial pneumonitis requiring steroid administration. 4. Ability to become pregnant (or already pregnant or lactating). However, those female patients who have a negative serum or urine pregnancy test before enrolment and agree to use two highly effective forms of contraception (oral, injected or implanted hormonal contraception and condom, have an intra-uterine device and condom) for four weeks before entering the trial, during the trial and for six months afterwards are considered eligible.

5\. Male patients with partners of child-bearing potential (unless they agree to take measures not to father children by using a barrier method of contraception \[condom plus spermicide\] or to sexual abstinence effective from the first administration of IMP throughout the trial and for six months afterwards. Men with partners of child-bearing potential must also be willing to ensure that their partner uses an effective method of contraception for the same duration for example, hormonal contraception, intrauterine device, diaphragm with spermicidal gel or sexual abstinence). Men with pregnant or lactating partners must be advised to use barrier method contraception (for example, condom plus spermicidal gel) to prevent exposure of the foetus or neonate.

NB. Abstinence is only considered to be an acceptable method of contraception when this is in line with the preferred and usual lifestyle of the subject. Periodic abstinence (e.g., calendar, ovulation, symptothermal, post-ovulation methods) and withdrawal are not acceptable methods of contraception.

6\.

Known untreated or active central nervous system (CNS) metastases (progressing or requiring corticosteroids for symptomatic control). Patients with a history of treated CNS metastases are eligible, provided they meet all of the following criteria:

* Evaluable or measurable disease outside the CNS is present.
* Radiographic stability upon the completion of CNS-directed therapy and no evidence of interim progression between the completion of CNS-directed therapy and the baseline disease assessment
* Not requiring corticosteroids. 7. Major surgery within four weeks of the first dose of study treatment. 8. At high medical risk because of non-malignant systemic disease including active uncontrolled infection.

Known to be serologically positive for hepatitis B, hepatitis C or human immunodeficiency virus (HIV).

10\. Has a diagnosis of immunodeficiency or is receiving systemic steroid therapy or any other form of immunosuppressive therapy within 14 days prior to the first dose of trial treatment.

11\. Has an active autoimmune disease that has required systemic treatment in past 3 months (i.e. with use of disease modifying agents, corticosteroids or immunosuppressive drugs). Replacement therapy (e.g., thyroxine, insulin, or physiologic corticosteroid replacement therapy for adrenal or pituitary insufficiency, etc.) is not considered a form of systemic treatment. Patients with a history of inflammatory bowel diseases such as Crohn's disease or ulcerative colitis will be excluded from the study. Patients with Sjogren's syndrome will not be excluded from the study. In addition, patients that experienced a Grade 2 or higher immune-related AEs on treatment with immunotherapy will be excluded from the study. Patients with inactive autoimmune disease which has previously required systemic therapy, may be considered on a case-by-case basis after discussion with the chief investigator.

12\. Has a known history of severe allergic anaphylactic reactions to chimeric, human or humanized antibodies, or fusion proteins.

13\. Has received a live vaccine within 30 days of planned start of study therapy. Note: The killed virus vaccines used for seasonal influenza vaccines for injection are allowed; however intranasal influenza vaccines (e.g. FluMist®) are live attenuated vaccines and are not allowed.

14\. Has experienced hypersensitivity to tepotinib, pembrolizumab or any of their excipients.

15\.

Any of the following cardiac criteria:

* Mean resting corrected QT interval (QTc) \> 470 msec obtained from 3 consecutive electrocardiograms (ECGs) within 5 minutes of each other. Known congenital QT syndrome or history of torsades de pointes.
* Any clinically significant abnormalities in rhythm, conduction or morphology of resting ECG, e.g. complete left bundle branch block, third degree heart block. Controlled atrial fibrillation is allowed.
* Experience of any of the following procedures or conditions in the preceding 6 months: coronary artery bypass graft, angioplasty, vascular stent, myocardial infarction, angina pectoris, congestive heart failure New York Heart Association \[NYHA Grade 2 or above\], severe valvular disease, uncontrolled hypertension despite optimal therapy.

Prior bone marrow transplant or have had extensive radiotherapy to greater than 25% of bone marrow within eight weeks.

17\. Current malignancies of other types, with the exception of adequately treated cone biopsied in situ carcinoma of the cervix uteri and basal or squamous cell carcinoma of the skin. An exception to this criteria are cancer survivors, who have undergone potentially curative therapy for a prior malignancy, have no evidence of that disease for three years or more and are deemed at negligible risk for recurrence, are eligible for the trial.

18\. Is a participant or plans to participate in another interventional clinical trial, whilst taking part in this Phase I study. Participation in an observational trial would be acceptable.

19\. Any other condition which in the Investigator's opinion would not make the patient a good candidate for the clinical trial.

20\. Symptoms of active COVID-19 and/or documented active COVID-19 infection at the time of screening.","Institute of Cancer Research, United Kingdom",ClinicalTrials.gov,2023,"[""INTERVENTIONAL""]","[""Advanced Cancer"", ""Non Small Cell Lung Cancer""]","[{""type"": ""DRUG"", ""name"": ""Tepotinib""}, {""type"": ""DRUG"", ""name"": ""Pembrolizumab""}]",ACTIVE_NOT_RECRUITING,https://clinicaltrials.gov/study/NCT05782361
ClinicalTrials.gov,NCT06221462,,NCT06221462,,,,"Neoadjuvant Sintilimab Plus Anlotinib Therapy in IB-IIIB Resectable Non-small Cell Lung Cancer (PRIORITY): a Prospective Single Center, Open Label, Phase II Study","This is a prospective single-center, open-label, phase II study evaluating the efficacy of sintilimab plus anlotinib as a neoadjuvant regimen in the treatment of IB-IIIB resectable non-small cell lung cancer. Inclusion Criteria:

1. Providing written informed consent prior to initiating the study.
2. Regardless of sex, aged ≥18 years and ≤75 years.
3. Histologically confirmed NSCLC.
4. At least one radiologically measureable lesion according to response evaluation criteria in solid tumors version 1.1(RECIST V1.1).
5. Treatment-naïve IB-IIIB resectable NSCLC (American Joint Committee on Cancer 8th tumor-node-metastasis classification).
6. Epidermal growth factor receptor(EFGR)/anaplastic lymphoma kinase(ALK)/ROS proto-oncogene 1(ROS1) wild type NSCLC.
7. Absence of bleeding risk.
8. Consent to surgical treatment.
9. Indication for surgery confirmed by surgeons.
10. Eastern Cooperative Oncology Group (ECOG) performance status 0-1.
11. Expected survival time more than 6 months.
12. Sufficient organ reserve, detailed as follows:(1) the absolute neutrophil count ≥1.5×109/L without the use of granulocyte colony-stimulating factor for the past 14 days prior to the first dose of study drugs;(2) platelet count ≥100×109/L without blood transfusion within the 2 weeks before the enrollment;(3) hemoglobin \>9g/dL without recent usage of blood transfusion 14 days prior to the study;(4) total bilirubin ≤ 1.5 fold the upper limit of normal (ULN), or total bilirubin \>1.5 fold ULN but direct bilirubin ≤ 1 fold ULN;(5) aspartate aminotransferase (AST) and alanine aminotransferase (ALT) ≤2.5×ULN;(6) blood creatinine ≤ 1.5 fold ULN and creatinine clearance (calculated by the Cockcroft-Gault formula) ≥ 60ml/min;(7) adequate coagulation function, defined by international normalized ratio (INR) or prothrombin time(PT) less than 1.5 fold ULN;(8) normal thyroid function defined by the normal range of thyroid-stimulating hormone (TSH); otherwise, abnormal level of TSH with normal range of T3(or Ft3) and Ft4;(8) cardiac enzyme profile within the normal limits (merely laboratory abnormity without clinical significance based on investigator's decision is allowed)
13. For female participants of childbearing age, a urine or serum pregnancy test should be performed within 3 days before receiving the first dose of the study drugs, and the result must be negative. If the urine pregnancy test result is inconclusive, a blood pregnancy test is warranted. Postmenopausal women are defined as those who have been without menstruation for at least 1 year, or have undergone surgical sterilization or hysterectomy.
14. In the presence of pregnancy risk, all participants (both male and female) are required to use contraceptive measures with an annual failure rate of less than 1% throughout the entire treatment period up to 120 days following the last dose of the study drugs.

Exclusion Criteria:

Exclusion criteria as follows：

1. Other malignancy rather than NSCLC diagnosed within 5 years prior to the first dose of the study given, except for definitively treated basal cell carcinoma, squamous cell carcinoma of the skin, and/or in situ carcinoma.
2. Enrolled in an ongoing interventional clinical trial, or receiving other study drugs or study medical devices within 4 weeks prior to the first dose of this study drugs.
3. A history of receiving the following therapies: anti-programmed cell death-1 (anti-PD-1), anti-programmed cell death ligand-1 (anti-PD-L1) or anti-programmed cell death ligand-2 (anti-PD-L2) drugs, or drugs targeting T cell receptor (such as cytotoxic T-lymphocyte-associated protein 4, tumor necrosis factor receptor superfamily member 4 and CD137).
4. A history of receiving targeted therapy such as anti-vascular endothelial growth receptor (VEGR)/ vascular endothelial growth factor receptor (VEGFR), rapidly accelerated fibrosarcoma(RAF), mitogen-activated protein kinase(MAPK), platelet-derived growth factor Receptor(PDGFR) or fibroblast growth factor receptor(FGFR).
5. Receiving traditional Chinese medication or immunomodulatory drugs (including thymopentin, interferon, interleukin, except for controlling pleural effusion) as systemic therapy within 2 weeks prior to the first dose of the study drugs.
6. Active systemic auto-immune disease requiring systemic treatment within 2 years prior to the first dose of the study drugs, such as the use of disease-modifying drugs, glucocorticoids or immunosuppressants. Alternative therapies (such as thyroid hormone, insulin, or physiological glucocorticoids used for adrenal or pituitary insufficiency) are not considered as systemic treatment.
7. Systemic glucocorticoid therapy (excluding nasal, inhaled or other local routes of glucocorticoids) or any other form of immunosuppressive therapy within 7 days prior to the first dose of study drugs.
8. Undergoing allogeneic organ transplant (excluding corneal transplantation) or allogeneic hematopoietic stem cell transplant.
9. Allergy to the active ingredient or excipients of the study drug, sintilimab.
10. Having not recovered from any toxicities and/or complications caused by prior interventions before the initiation of the study (i.e., ≤ Grade 1 or to baseline, excluding fatigue or hair loss)
11. Known history of human immunodeficiency virus (HIV) infection.
12. Untreated active hepatitis B (defined as hepatitis B surface antigen positive with detectable hepatitis B virus(HBV)-DNA copies exceeding the upper limit of normal values).
13. Active hepatitis C infection.
14. Receiving a live vaccine within 30 days prior to the first dose of the study drug.
15. Pregnant or lactating women.
16. Other investigator's defined uncontrolled systemic disease.",Ningbo No.2 Hospital,ClinicalTrials.gov,2024,"[""INTERVENTIONAL""]","[""Carcinoma, Non-Small-Cell Lung""]","[{""type"": ""DRUG"", ""name"": ""Sintilimab""}, {""type"": ""DRUG"", ""name"": ""Anlotinib""}]",NOT_YET_RECRUITING,https://clinicaltrials.gov/study/NCT06221462
ClinicalTrials.gov,NCT02793856,,NCT02793856,,,,A Phase I Clinical Trial of PD-1 Knockout Engineered T Cells Treating Patients With Advanced Non-small Cell Lung Cancer,"This study will evaluate the safety of PD-1 knockout engineered T cells in treating metastatic non-small cell lung cancer. Blood samples will also be collected for research purposes. This is a dose-escalation study of ex-vivo knocked-out, expanded, and selected PD-1 knockout-T cells from autologous origin. Patients are assigned to 1 of 3 treatment groups to determine the maximal tolerant dose. After the lower number of cycles are considered tolerant, an arm of the next higher number of cycles will be open to next patients. Biomarkers and immunological markers are collected and analyzed as well. Inclusion Criteria:

* Pathologically verified stage IV non-small cell lung cancer with measurable lesions (On CT: longest diameter of tumoral lesion \>=10 mm, shorted diameter of lymph node \>=15 mm; measurable lesions should not have been irradiated)
* Progressed after all standard treatment
* Performance score: 0-1
* Expected life span: \>= 6 months
* Toxicities from prior treatment has resolved. Washout period is 4 weeks for chemotherapy, and 2 weeks for targeted therapy
* Major organs function normally
* Women at pregnant ages should be under contraception
* Willing and able to provide informed consent

Exclusion Criteria:

* Pathology is mixed type
* Emergent treatment of tumor emergency is needed
* Poor vasculature
* Coagulopathy, or ongoing thrombolytics and/or anticoagulation
* Blood-borne infectious disease, e.g. hepatitis B
* History of mandatory custody because of psychosis or other psychological disease inappropriate for treatment deemed by treating physician
* With other immune diseases, or chronic use of immunosuppressants or steroids
* Compliance cannot be expected
* Other conditions requiring exclusion deemed by physician",Sichuan University,ClinicalTrials.gov,2016,"[""INTERVENTIONAL""]","[""Metastatic Non-small Cell Lung Cancer""]","[{""type"": ""DRUG"", ""name"": ""Cyclophosphamide""}, {""type"": ""OTHER"", ""name"": ""PD-1 Knockout T Cells""}]",COMPLETED,https://clinicaltrials.gov/study/NCT02793856
ClinicalTrials.gov,NCT05715229,,NCT05715229,,,,A Multicenter Phase II Randomized Trial Of Immunotherapy Versus Chemotherapy Guided By Circulating Tumor DNA-Based Molecular Response On Patients With Metastatic NSCLC,"This clinical trial plans to assess to what extent the on-treatment circulating tumor DNA (ctDNA) can predict the subset of patients with NSCLC who will respond to immunotherapy treatment only and which patients will need both immunotherapy and chemotherapy modalities for their treatment regimen. Subjects will be randomized 2:1 and patients in both arms will begin treatment with nivolumab 360 mg intravenously every 3 weeks and ipilimumab 1 mg/kg intravenously every 6 weeks. At five weeks of treatment, subjects will have ctDNA response evaluation with Guardant360 Response assay. At the next cycle of treatment (+/- 2 days), patients in the larger arm will receive treatment based on the Guardant360 Response assay results, as described below. Subjects will undergo ctDNA evaluation with Guardant360 Response assay 6- week post-randomization and at the time of progression. Response to therapy will be assessed by interval imaging with CT scan of the chest/abdomen/pelvis (and MRI brain if applicable) with response evaluated by irRECIST criteria every 12 weeks until disease progression. Inclusion Criteria:

1. Eligible patients will have newly diagnosed, previously untreated histologically documented Stage IV NSCLC
2. Eligible patients will be required to have positive PD-L1 expression ≥1% by IHC using Dako 22C3 assay.
3. Patients will require a baseline Guardant360 CDx test prior to enrollment
4. Patients willing to undergo serial ctDNA testing as required by protocol
5. Patients will be over the age of 18
6. Life expectancy ≥12 weeks
7. Measurable (RECIST 1.1) indicator lesion not previously irradiated, with measurable disease determined per the treating investigator.
8. Prior palliative radiotherapy to non-CNS lesions must have been completed at least 2 weeks prior to randomization
9. ECOG Performance Score ≤2
10. Adequate organ function
11. Hemoglobin \> 9 g/dL
12. Platelets \> 100,000mm3 or 100 x 109/L
13. AST, ALT \< 2.5 x ULN with no liver metastases or \< 5x ULN with the presence of liver metastases
14. Total bilirubin \< 1.5 x ULN if no liver metastases or \< 3 x ULN in the presence of documented Gilbert's Syndrome (unconjugated hyperbilirubinemia) or liver metastases
15. Absolute neutrophil count (ANC) \> 1500 cells/mm3
16. Creatinine ≤ 1.5 x ULN OR calculated creatinine clearance ≥ 60ml/min calculated by Cockcroft and Gault's equation
17. Willing to use highly effective contraceptive measures if child-bearing potential or if the patient's sexual partner is a woman of childbearing potential: a. Female subjects should be using a highly effective contraceptive measures, and must have a negative pregnancy test and not be breast-feeding prior to starting of dosing if of child-bearing potential or must have evidence of non-child-bearing potential by fulfilling one of the following criteria at screening: i. Post-menopausal is defined as aged more than 50 years and amenorrheic for at least 12 months following cessation of all exogenous hormonal treatments ii. Women under 50 years old would be considered postmenopausal if they have been amenorrheic for 12 months or more following cessation of exogenous hormonal treatments and with LH and FSH levels in the the post-menopausal range for the institution iii. Documentation of irreversible surgical sterilization by hysterectomy, bilateral oophorectomy, or bilateral salpingectomy but not a tubal ligation b. Male subjects should be willing to use barrier contraception

Exclusion Criteria:

1. Patients under the age of 18
2. Inability to provide informed consent by either the patient or the authorized representative
3. Patients with known EGFR, ALK, ROS1, MET, and RET oncogenic driver alterations that have approved first-line targeted therapies are excluded from the study (All patients must have a tissue or blood-based testing to identify these driver alterations)
4. Patients with no detectable ctDNA or ctDNA VAF ≤ 0.3% on Guardant360 CDx at baseline
5. Subjects with untreated CNS metastases are excluded.
6. Subjects are eligible if CNS metastases are adequately treated and subjects are neurologically returned to baseline (except for residual signs or symptoms related to the CNS treatment) for at least 2 weeks prior to randomization. In addition, subjects must be either off corticosteroids, or on a stable or decreasing dose of 10 mg daily prednisone (or equivalent) for at least 2 weeks prior to randomization.
7. Subjects with carcinomatous meningitis
8. Subjects must have recovered from the effects of major surgery or significant traumatic injury at least 14 days before randomization
9. Subjects with previous malignancies (except non-melanoma skin cancers, and in situ cancers such as the following: bladder, gastric, colon, cervical/dysplasia, melanoma, or breast) are excluded unless a complete remission was achieved at least 2 years prior to randomization and no additional therapy is required or anticipated to be needed during the study period.
10. Other active malignancy requiring concurrent intervention.
11. Subjects with an active, known, or suspected autoimmune disease. Subjects with type I diabetes mellitus, and hypothyroidism only require hormone replacement, skin disorders (such as vitiligo, psoriasis, or alopecia) not requiring systemic treatment, or conditions not expected to recur in the absence of an external trigger are permitted to enroll.
12. Subjects with a condition requiring systemic treatment with either corticosteroids (\> 10 mg daily prednisone equivalent) or other immunosuppressive medications within 14 days of randomization. Inhaled or topical steroids, and adrenal replacement steroids \> 10 mg daily prednisone equivalent, are permitted in the absence of active autoimmune disease.
13. Subjects with interstitial lung disease that is symptomatic or may interfere with the detection or management of suspected drug-related pulmonary toxicity.
14. Significant uncontrolled cardiovascular disease, including but not limited to, any of the following:

    1. Uncontrolled hypertension, which is defined as systolic blood pressure \> 160 mm Hg or diastolic blood pressure \> 100 mm Hg despite optimal medical management.
    2. Active coronary artery disease, including unstable all newly diagnosed angina within 3 months of study enrollment.
    3. Myocardial infarction in the past 6 months.
    4. History of congenital long QT syndrome.
    5. History of clinically significant arrhythmias, such as ventricular tachycardia, ventricular fibrillation, or torsade de pointes.
    6. Uncontrolled heart failure, defined as class III of 4 by the New York Heart Association functional classification.
    7. History of a current diagnosis of myocarditis.
15. the Known medical condition that, in the investigator's opinion, would increase the risk associated with study participation or study drug administration or interfere with the interpretation of safety results.
16. Any positive test for hepatitis B virus or hepatitis C virus indicating acute or chronic infection
17. Subjects with Grade 2 peripheral neuropathy
18. Life expectancy \<12 weeks",Hackensack Meridian Health,ClinicalTrials.gov,2023,"[""INTERVENTIONAL""]","[""Carcinoma, Non-Small-Cell Lung""]","[{""type"": ""DRUG"", ""name"": ""Nivolumab""}, {""type"": ""DRUG"", ""name"": ""Ipilimumab""}, {""type"": ""DRUG"", ""name"": ""Carboplatin""}, {""type"": ""DRUG"", ""name"": ""Paclitaxel""}, {""type"": ""DRUG"", ""name"": ""Pemetrexed""}]",RECRUITING,https://clinicaltrials.gov/study/NCT05715229
ClinicalTrials.gov,NCT04265534,,NCT04265534,,,,"A Phase 2 Randomized, Multicenter, Double-Blind Study of the Glutaminase Inhibitor Telaglenastat With Pembrolizumab and Chemotherapy Versus Placebo With Pembrolizumab and Chemotherapy in First-Line, Metastatic KEAP1/NRF2-Mutated, Nonsquamous, Non-Small Cell Lung Cancer (NSCLC)","This is a Phase 2, randomized, multicenter, double-blind study of the glutaminase inhibitor telaglenastat with standard-of-care pembrolizumab and chemotherapy versus placebo with standard-of-care pembrolizumab and chemotherapy for first line treatment of metastatic disease in patients with KEAP1/NRF2-mutated, stage IV, nonsquamous, non-small cell lung cancer (NSCLC). The study primary endpoints are PFS per RECIST v. 1.1 and safety. KEAP1/NRF2 mutation status (for eligibility) and STK11/LKB1 status (for stratification) will be determined by next generation sequencing. A commercial liquid biopsy (circulating tumor DNA) NGS test will be provided to study participants free of charge. Inclusion Criteria:

1. Histologically or cytologically documented non-squamous NSCLC
2. Stage IV (M1a-c, AJCC 8th Edition, Amin 2017) disease not previously treated with systemic therapy for metastatic NSCLC

   a. Patients who received adjuvant or neo-adjuvant therapy (with or without immunotherapy) for localized NSCLC are eligible if all adjuvant/neo-adjuvant therapy (including immunotherapy) was completed at least 6 months prior to the development of metastatic disease.
3. No known actionable mutation in EGFR, ALK, ROS1, BRAF, NTRK or other known actionable mutation for which there is approved therapy in the first-line lung cancer setting
4. Must have at least one radiographically measurable lesion per RECIST v1.1 defined as a lesion that is ≥ 10 mm in longest diameter or lymph node that is ≥ 15 mm in short axis imaged by computed tomography (CT) scan or magnetic resonance imaging (MRI)

   a. Target lesions situated in a previously irradiated area may be considered measurable if progression has been demonstrated subsequent to radiation therapy
5. Age ≥ 18 years on the day of signing informed consent
6. Eastern Cooperative Oncology Group (ECOG) performance status of 0 or 1
7. Estimated life expectancy of at least 3 months
8. Recovery to baseline or ≤ grade 1 National Cancer Institute (NCI) Common Terminology Criteria for Adverse Events (CTCAE) v5.0 from toxicities related to the prior treatment, unless after discussion with the medical monitor, the AE(s) are deemed clinically non-significant and/or stable on supportive therapy
9. Has sponsor-approved eligible mutation in KEAP1 or NRF2 documented by NGS from a CAP-accredited and/or CLIA-certified laboratory (study-provided NGS or other NGS) and STK11 mutation status is known for the purpose of stratification.
10. Adequate organ function laboratory findings (defined per protocol)
11. Reproductive status:

    a. A female patient of childbearing potential must: i. Have a negative serum pregnancy test within 7 days prior to randomization ii. Agree to use methods of contraception outlined in Section 8.1.2 during the study through 120 days following the last dose of telaglenastat or pembrolizumab, or through 180 days following the last dose of chemotherapeutic drugs iii. Postmenopausal females (no menses for \> 1 year without an alternate medical cause) and surgically sterilized females are exempt from these requirements b. Male patients who are sexually active with heterosexual partners of childbearing potential must agree to contraceptive requirements outlined in Section 8.1.2 and refrain from donating sperm during the study through 120 days following the last dose of telaglenastat or pembrolizumab, or through 180 days following the last dose of chemotherapeutic drugs

Exclusion Criteria:

1. Squamous cell histology and mixed histology tumors with any small-cell/neuroendocrine component (other mixed histology should be reviewed with the medical monitor for eligibility)
2. Any other concurrent malignancy requiring local or systemic therapy. Patients with other previously treated malignancy(ies) are allowed if the specific neoplasm, in the opinion of the principal investigator and with the agreement of the medical monitor, is not expected to interfere with study-specific endpoints
3. Radiation therapy to the lung \> 30 Gy within 6 months prior to randomization
4. Clinically active diverticulitis, intra-abdominal abscess, gastrointestinal obstruction, abdominal carcinomatosis
5. Active autoimmune disease that has required systemic treatment in past 2 years (i.e., with use of disease modifying agents, corticosteroids or immunosuppressive drugs)

   a. Replacement therapy (e.g., thyroxine, insulin, or physiologic corticosteroid replacement therapy for adrenal or pituitary insufficiency, etc.) is not considered a form of systemic treatment.
6. Treatment with chronic systemic steroids greater than 10 mg equivalent of prednisone per day
7. Unstable/inadequate cardiac function, defined as the following:

   1. Myocardial infarction or symptomatic ischemia within 6 months prior to randomization
   2. Uncontrolled or clinically significant conduction abnormalities (e.g., patients with ventricular tachycardia on anti-arrhythmics are excluded; patients with 1st degree atrioventricular \[AV\] block or asymptomatic left anterior fascicular block \[LAFB\]/right bundle branch block \[RBBB\] are eligible)
   3. Congestive heart failure (New York Heart Association class III to IV)
8. Unable to swallow oral medications
9. Known sensitivity to any component of the study treatment (pembrolizumab, carboplatin, pemetrexed, and/or telaglenastat) or previous severe hypersensitivity to another monoclonal antibody (mAb)
10. Unable or unwilling to take folic acid or vitamin B12 supplementation (per pemetrexed label)
11. Unable to interrupt aspirin or other nonsteroidal anti-inflammatory drugs (NSAIDs) as specified in pemetrexed label
12. Interstitial lung disease or a history of pneumonitis that required oral or intravenous glucocorticoid treatment
13. Unable or unwilling to discontinue proton pump inhibitor (PPI) use ≥ 5 days prior to randomization
14. Patient known to be positive for Human Immunodeficiency Virus (HIV)
15. Known active Hepatitis B or C. Active Hepatitis B is defined as a known positive HBsAg result. Active Hepatitis C is defined by a known positive Hepatitis C antibody result and known quantitative Hepatitis C virus RNA results greater than the lower limits of detection of the assay. Patients receiving antiviral therapy for Hepatitis B or C also are not eligible
16. Any condition including social, psychiatric or medical (including uncontrolled significant concurrent illness) that in the opinion of the Investigator could interfere with treatment or protocol-related procedures
17. Regular use of illicit drugs or history (within past year) of substance abuse (including alcohol)
18. Patients who are pregnant or lactating
19. Major surgery \< 3 weeks prior to randomization. In addition, patients with ongoing clinically relevant complications from prior surgery are not eligible and they must have recovered adequately from the toxicity and/or complications from the intervention prior to starting study treatment
20. Any radiation therapy within 2 weeks prior to randomization (with exception of SRS for brain metastases). In addition, patients with ongoing clinically relevant complications from prior radiation therapy, patients requiring corticosteroids to treat radiation toxicity and patients who developed radiation pneumonitis are not eligible.
21. Symptomatic ascites or pleural effusion. Patients who are clinically stable following treatment for these conditions (including therapeutic thoraco- or paracentesis) are eligible
22. Refractory nausea and vomiting, uncontrolled diarrhea, malabsorption, significant small bowel resection or gastric bypass surgery, use of feeding tubes or other situation that may preclude adequate absorption or oral study drug
23. Infection requiring more than 5 days of parenteral antibiotics, antivirals, or antifungals within two weeks prior to randomization. Anti-infective therapy must be completed at least 7 days before randomization
24. Patients with active and/or untreated central nervous system metastasis including carcinomatous meningitis (leptomeningeal disease) are not eligible. Patients with previously treated brain metastases are eligible if they meet the following criteria:

    1. Received definitive treatment with stereotactic radiosurgery (SRS) or surgery to all known central nervous system (CNS) lesions (whole brain radiotherapy is not an eligible modality)
    2. Be at least 4 weeks post-surgical resection of CNS disease, symptomatically stable and off steroids before randomization
25. Any live-virus vaccination within 28 days prior to randomization. Examples of live vaccines include, but are not limited to, the following: measles, mumps, rubella, varicella/zoster (chicken pox), yellow fever, rabies, Bacillus Calmette-Guérin (BCG), and typhoid vaccine. Seasonal influenza vaccines for injection are generally killed virus vaccines and are allowed; however, intranasal influenza vaccines (e.g., FluMist ®) are live attenuated vaccines and are not allowed
26. Has had an allogeneic tissue/solid organ transplant","Calithera Biosciences, Inc",ClinicalTrials.gov,2020,"[""INTERVENTIONAL""]","[""Non-Small Cell Lung Cancer"", ""Non-squamous Non-small-cell Lung Cancer"", ""Non-Squamous Non-Small Cell Neoplasm of Lung"", ""KEAP1 Gene Mutation"", ""NRF2 Gene Mutation"", ""NFE2L2 Gene Mutation""]","[{""type"": ""DRUG"", ""name"": ""Telaglenastat""}, {""type"": ""DRUG"", ""name"": ""Carboplatin Chemotherapy""}, {""type"": ""DRUG"", ""name"": ""Pemetrexed Chemotherapy""}, {""type"": ""BIOLOGICAL"", ""name"": ""Pembrolizumab Immunotherapy""}, {""type"": ""DRUG"", ""name"": ""Placebo""}, {""type"": ""DIETARY_SUPPLEMENT"", ""name"": ""Folic acid 400 -1000 μg""}, {""type"": ""DIETARY_SUPPLEMENT"", ""name"": ""Vitamin B12 1000 μg""}, {""type"": ""DRUG"", ""name"": ""Dexamethasone 4 mg""}]",TERMINATED,https://clinicaltrials.gov/study/NCT04265534
ClinicalTrials.gov,NCT06634199,,NCT06634199,,,,Study of Antitumor Immune Response Generated After Concurrent Chemo-radiotherapy (cCRT) and IO Treatment in Non-resectable Stage IIIA/B and IIIC NSCLC Patients Treated in Real World.,"Observational, multicenter, one-arm, non-comparative study. Data will be recorded in a retrospectively manner. The study will be based on secondary data collected from patient clinical chart completed by the doctor during routine visits. The primary objective is describe the antitumor immune response generated in the context of IO (immunotherapy) treatment after cCRT in patients with unresectable NSCLC treated in real world. The study is based on the collection of blood samples and tumor sample analysis, in real world NSCLC stage IIIA/B and IIIC; PD-L1\>1%; non-resectable patients on treatment with IO after cCRT without progression. The patients participating in this study will not receive treatment in relation to the study, no drugs will be provided. Patients will be treated as per standard clinical practice. All data collected for this study will be collected retrospectively from patient clinical chart. Only secondary data collected will be analyzed together will samples analysis information.The duration of the study is expected to be 3 years. Inclusion Criteria:

* Patients with histologically- or cytologically- documented NSCLC who present unresectable stage IIIA-IIIB-IIIC disease, according to 8th version of the International Association for the Study of Lung Cancer Staging Manual in Thoracic Oncology).
* ECOG 0-1.
* PDL1\>1%.
* Age ≥ 18 years at time of study
* Patients without progression after cCRT, that are going to receive IO treatment (Durvalumab) for 12 months as subsequent treatment as per standard clinical practice
* Patient capable of proper therapeutic compliance and accessible for correct follow-up.
* Patients must have signed, dated and IRB/EC-approved written informed consent form in accordance with regulatory and institutional guidelines.

Exclusion Criteria:

* Patients who refuse to sign and date an IRB/IEC-approved written informed consent form.
* No possibility of venipuncture
* Any medical, mental, or psychological condition which in the opinion of the investigator would not permit the patient to complete the study or understand the patient information.",Fundación GECP,ClinicalTrials.gov,2024,"[""OBSERVATIONAL""]","[""Non-small Cell Lung Cancer Stage III"", ""PDL1 Gene Mutation""]","[{""type"": ""DRUG"", ""name"": ""Durvalumab""}]",RECRUITING,https://clinicaltrials.gov/study/NCT06634199
ClinicalTrials.gov,NCT05486988,,NCT05486988,,,,"A Prospective，Randomized, Multi-center Study to Identify the Patients Who Benefit From Short-course Chemotherapy (2 Cycles) in Combination With Immunotherapy as Treatment for Patients With Locally Advanced Unresectable or Metastatic Non-small Cell Lung Cancer (TLUNG)","The dynamic monitoring of circulating tumor DNA aims to evaluate the response and progression-free survival of short-course chemotherapy (2 cycles) combined with immunotherapy in patients with locally advanced unresectable or metastatic non-small cell lung cancer. For patients with locally advanced unresectable or metastatic non-small cell lung cancers, 4-6 cycles of chemotherapy plus immunotherapy with immune maintenance therapy is currently the standard treatment. Short-course chemotherapy (2 cycles) combined with immunotherapy has been proved effective in some patients. Recently, circulating tumor DNA (ctDNA) has been detected in the cell-free component of peripheral blood samples in advanced non-small cell lung cancers and many other solid tumors. To identify the patients who can benefit from the short-course chemotherapy (2 cycles) combined with immunotherapy, dynamic monitoring of ctDNA in both 4-6 cycles and 2 cycles chemotherapy patients could be a promising alternative test. Inclusion Criteria:

* (1)Histologically confirmed non-small cell lung cancer; (2)Locally advanced unresectable or metastatic disease; (3)Male or female aged over 18 years and under 80 years; (4)Subjects must not have received any immunotherapy for advanced lung cancer, and have an estimated life expectancy of more than 12 weeks (5)Eastern Cooperative Oncology Group (ECOG) score as 0 \~ 1; (6)No EGFR mutation, ALK or ROS1 rearrangement; (7)Adequate tumor tissue for PD-L1 testing; (8)With at least one measurable lesion confirmed by the investigator according to Response Evaluation Criteria in Solid Tumors (RECIST) (version 1.1)； (9)The subjects must sign the informed consent, indicating that they understand the purpose of the study, understand the necessary procedures of the study, and are willing to participate in the study.

Exclusion Criteria:

* (1)Serious immune-related adverse events occurred; (2)Participation in other clinical study; (3)With the history of autoimmune disease or immunodeficiency disease; (4)History of another primary malignancy within 5 years; (5)Without complete clinical information; (6)Pregnant or lactating women; (7)Other conditions in which the investigator believes that the patient should not participate in this trial.",Fuzhou General Hospital,ClinicalTrials.gov,2022,"[""OBSERVATIONAL""]","[""Non-small Cell Lung Cancer""]","[{""type"": ""DRUG"", ""name"": ""Immunotherapy""}, {""type"": ""DRUG"", ""name"": ""Chemotherapeutic Agent""}, {""type"": ""DRUG"", ""name"": ""Chemotherapy""}]",UNKNOWN,https://clinicaltrials.gov/study/NCT05486988
ClinicalTrials.gov,NCT04367311,,NCT04367311,,,,"A Phase II Study of Adjuvant Treatment With Cisplatin-based Chemotherapy Plus Concomitant Atezolizumab in Patients With Stage I (Tumors ≥ 4cm), IIA, IIB, and Select Stage III [Any T1-3 N1-2 and T4N0-2] Resected Non-small Cell Lung Cancer (NSCLC) and the Clearance of Circulating Tumor DNA (ctDNA) Big Ten Cancer Research Consortium BTCRC-LUN19-396","The vast majority of patients with stage I (tumors ≥ 4cm), IIA, IIB (and select stage III) NSCLC are managed with upfront surgery, followed by adjuvant chemotherapy. However, relapse rates remain high and are primarily due to distant, metastatic disease. Previous meta-analysis evaluating the use of neo-adjuvant chemotherapy and adjuvant chemotherapy demonstrate a similar impact on improved disease free survival (DFS) and overall survival (OS). The role of checkpoint inhibitors has been proven to be effective in the treatment of patients with advanced NSCLC, regardless of histology and PD-L1 expression. Results from trials evaluating the use of checkpoint inhibitors alone or in combination with chemotherapy in the neoadjuvant setting for early stage disease are promising. However, there are no trials evaluating the role of concomitant chemotherapy and checkpoint inhibitors in the adjuvant setting. In addition, emerging data supports the use of ctDNA as a promising biomarker for early detection of minimal residual disease and have indicated that the presence of detectable ctDNA after surgery for localized lung cancer is correlated with a 90-100% chance for disease recurrence. Therefore, we propose this current study assessing concomitant chemotherapy plus Atezolizumab in the adjuvant setting for patients with stage I (tumors ≥ 4cm), IIA, IIB (and select stage III) NSCLC who have detectable ctDNA after surgery. The clearance of ctDNA will serve as a surrogate for long term DFS and OS in this patient population. Inclusion Criteria:

* Written informed consent and HIPAA authorization for release of personal health information. NOTE: HIPAA authorization may be included in the informed consent or obtained separately.
* Age \>= 18 years at the time of consent.
* ECOG Performance Status of 0-1 within 28 days prior to registration.
* Patients must have undergone complete surgical resection of their stage I (tumors \>= 4cm), IIA, IIB, and select stage III \[any T1-3 N1-2 and T4N0-2\] NSCLC according to the AJCC 8th edition with negative margins (R0).
* Squamous or non-squamous NSCLC histology. Cancers with a histology of ""adenosquamous"" are considered a type of adenocarcinoma and thus ""non-squamous histology"".
* Surgery for this lung cancer must be completed \<= 60 days prior to starting treatment.
* Must have tissue available to perform prospective correlative testing. Tissue block is preferred but 10-15 unstained slides (5 μm thick) are also acceptable. If prior PD-L1 results with Dako 22C3 antibody are not available, an additional 5 unstained slides (4 μm thick) must be submitted.
* Demonstrate adequate organ function as defined in the protocol; all screening labs to be obtained within 28 days prior to registration.
* Females of childbearing potential must have a negative serum pregnancy test within 7 days prior to registration NOTE: Females are considered of childbearing potential unless they are surgically sterile (have undergone a hysterectomy, bilateral tubal ligation, or bilateral oophorectomy) or they are naturally postmenopausal for at least 12 consecutive months
* For women of childbearing potential: agreement to remain abstinent (refrain from heterosexual intercourse) or use contraceptive methods, and agreement to refrain from donating eggs, as defined below:

  * Women must remain abstinent or use contraceptive methods with a failure rate of \< 1% per year during the treatment period and for 5 months after the final dose of atezolizumab.
  * A woman is considered of childbearing potential if she is postmenarchal, has not reached a postmenopausal state (\> or equal to 12 continuous months of amenorrhea with no identified cause other than menopause), and has not undergone surgical sterilization (removal of ovaries and/or uterus). The definition of childbearing potential may be adapted for alignment with local guidelines or requirements.
  * Examples of contraceptive methods with a failure rate of \< 1% per year include bilateral tubal ligation, male sterilization, hormonal contraceptives that inhibit ovulation, hormone-releasing intrauterine devices, and copper intrauterine devices.
  * The reliability of sexual abstinence should be evaluated in relation to the duration of the clinical trial and the preferred and usual lifestyle of the patient. Periodic abstinence (e.g., calendar, ovulation, symptothermal, or post-ovulation methods) and withdrawal are not acceptable methods of contraception.
* Contraception method must begin starting from the time of informed consent until 5 months after treatment discontinuation.
* For men: Agreement to remain abstinent (refrain from heterosexual intercourse) or use a condom, and agreement to refrain from donating sperm, as defined below:

  * With female partners of childbearing potential or pregnant female partners, men must remain abstinent or use a condom during the treatment period and for 5 months after the last dose of study treatment to avoid exposing the embryo. Men must refrain from donating sperm during this same period.
  * The reliability of sexual abstinence should be evaluated in relation to the duration of the clinical trial and the preferred and usual lifestyle of the patient. Periodic abstinence (e.g., calendar, ovulation, symptothermal, or post-ovulation methods) and withdrawal are not acceptable methods of contraception.
* As determined by the enrolling physician or protocol designee, ability of the subject to understand and comply with study procedures for the entire length of the study

Exclusion Criteria:

* Tumors that have any component of small cell or large cell neuroendocrine histology are NOT eligible.
* Tumors that are known to harbor EGFR mutations or ALK re-arrangements are NOT eligible.
* Prior chemotherapy, radiation therapy, or immunotherapy is NOT allowed for the treatment of this lung cancer.
* Prior chemotherapy and/or radiation therapy is permissible for the treatment of other previous cancers, but must have been completed at least 3 months prior to registration for this trial.
* Other active cancers.
* History of leptomeningeal disease.
* Prior therapy with an anti-PD-1, anti-PD-L1, or anti-PD-L2 agent or with an agent directed to another stimulatory or co-inhibitory T-cell receptor (e.g., CTLA-4, OX-40, CD137).
* Has received a live vaccine within 30 days prior to the first dose of study drug. Examples of live vaccines include, but are not limited to, the following: measles, mumps, rubella, varicella/zoster (chicken pox), yellow fever, rabies, Bacillus Calmette-Guérin (BCG), and typhoid vaccine. Seasonal influenza vaccines for injection are generally killed virus vaccines and are allowed; however, intranasal influenza vaccines (e.g., FluMist®) are live attenuated vaccines and are not allowed.
* Is currently participating in or has participated in a study of an investigational agent or has used an investigational device within 4 weeks prior to the first dose of study treatment.

Note: Participants who have entered the follow-up phase of an investigational study may participate as long as it has been 4 weeks after the last dose of the previous investigational agent.

* Has a diagnosis of immunodeficiency or is receiving chronic systemic steroid therapy (in dosing exceeding 10 mg daily of prednisone equivalent) or any other form of immunosuppressive therapy within 1 week prior to registration.
* Has severe hypersensitivity (\>= Grade 3) to atezolizumab and/or any of its excipients.
* History of severe allergic anaphylactic reactions to chimeric or humanized antibodies or infusion proteins.
* Has active or history of autoimmune disease or immune deficiency that includes but is not limited to myasthenia gravis, myositis, autoimmune hepatitis, systemic lupus erythematosus, rheumatoid arthritis, inflammatory bowel disease, antiphospholipid antibody syndrome, Wegener's granulomatosis, Sjögren's syndrome, Guillain-Barré syndrome, or multiple sclerosis.
* Known interstitial lung disease that is symptomatic or may interfere with detection or management of suspected drug-related pulmonary toxicity are not permitted.
* Has a history of (non-infectious) pneumonitis that required steroids or has current pneumonitis.
* Uncontrolled pleural effusion, pericardial effusion, or ascites requiring recurrent drainage procedures (once monthly or more frequently). Patients with indwelling catheters (e.g. PleurX) are allowed.
* Uncontrolled or symptomatic hypercalcemia (ionized calcium \>1.5 mmol/L, calcium \>12mg/dL or corrected serum calcium \>ULN).
* Significant cardiovascular disease within 3 months prior to initiation of study treatment (such as New York Heart Association Class II or greater cardiac disease, myocardial infarction, or cerebrovascular accident), unstable arrhythmia, or unstable angina.
* For patients receiving therapeutic anticoagulation: unstable anticoagulant regimen.
* Has a severe infection within 4 weeks prior to initiation of study treatment, including but not limited to hospitalization for complications of infection, bacteremia, or severe pneumonia.
* Has a known history of Human Immunodeficiency Virus (HIV). Note: HIV testing is not required.
* Has a known history of Hepatitis B or known active Hepatitis C virus infection. Note: If Hepatitis B and Hepatitis C status is unknown, testing is required:

  * Subject must have negative total hepatitis B core antibody (HBcAb) test at screening, or positive total HBcAb test followed by a negative hepatitis B virus (HBV) DNA test at screening. The HBV DNA test will be performed only for patients who have a positive total HBcAb test.
  * Subject must have negative hepatitis C virus (HCV) antibody test at screening, or positive HCV antibody test followed by a negative HCV RNA test at screening. The HCV RNA test will be performed only for patients who have a positive HCV antibody test. A positive HCV RNA test is sufficient to diagnose active HCV infection in the absence of an HCV antibody test.
* Has a known history of active TB (Bacillus Tuberculosis).
* Prior allogeneic stem cell or solid organ transplantation.
* Has a history or current evidence of any condition, therapy, or laboratory abnormality that might confound the results of the study, interfere with the subject's participation for the full duration of the study, or is not in the best interest of the subject to participate, in the opinion of the treating investigator.
* Has known psychiatric or substance abuse disorders that would interfere with cooperation with the requirements of the trial.
* Is pregnant or breastfeeding or expecting to conceive or father children within the projected duration of the study, starting with the screening visit through 5 months after the last dose of study drug.",Big Ten Cancer Research Consortium,ClinicalTrials.gov,2020,"[""INTERVENTIONAL""]","[""Lung Cancer"", ""NSCLC""]","[{""type"": ""DRUG"", ""name"": ""Atezolizumab""}, {""type"": ""DRUG"", ""name"": ""Docetaxel""}, {""type"": ""DRUG"", ""name"": ""Cisplatin""}, {""type"": ""DRUG"", ""name"": ""Pemetrexed""}]",ACTIVE_NOT_RECRUITING,https://clinicaltrials.gov/study/NCT04367311
ClinicalTrials.gov,NCT06111807,,NCT06111807,,,,GUIding Multi-moDal thErapies Against MRD by LiquidBiopsies in Non Small Cell Lung Cancer- GUIDE.MRD-03-NSCLC,"Improving personalized cancer treatments and finding the best strategies to treat each patient relies on using new diagnostic technologies. Currently, for non small cell lung cancer (NSCLC), the methods used to decide who gets additional post radical (surgery or definite chemo-radiotherapy) treatment are suboptimal. Some patients get too much treatment, while others do not get enough.

There is a new way to explore if there is any cancer left in a patient's body using circulating tumor DNA (ctDNA) detected in blood samples. This can help decide who needs more treatment. Even though many tests have been developed, it has yet to be determined which test performs best at relevant time points.

The GUIDE.MRD consortium is a group of experts, including scientists, technology, and pharmaceutical companies. The consortium is working on creating a reliable standard for the ctDNA tests, validating their clinical utility, and collecting data to help decide on the best treatment for each patient.

GUIDE.MRD-03-NSCLC is a part of the GUIDE.MRD project. GUIDE.MRD-03-NSCLC is a part of WP3 of the overarching GUIDE.MRD project. Each study chair has a local clinical trial protocol where patients are recruited. After the end of recruitment, samples will be analyzed under the GUIDE.MRD consortium.

The overall aim of GUIDE.MRD is to investigate the clinical utility of ctDNA analysis to predict and guide the choice of multi-modal therapies prospectively. The fundamental steps towards this aim are assessment and benchmarking of the many available ctDNA diagnostics to identify the best-suited tests for clinical application. Clinical samples will be used to benchmark ctDNA diagnostics and assess their true clinical performance. The samples should reflect clinical situations where the ctDNA diagnostics are particularly useful, such as post-operatively, post-adjuvant, during chemotherapy, and longitudinally during post-treatment surveillance. In these situations, ctDNA diagnostics could be used to either monitor treatment response (in case of MRD after surgery or definite chemoradiotherapy) or to identify relapse at an early time point. Based on ctDNA information, medical treatment could be changed, or radiology could be used to reveal the location of residual disease.

The rationale for the observational clinical study GUIDE.MRD-03-NSCLC is to prospectively collect the clinical samples needed to enable assessment of the performance of ctDNA diagnostics in the setting of non small cell lung cancer (NSCLC). There are three main scenarios where ctDNA diagnostic is useful in NSCLC in a MRD setting:

For this study stage III NSCLC will be included treated with curative intent using:

1. chemo-radiotherapy (concurrent or sequential) followed by adjuvant immunotherapy. This patient group is particularly relevant because adjuvant therapy is recommended for all stage III patients (in some countries for those with PD-L1\>1% only), due to their high recurrence risk around 58%. Additionally, most of these do not need therapy at all, because they were already cured by chemo-radiotherapy alone, which leads to substantial overtreatment. Furthermore, the 58% of patients who recur despite both chemoradiotherapy and adjuvant immunotherapy, probably could benefit from further multimodal therapies. The challenge is, however, that currently there is no marker in clinical use that can identify those patients with residual disease and need for therapy. Circulating tumor DNA is potentially such a marker.
2. Neoadjuvant treatment followed by surgery (or radiotherapy with curative intent). In this setting up to 30% have a complete pathological response (pCR). These patients are probably cured by the neoadjuvant treatment alone, where surgery thus might have been avoided if the MRD biomarker would be sensitive enough. Patients that did not receive a pCR do worse with a median overall survival around 24 month even when they are treated with immunecheckpoint inhibitors adjuvantly. Better strategies for selecting patients and treatments are urgently needed here as well. Again ctDNA could be a marker that may help here when sensitive enough to select those that are negative for no adjuvant and those that are positive for ctDNA guided multimodality treatment.
3. Surgery followed by adjuvant chemotherapy and immunotherapy. Patients in this setting may be treated by immunotherapy adjuvantly only when PD-L1\>1% (FDA) or PD-L1\>50% (EMA). Also here recurrence risk is high around 50%. Additionally, most of these do not need therapy at all, because they were already cured by surgery alone, which leads to substantial overtreatment. Furthermore, the 50% of patients who recur despite both surgery and adjuvant therapy, probably could benefit from further multimodal therapies. The challenge is, however, that currently there is no marker in clinical use that can identify those patients with residual disease and need for therapy. Circulating tumor DNA is potentially such a marker.

However, currently, it is unknown, which, if any,of the many different ctDNA diagnostics developed in recent years have the required, performance to provide clinical utility in the management in these settings of stage III NSCLC.

Primary objectives:

To assess the performance of ctDNA diagnostics using samples collected at four to five -landmark time-points ""baseline""; ""post neoadjuvant treatment""; ""post-surgery or chemoradiotherapy""; ""post-adjuvant therapy"" and ""at the end of study or disease progression"".Sensitivity, specificity, and positive and negative predictive values of the ctDNA diagnostics will be determined to enable a head-to-head performance assessment and benchmarking of ctDNA diagnostics.

Secondary objectives To assess the ctDNA stratified 3-year recurrence-free survival (RFS). To assess the lead time between ctDNA detection and clinical recurrence. To assess the capacity of the ctDNA diagnostics to predict response to neoadjuvant therapy.

To assess the capacity of the ctDNA diagnostics to predict response to adjuvant therapy. Inclusion Criteria:

* NSCLC, clinical tumor stage III (cT1-4, cN0-3, M0).
* Patient 18 years or older.
* Scheduled for curative intent treatment (surgery and/or radiotherapy).
* Patient able to understand and sign written informed consent.
* Baseline contrast enhanced CT thorax abdomen (or PET/CT), MRI (or CT) brain, Pulmonary function tests (at least FEV1 and DLCO/KCO).
* Ability to obtain sufficient tumor material (≥50ng tumor DNA, FFPE ). Either at baseline or after surgery.

Exclusion Criteria:

* Verified distant metastases.
* With synchronous NSCLC cancer and non-NSCLC cancer (except skin cancer other than melanoma).
* With other cancers (excluding NSCLC or skin cancer other than melanoma, or cancers treated curatively with follow up of more than 5 years without recurrence).
* Patients who are unlikely to comply with the protocol (e.g. uncooperative attitude), inability to return for subsequent visits) and/or otherwise considered by the Investigator to be unlikely to complete the study.
* No tissue sample available for the project, or tumor content in the tissue sample is \<20%",University Medical Center Groningen,ClinicalTrials.gov,2023,"[""OBSERVATIONAL""]","[""Lung Cancer Stage III""]","[{""type"": ""DIAGNOSTIC_TEST"", ""name"": ""ctDNA""}]",RECRUITING,https://clinicaltrials.gov/study/NCT06111807
ClinicalTrials.gov,NCT06281964,,NCT06281964,,,,"Randomized, Controlled, Open Label, Multicenter Phase III Study to Evaluate the Efficacy and Safety of PLB1004 Versus Platinum-based Chemotherapy With or Without Sintilimab of Advanced NSCLC With EGFR Exon 20 Ins Mutations","Efficacy and safety evaluation of PLB1004 in patients with locally advanced/metastatic non-squamous NSCLCharboring EGFR exon 20 insertion. Randomized, controlled, open label, multicenter phase III study to evaluate the efficacy and safety of PLB1004 Versus platinum-based chemotherapy with or without Sintilimab in the first-line treatment of locally advanced or metastatic non-squamous non-small cell lung cancer with Epidermal Growth Factor Receptor (EGFR) Exon 20 insertion(ex 20) mutations. Inclusion Criteria:

1. Ability to understand and willingness to sign a written informed consent document.
2. Aged at least 18 years old.
3. Histologically or cytologically confirmed locally advanced or metastatic NSCLC (stage IIIB\~IV).
4. Tumor tissue is positive for EGFR Ex20ins as documentally confirmed by next-generation sequencing (NGS) testing or written confirmation of PCR testing by a local laboratory accredited by the Clinical Laboratory Improvement Act Amendments (CLIA), International Organization for Standardization/Independent Ethics Committee (ISO/IEC), American College of Pathologists (CAP), or a central laboratory designated by the sponsor by a tertiary A hospital or with Clinical Laboratory Improvement Act Amendments (CLIA), International Organization for Standardization/Independent Ethics Committee (ISO/IEC), American College of Pathologists (CAP) accreditation (or other equivalent accreditation).
5. At least one measurable lesion as defined by RECISTV1.1（Brain lesions were not included in measurable target lesions）
6. ECOG performance status 0 to 1.
7. Life expectancy is not less than 12 weeks.
8. No previous systemic treatment for locally advanced or metastatic non-squamous cell cancer NSCLC. Note: Subjects are allowed to receive neoadjuvant/adjuvant therapy as long as the relevant therapy has ended at least 6 months before the disease is diagnosed as locally progressive or metastatic tumors

   \-

Exclusion Criteria:

1. Have one of the following previous anti-tumor treatments: prior to the first dose of PLB1004

   a) Any anti-EGFR TKI for the EGFR ex20ins mutation.. b) Received Chinese patent drugs with anti-tumor indications within 1 week before administration of the first study drugReceived Chinese patent drugs with anti-tumor indications within 1 week before administration of the first study drug c) required administration of the multidrug and toxin efflux protein (MATE) transporter substrate metformin within 1 week before and during the first study drug administration d）Strong inhibitors or strong inducers of the cytochrome P450 3A4 enzyme (CYP3A4) were required within 1 week before and during the study e) required immunosuppressive medication within 2 weeks before or during the first dose of study drug f) Major surgery within 4 weeks prior to starting PLB1004 or who have not recovered from side effects of such procedure except for the biopsy of Thoracoscopy and the clinical test of Mediastinoscopy could ≤ 7 days prior to starting PLB1004 g) Radiotherapy to lung fields and whole-brain fields ≤4 weeks prior to starting PLB1004. For all other anatomic sites, radiotherapy ≤2 weeks prior to starting PLB1004 or patients who have not recovered from radiotherapy-related toxicities. Palliative radiotherapy for bone lesions is not included.
2. Patients with spinal cord compression ,brain membrane metastasis and symptomatic central nervous system (CNS), who are neurologically unstable or have required increasing doses of steroids within the 2 weeks prior to study manage CNS symptoms.
3. Before randomization, patients did not recover from any toxicity and/or complications of previous chemotherapy, surgery, radiotherapy and other anti-cancer treatments, that is, did not fall to grade 1 or lower (National Cancer Research Common Toxicity Criteria for Adverse Events \[NCI-CTCAE\] v5.0), except for hair loss and irrecoverable permanent radiation damage
4. Did not recover from any toxicity and/or complications of previous anti-cancer treatments such as chemotherapy, surgery, and radiotherapy, that is, did not fall to grade 1 or lower (National Cancer Research Common Toxicity Criteria for Adverse Events \[NCI-CTCAE\] v5.0), except for alopecia and irrecoverable permanent radiation damage
5. A tendency to coagulopathy or bleeding, including an arterial or venous thromboembolic event (including a history of myocardial infarction, unstable angina, cerebrovascular accident or transient ischemic attack, pulmonary embolism, deep vein thrombosis, or any other major thromboembolism) within 6 months before randomization; Any life-threatening bleeding event (including the need for blood transfusion, surgical or local treatment, or continued medical therapy) or major vascular invasion was considered by the investigator to be bleeding prone
6. Severe cardiac disease, such as any serious arrhythmia (including ventricular arrhythmia, drug-refractory supraventricular and other arrhythmias), grade III or higher cardiac dysfunction (New York Heart Association \[NYHA\], see Appendix 4 for details), and left ventricular ejection fraction (LVEF) \<50% on echocardiography;
7. Mean corrected QT intervals (QTcF) of three electrocardiograms during screening, calculated according to Fridericia's formula at rest, were \>470 ms;
8. Presence of uncontrolled hypertension (treated systolic blood pressure \>160 mmHg and/or diastolic blood pressure \>100 mmHg)
9. Dysphagia, or active digestive disease or major gastrointestinal surgery that may affect the administration or absorption of the study drug (e.g., ulcerative lesions, uncontrolled nausea, vomiting, diarrhea, and malabsorption syndromes);
10. Allergy or intolerance to the drug class and excipient components of the study drug
11. pregnant or nursing women.
12. Received live vaccine within 4 weeks before randomization;

    \-","Avistone Biotechnology Co., Ltd.",ClinicalTrials.gov,2024,"[""INTERVENTIONAL""]","[""Non-Small-Cell Lung Cancer""]","[{""type"": ""DRUG"", ""name"": ""PLB1004""}, {""type"": ""DRUG"", ""name"": ""Pemetrexed+（carboplatin or Cisplatin）with or without Sintilimab""}]",ENROLLING_BY_INVITATION,https://clinicaltrials.gov/study/NCT06281964
ClinicalTrials.gov,NCT06322108,,NCT06322108,,,,Assessment of the Safety and Efficacy of Balstilimab in Combination With Botensilimab for the Treatment of Non-Small Cell Lung Cancer (IMMONC0008),"The goal of this study is to see if the combination of immunotherapy agents botensilimab and balstilimab is safe and effective in participants with metastatic non-small cell lung cancer (NSCLC) as a first-line treatment. This is a single-arm, open-label phase II study to evaluate the safety and efficacy of the combination of botensilimab and balstilimab in participants with metastatic non-small cell lung cancer (NSCLC). The study will enroll participants with a histologically confirmed diagnosis of metastatic NSCLC and without targetable EGFR mutation or ALK rearrangement, while excluding those with untreated brain metastases or oligometastatic disease lacking targetable lesions.

The total estimated maximum time of study participation for each patient is approximately 49 months across 3 periods:

* Screening Period: approximately 28 days
* Treatment Period: up to 24 months, or until any criterion for stopping the study drug or withdrawal from the study occurs
* Follow-up Period: up to 24 months from last dose of study treatment for every patient who is alive

Study Duration

* Recruitment: 2 years
* Treatment: 2 years
* Follow-up: 2 years Inclusion Criteria:

1. Histologically and IHC confirmed diagnosis of metastatic NSCLC which has not received any prior anticancer medicinal therapy for metastatic disease.
2. Negative for actionable EGFR mutations and ALK rearrangements.
3. Patients with recurrence after prior neoadjuvant or adjuvant chemotherapy or radiation therapy or immune checkpoint inhibitors for non-metastatic disease are eligible if recurrence occurred \>6 months after the end of neoadjuvant or adjuvant treatment.
4. Documented informed consent of the participant and/or legally authorized representative
5. ≥ 18 years of age.
6. Eastern Cooperative Oncology Group (ECOG) performance status of 0 or 1.
7. Life expectancy ≥ 3 months.
8. Patients should have measurable metastatic disease as per Response Evaluation Criteria in Solid Tumors (RECIST) 1.1 and iRECIST guidelines.
9. Total bilirubin ≤ 1.5 x upper limit of normal (ULN) (within 7 days prior to day 1 of protocol therapy) (except subjects with Gilbert syndrome who must have a total bilirubin level of ≤3.0 × ULN).
10. Aspartate aminotransferase (AST) ≤ 2.5 x ULN, unless presence of liver metastases for which ≤ 5 x ULN is allowed (within 7 days prior to day 1 of protocol therapy).
11. Alanine aminotransferase (ALT) ≤ 2.5 x ULN, unless presence of liver metastases for which ≤ 5 x ULN is allowed (within 7 days prior to day 1 of protocol therapy).
12. Creatinine clearance ≥ 45 ml/min (within 7 days prior to day 1 of protocol therapy).
13. Alkaline phosphatase ≤ 3 x ULN (within 7 days prior to day 1 of protocol therapy).
14. Hemoglobin ≥ 9 g/dl (within 7 days prior to day 1 of protocol therapy).
15. Absolute neutrophil count (ANC) ≥ 1500/ul (within 7 days prior to day 1 of protocol therapy).
16. Platelets ≥ 100,000/mm\^3 (within 7 days prior to day 1 of protocol therapy).
17. Albumin ≥ 3.0 g/dl (within 7 days prior to day 1 of protocol therapy).
18. Women of childbearing potential (WOCBP): negative serum pregnancy test (within 7 days prior to day 1 of protocol therapy)

    a) Females of non-childbearing potential are defined as: i. ≥ 50 years of age and has not had menses for greater than 1 year ii. Amenorrheic for ≥ 2 years without a hysterectomy and bilateral oophorectomy and a follicle-stimulating hormone value in the postmenopausal range upon pre-study (screening) evaluation iii. Status is post-hysterectomy, bilateral oophorectomy, or tubal ligation.
19. Male and female patients of reproductive potential must use effective methods of contraception (defined in Appendix A) or abstain from sexual activity for the course of the study through at least 90 days after the last dose of balstilimab and/or botensilimab
20. Is willing and able to comply with the requirements of the protocol.

Exclusion Criteria:

1. Prior treatment with anti-CTLA-4 and anti-PD-(L)1 therapy. Note: Prior treatment with anti-PD-(L)1 therapy in the adjuvant setting is permitted if recurrence occurred \>6 months after the end of adjuvant treatment.
2. Patients with a condition requiring systemic treatment with either corticosteroids (\>10 mg daily prednisone equivalent) within 14 days or another immunosuppressive medication within 30 days of the first dose of study treatment. Inhaled or topical steroids, and adrenal replacement steroid dose ≤ 10 mg daily prednisone equivalent, are permitted in the absence of active autoimmune disease.
3. Prior allogeneic organ transplantation.
4. Surgical intervention within 4 weeks prior to study treatment, except for minor procedures such as port placement.
5. Prior allergic reaction or hypersensitivity to any of the study drug components.
6. Active autoimmune disease or history of autoimmune disease that required systemic treatment within 2 years before starting treatment, i.e., with use of disease-modifying agents or immunosuppressive drugs.
7. Clinically significant (i.e., active) cardiovascular disease: cerebral vascular accident/stroke or myocardial infarction within 6 months of enrollment, unstable angina, congestive heart failure (New York Heart Association class ≥ III), serious uncontrolled cardiac arrhythmia requiring medication.

   a. QTcF (QTc interval corrected using Fridericia's formula) of \> 480 ms.
8. Any persistent toxicities (Common Terminology Criteria for Adverse Events \[CTCAE\] grade ≥ 2) from prior cancer therapy, excluding endocrinopathies stable on medication, stable neuropathy that is grade 2 or less, and alopecia.
9. Active brain metastases or leptomeningeal metastases with the following exceptions:

   a. Treated brain metastases require a) surgical resection, or b) stereotactic radiosurgery. Whole-brain radiation is not allowed. Subjects must have also discontinued steroid treatment 28 days prior to enrollment for the purpose of managing their brain metastases and they must be asymptomatic and radiologically stable ≥28 days before enrollment.
10. Concurrent malignancy (present during screening) requiring treatment or history of prior malignancy active within 730 days (or 2 years) prior to enrollment, i.e., subjects with a history of prior malignancy are eligible if treatment was completed at least 730 days (or 2 years) before enrollment and the subject has no evidence of disease. Subjects with history of prior early-stage basal/squamous cell skin cancer, low-risk prostate cancer eligible for active surveillance or noninvasive or in situ cancers who have undergone definitive treatment at any time are also eligible.
11. Any evidence of current interstitial lung disease (ILD) or pneumonitis, or prior history of ILD or non-infectious pneumonitis requiring glucocorticoids.
12. Psychiatric or substance abuse disorders that would interfere with cooperation with the requirements of the study.
13. History or current evidence of any condition, co-morbidity, therapy, any active infections, or laboratory abnormality that might confound the results of the study, interfere with the patient's participation for the full duration of the study, or is not in the best interest of the patient to participate, in the opinion of the treating investigator.
14. Severe acute respiratory syndrome coronavirus 2 (SARS-CoV-2) vaccine or booster \< 7 days before C1D1. For vaccines requiring more than 1 dose, the full series should be completed prior to C1D1, when feasible. Booster shot not required but also must be administered \> 7 days from C1D1 or \> 7 days from future cycle on study.
15. Uncontrolled infection with human Immunodeficiency virus (HIV). Patients on stable highly active antiretroviral therapy (HAART) with undetectable viral load and normal CD4 counts for at least 6 months prior to study entry are eligible. Serological testing for HIV at screening is not required.
16. Known to be positive for hepatitis B virus (HBV) surface antigen, or any other positive test for HBV indicating acute or chronic infection. Subjects who are receiving or who have received anti-HBV therapy and have undetectable HBV DNA for at least 180 days prior to enrollment are eligible. Serological testing for HBV at screening is not required.
17. Known active hepatitis C virus (HCV) as determined by positive serology and confirmed by polymerase chain reaction (PCR). Subjects on or who have received antiretroviral therapy are eligible provided they are virus-free by PCR for at least 180 days prior to enrollment. Serological testing for HCV at screening is not required.
18. Known active tuberculosis. Tuberculosis testing at screening is required.
19. Grade 3 or above neuropathy at the time of enrollment.
20. Dependence on total parenteral nutrition or intravenous hydration.
21. Any other condition that would, in the Investigator's judgment, contraindicate the patient's participation in the clinical study due to safety concerns with clinical study procedures.
22. Prospective participants who, in the opinion of the investigator, may not be able to comply with all study procedures (including compliance issues related to feasibility/logistics).",Immune Oncology Research Institute,ClinicalTrials.gov,2024,"[""INTERVENTIONAL""]","[""Non-small Cell Lung Cancer""]","[{""type"": ""DRUG"", ""name"": ""Botensilimab + Balstilimab""}]",ACTIVE_NOT_RECRUITING,https://clinicaltrials.gov/study/NCT06322108
ClinicalTrials.gov,NCT05757843,,NCT05757843,,,,Using Circulating Tumor DNA to Personalize Duration of Consolidation Durvalumab in Patients with Inoperable Stage III Non-small Cell Lung Cancer: the Indiana Trial,"This research aims to incorporate ctDNA analysis into clinical practice to individualize therapy in patients with stage III NSCLC by moving to a treatment-by-marker based approach (as opposed to treatment based on clinical or radiographic evidence of disease). There is a critical need to identify MRD to determine which patients benefit from checkpoint inhibitor therapy and to optimize and personalize the duration of consolidation Durvalumab. The long-term goal is to incorporate ctDNA analysis into clinical practice to individualize therapy in patients with stage III NSCLC by moving to a treatment-by-marker based approach (as opposed to treatment based on clinical or radiographic evidence of disease). This approach may spare a subset of patients from treatment with unnecessarily excessive cycles of consolidation immunotherapy if they are already cured with CRT alone and individualize the duration of consolidation immunotherapy in patients not cured with CRT. The study team also seek to identify early in the treatment course, patients who are destined not to be cured with consolidation immunotherapy so that alternative strategies can be tested when tumor burden is low. Inclusion Criteria:

Age ≥ 18 years

Ability to provide written informed consent and HIPAA authorization

Patients with inoperable or unresectable stage III NSCLC who are planning to receive concurrent CRT followed by consolidation Durvalumab OR Patients with inoperable or unresectable stage III NSCLC who have previously received concurrent CRT and are planning or currently receiving C1-4 consolidation durvalumab

Must have viable tissue for ctDNA profiling, (fresh or archived tissue)

Exclusion Criteria:

Patient unwilling to provide tissue and blood samples for ctDNA testing.

Patient has contraindications to treatment with concurrent CRT and/or consolidation Durvalumab.

Patients with any other active cancer; excluding squamous cell or basal cell cancer.",Indiana University,ClinicalTrials.gov,2023,"[""INTERVENTIONAL""]","[""NSCLC, Stage III""]","[{""type"": ""DIAGNOSTIC_TEST"", ""name"": ""Signatera ctDNA test""}, {""type"": ""DRUG"", ""name"": ""Durvalumab""}]",WITHDRAWN,https://clinicaltrials.gov/study/NCT05757843
